rule,kc,scope,W,q,combine,cell,id,family,kept_n,kept_share,kept_mean,skipped_mean,diff,diff_top1_removed,control_pct,perm_p,loser_recall,loser_precision,winner_recall,winner_recall_weighted,top_decile_winners_skipped,kept_pf,kept_mean_slip8,sign_blocks,kept_win_rate,skipped_win_rate,go_raw,fold_thresholds
choch,2.0,all,,,,"{""kc"": 2, ""rule"": ""choch"", ""scope"": ""all""}",dc7448312b5f9102,h2/choch,2908,0.6532,-1034.75,-962.25,-72.5,-105.62,1.4,0.3723,0.3419,0.8323,0.6268,0.67,0.3143,0.323,-1424.72,4,0.1496,0.1677,False,"[None, None, None, None, None, None, None, None, None, None, None, None]"
choch,2.0,today,,,,"{""kc"": 2, ""rule"": ""choch"", ""scope"": ""today""}",b1fa1d50708a9a96,h2/choch,2951,0.6628,-1019.53,-990.11,-29.42,-125.96,0.2,0.7246,0.3342,0.8368,0.647,0.7107,0.2571,0.336,-1409.49,6,0.1522,0.1632,False,"[None, None, None, None, None, None, None, None, None, None, None, None]"
choch,3.0,all,,,,"{""kc"": 3, ""rule"": ""choch"", ""scope"": ""all""}",d12a4c627af70fcc,h2/choch,3731,0.8381,-1033.69,-884.99,-148.7,-117.23,0.0,0.1554,0.161,0.8391,0.8329,0.8334,0.1571,0.316,-1423.65,5,0.1549,0.1609,False,"[None, None, None, None, None, None, None, None, None, None, None, None]"
choch,3.0,today,,,,"{""kc"": 3, ""rule"": ""choch"", ""scope"": ""today""}",485e8f9a7784e40f,h2/choch,3762,0.845,-1016.78,-970.51,-46.27,-125.49,0.0,0.6752,0.1559,0.8493,0.8501,0.8714,0.1,0.328,-1406.74,6,0.1568,0.1507,False,"[None, None, None, None, None, None, None, None, None, None, None, None]"
choch,4.0,all,,,,"{""kc"": 4, ""rule"": ""choch"", ""scope"": ""all""}",d45da7c256a1bdac,h2/choch,4103,0.9216,-1015.87,-936.01,-79.86,-178.25,0.0,0.5952,0.0774,0.8338,0.9164,0.9298,0.0429,0.323,-1405.83,5,0.155,0.1662,False,"[None, None, None, None, None, None, None, None, None, None, None, None]"
choch,4.0,today,,,,"{""kc"": 4, ""rule"": ""choch"", ""scope"": ""today""}",3fb9395f9768fcfd,h2/choch,4122,0.9259,-1016.94,-917.97,-98.98,-191.62,0.0,0.5227,0.0737,0.8394,0.9236,0.9329,0.0429,0.323,-1406.91,4,0.1555,0.1606,False,"[None, None, None, None, None, None, None, None, None, None, None, None]"
range,,,1h,0.1,,"{""W"": ""1h"", ""q"": 0.1, ""rule"": ""range""}",96ede7eae0e249bd,h2/range,4002,0.8989,-1022.0,-899.37,-122.63,9.09,100.0,0.3468,0.0977,0.8156,0.8804,0.8357,0.2286,0.304,-1411.97,5,0.1527,0.1844,False,"[4.78359, 4.775589999999999, 4.78298, 4.7875499999999995, 4.820329999999999, 4.84508, 4.80098, 4.8086, 4.82846, 4.85566, 4.82558, 4.89839]"
range,,,1h,0.2,,"{""W"": ""1h"", ""q"": 0.2, ""rule"": ""range""}",48b274bedb2ee2ea,h2/range,3552,0.7978,-1034.69,-910.61,-124.08,-19.46,99.8,0.2079,0.1988,0.83,0.7795,0.7286,0.3429,0.298,-1424.66,3,0.1523,0.17,False,"[5.464379999999999, 5.47194, 5.4732400000000005, 5.48398, 5.52994, 5.51282, 5.48266, 5.4953, 5.50878, 5.53764, 5.51206, 5.58404]"
range,,,1h,0.3,,"{""W"": ""1h"", ""q"": 0.3, ""rule"": ""range""}",6ed5d9c4d6de5164,h2/range,3108,0.6981,-1062.77,-886.67,-176.1,-40.03,76.0,0.0415,0.2972,0.8311,0.6729,0.617,0.4714,0.286,-1452.73,1,0.1503,0.1689,False,"[5.93408, 5.9516100000000005, 5.9516100000000005, 5.97066, 6.00237, 5.9875, 5.97112, 5.97215, 5.982489999999999, 6.01486, 5.9923, 6.064500000000001]"
range,,,1h,0.4,,"{""W"": ""1h"", ""q"": 0.4, ""rule"": ""range""}",72bf239c6012b916,h2/range,2669,0.5995,-1074.26,-912.82,-161.44,-41.06,31.0,0.0385,0.3965,0.8357,0.5778,0.5285,0.5714,0.283,-1464.23,3,0.1502,0.1643,False,"[6.39882, 6.4221, 6.41608, 6.41078, 6.45414, 6.44834, 6.41892, 6.4177, 6.4344, 6.453, 6.46302, 6.50712]"
range,,,1h,0.5,,"{""W"": ""1h"", ""q"": 0.5, ""rule"": ""range""}",ed1049fc116e173f,h2/range,2227,0.5002,-1048.74,-970.44,-78.3,5.46,62.3,0.3223,0.4971,0.8396,0.4856,0.4637,0.6286,0.298,-1438.7,5,0.1513,0.1604,False,"[6.8352, 6.8809000000000005, 6.86045, 6.85835, 6.90315, 6.9008, 6.88345, 6.8694, 6.8718, 6.9042, 6.9098, 6.930149999999999]"
range,,,3h,0.1,,"{""W"": ""3h"", ""q"": 0.1, ""rule"": ""range""}",d0606c4a60d5b0da,h2/range,4003,0.8991,-1032.82,-802.67,-230.15,196.99,100.0,0.0695,0.0937,0.784,0.8602,0.7727,0.3143,0.286,-1422.78,6,0.1491,0.216,False,"[6.0120700000000005, 6.0436700000000005, 5.996880000000001, 6.13372, 6.2323, 6.221349999999999, 6.2323, 6.2272, 6.1357099999999996, 6.2113, 6.24376, 6.306190000000001]"
range,,,3h,0.2,,"{""W"": ""3h"", ""q"": 0.2, ""rule"": ""range""}",e91e86e923e02987,h2/range,3564,0.8005,-1031.3,-922.52,-108.78,132.63,100.0,0.2689,0.1903,0.8052,0.7507,0.6652,0.4571,0.279,-1421.27,5,0.1462,0.1948,False,"[8.19598, 8.29512, 8.21566, 8.32456, 8.37118, 8.37018, 8.31534, 8.37, 8.34092, 8.344380000000001, 8.37344, 8.40704]"
range,,,3h,0.3,,"{""W"": ""3h"", ""q"": 0.3, ""rule"": ""range""}",19e4aa324ff6248b,h2/range,3120,0.7008,-1049.81,-915.43,-134.38,62.76,100.0,0.1089,0.2871,0.8101,0.6354,0.5655,0.5571,0.27,-1439.78,5,0.1413,0.1899,False,"[9.542580000000001, 9.65563, 9.595659999999999, 9.649890000000001, 9.69193, 9.70192, 9.68296, 9.672699999999999, 9.685130000000001, 9.6791, 9.70052, 9.71738]"
range,,,3h,0.4,,"{""W"": ""3h"", ""q"": 0.4, ""rule"": ""range""}",bbfbc5c7d5ac9423,h2/range,2668,0.5993,-1043.62,-958.74,-84.88,46.13,100.0,0.3018,0.3901,0.8217,0.5418,0.4819,0.5714,0.27,-1433.59,5,0.1409,0.1783,False,"[10.59984, 10.722420000000001, 10.64666, 10.68084, 10.773859999999999, 10.81598, 10.708160000000001, 10.7403, 10.72086, 10.6905, 10.78242, 10.86692]"
range,,,3h,0.5,,"{""W"": ""3h"", ""q"": 0.5, ""rule"": ""range""}",c4b274e0f37d41cb,h2/range,2232,0.5013,-1050.6,-968.39,-82.21,7.66,99.7,0.3028,0.4864,0.8234,0.4352,0.3933,0.6429,0.264,-1440.56,4,0.1353,0.1766,False,"[11.7137, 11.8149, 11.77525, 11.76075, 11.847249999999999, 11.823599999999999, 11.77525, 11.804649999999999, 11.78715, 11.7185, 11.8445, 11.92725]"
range,,,since_choch,0.1,,"{""W"": ""since_choch"", ""q"": 0.1, ""rule"": ""range""}",9d329df4bd303daf,h2/range,4005,0.8996,-987.15,-1210.83,223.69,103.63,86.0,0.083,0.1064,0.8949,0.9323,0.9498,0.0429,0.34,-1377.11,10,0.1615,0.1051,False,"[1.29943, 1.3025, 1.2948899999999999, 1.293, 1.293, 1.30476, 1.30341, 1.3037, 1.30387, 1.30834, 1.3028, 1.30619]"
range,,,since_choch,0.2,,"{""W"": ""since_choch"", ""q"": 0.2, ""rule"": ""range""}",67108d1d3c8babf9,h2/range,3558,0.7992,-986.92,-1099.9,112.97,72.9,43.1,0.2549,0.2094,0.8803,0.8458,0.8698,0.1429,0.347,-1376.89,8,0.165,0.1197,False,"[1.50834, 1.5074800000000002, 1.50204, 1.4985199999999999, 1.49802, 1.51364, 1.50884, 1.5074, 1.50838, 1.5187600000000003, 1.50648, 1.5152800000000002]"
range,,,since_choch,0.3,,"{""W"": ""since_choch"", ""q"": 0.3, ""rule"": ""range""}",07bdb9dc5793f420,h2/range,3120,0.7008,-1010.68,-1007.1,-3.58,-11.39,7.5,0.965,0.3076,0.8679,0.7464,0.7651,0.2571,0.342,-1400.64,5,0.166,0.1321,False,"[1.6822599999999999, 1.67711, 1.67573, 1.67007, 1.67049, 1.6823299999999999, 1.6883299999999999, 1.6823, 1.6833799999999999, 1.69066, 1.6845599999999998, 1.6906700000000001]"
range,,,since_choch,0.4,,"{""W"": ""since_choch"", ""q"": 0.4, ""rule"": ""range""}",2e4e6fe23f82914e,h2/range,2672,0.6002,-993.01,-1034.53,41.52,28.92,5.6,0.6237,0.4117,0.8691,0.6643,0.6865,0.3286,0.356,-1382.97,5,0.1725,0.1309,False,"[1.83424, 1.83414, 1.83354, 1.82782, 1.82806, 1.83664, 1.84078, 1.8386, 1.83752, 1.84556, 1.84144, 1.84488]"
range,,,since_choch,0.5,,"{""W"": ""since_choch"", ""q"": 0.5, ""rule"": ""range""}",68b11472cf2459ed,h2/range,2227,0.5002,-974.12,-1045.12,71.0,14.66,7.3,0.3673,0.5144,0.8688,0.5793,0.6106,0.4,0.376,-1364.09,6,0.1805,0.1312,False,"[2.0119499999999997, 2.02075, 2.0218, 2.00425, 2.0105500000000003, 2.0174, 2.0262000000000002, 2.01905, 2.02455, 2.037, 2.0301, 2.03125]"
both,2.0,all,1h,0.1,OR,"{""W"": ""1h"", ""combine"": ""OR"", ""kc"": 2, ""q"": 0.1, ""rule"": ""both"", ""scope"": ""all""}",2af16d0794c6db7b,h2/both,2613,0.5869,-1047.26,-956.11,-91.15,-98.11,74.7,0.2399,0.4063,0.8303,0.5504,0.5521,0.4857,0.302,-1437.22,4,0.1462,0.1697,False,"[4.78359, 4.775589999999999, 4.78298, 4.7875499999999995, 4.820329999999999, 4.84508, 4.80098, 4.8086, 4.82846, 4.85566, 4.82558, 4.89839]"
both,2.0,all,1h,0.1,AND,"{""W"": ""1h"", ""combine"": ""AND"", ""kc"": 2, ""q"": 0.1, ""rule"": ""both"", ""scope"": ""all""}",6318a6a3e3c79915,h2/both,4297,0.9652,-1015.27,-852.56,-162.72,20.08,89.6,0.4418,0.0333,0.8065,0.9568,0.9536,0.0571,0.319,-1405.24,7,0.1545,0.1935,False,"[4.78359, 4.775589999999999, 4.78298, 4.7875499999999995, 4.820329999999999, 4.84508, 4.80098, 4.8086, 4.82846, 4.85566, 4.82558, 4.89839]"
both,2.0,all,1h,0.2,OR,"{""W"": ""1h"", ""combine"": ""OR"", ""kc"": 2, ""q"": 0.2, ""rule"": ""both"", ""scope"": ""all""}",9c3720458bf7d60c,h2/both,2317,0.5204,-1055.94,-959.32,-96.62,-82.58,57.8,0.2194,0.4747,0.8356,0.4942,0.4862,0.5571,0.298,-1445.91,3,0.148,0.1644,False,"[5.464379999999999, 5.47194, 5.4732400000000005, 5.48398, 5.52994, 5.51282, 5.48266, 5.4953, 5.50878, 5.53764, 5.51206, 5.58404]"
both,2.0,all,1h,0.2,AND,"{""W"": ""1h"", ""combine"": ""AND"", ""kc"": 2, ""q"": 0.2, ""rule"": ""both"", ""scope"": ""all""}",dc08757f9c711365,h2/both,4143,0.9306,-1022.85,-832.07,-190.78,-100.41,42.7,0.2274,0.066,0.8026,0.9121,0.9124,0.1,0.316,-1412.81,5,0.1528,0.1974,False,"[5.464379999999999, 5.47194, 5.4732400000000005, 5.48398, 5.52994, 5.51282, 5.48266, 5.4953, 5.50878, 5.53764, 5.51206, 5.58404]"
both,2.0,all,1h,0.3,OR,"{""W"": ""1h"", ""combine"": ""OR"", ""kc"": 2, ""q"": 0.3, ""rule"": ""both"", ""scope"": ""all""}",34bb921c7a3f8ce2,h2/both,2048,0.46,-1065.12,-962.31,-102.81,-64.58,36.8,0.1939,0.5357,0.8374,0.4366,0.4264,0.6286,0.295,-1455.09,5,0.1479,0.1626,False,"[5.93408, 5.9516100000000005, 5.9516100000000005, 5.97066, 6.00237, 5.9875, 5.97112, 5.97215, 5.982489999999999, 6.01486, 5.9923, 6.064500000000001]"
both,2.0,all,1h,0.3,AND,"{""W"": ""1h"", ""combine"": ""AND"", ""kc"": 2, ""q"": 0.3, ""rule"": ""both"", ""scope"": ""all""}",8aaa3624baef9a6f,h2/both,3968,0.8913,-1041.02,-752.05,-288.97,-169.12,4.5,0.0205,0.1035,0.8037,0.8631,0.8606,0.1571,0.308,-1430.99,2,0.151,0.1963,False,"[5.93408, 5.9516100000000005, 5.9516100000000005, 5.97066, 6.00237, 5.9875, 5.97112, 5.97215, 5.982489999999999, 6.01486, 5.9923, 6.064500000000001]"
both,2.0,all,1h,0.4,OR,"{""W"": ""1h"", ""combine"": ""OR"", ""kc"": 2, ""q"": 0.4, ""rule"": ""both"", ""scope"": ""all""}",ee7329fcc8d9d3d5,h2/both,1749,0.3929,-1076.56,-966.29,-110.27,-75.57,13.7,0.1894,0.6032,0.8387,0.3718,0.3647,0.7,0.293,-1466.52,3,0.1475,0.1613,False,"[6.39882, 6.4221, 6.41608, 6.41078, 6.45414, 6.44834, 6.41892, 6.4177, 6.4344, 6.453, 6.46302, 6.50712]"
both,2.0,all,1h,0.4,AND,"{""W"": ""1h"", ""combine"": ""AND"", ""kc"": 2, ""q"": 0.4, ""rule"": ""both"", ""scope"": ""all""}",672e373bb2ebfb08,h2/both,3828,0.8598,-1043.2,-803.54,-239.66,-131.22,1.9,0.0295,0.1352,0.8141,0.8329,0.8338,0.1857,0.309,-1433.16,3,0.151,0.1859,False,"[6.39882, 6.4221, 6.41608, 6.41078, 6.45414, 6.44834, 6.41892, 6.4177, 6.4344, 6.453, 6.46302, 6.50712]"
both,2.0,all,1h,0.5,OR,"{""W"": ""1h"", ""combine"": ""OR"", ""kc"": 2, ""q"": 0.5, ""rule"": ""both"", ""scope"": ""all""}",7287365c41a5cb38,h2/both,1470,0.3302,-1038.06,-995.58,-42.47,-40.73,42.0,0.6042,0.6676,0.8414,0.3184,0.3277,0.7286,0.315,-1428.02,5,0.1503,0.1586,False,"[6.8352, 6.8809000000000005, 6.86045, 6.85835, 6.90315, 6.9008, 6.88345, 6.8694, 6.8718, 6.9042, 6.9098, 6.930149999999999]"
both,2.0,all,1h,0.5,AND,"{""W"": ""1h"", ""combine"": ""AND"", ""kc"": 2, ""q"": 0.5, ""rule"": ""both"", ""scope"": ""all""}",26ddbdc9a908279a,h2/both,3665,0.8232,-1041.92,-859.11,-182.82,-93.5,1.5,0.0745,0.1714,0.8183,0.7939,0.806,0.2143,0.311,-1431.89,3,0.1503,0.1817,False,"[6.8352, 6.8809000000000005, 6.86045, 6.85835, 6.90315, 6.9008, 6.88345, 6.8694, 6.8718, 6.9042, 6.9098, 6.930149999999999]"
both,2.0,all,3h,0.1,OR,"{""W"": ""3h"", ""combine"": ""OR"", ""kc"": 2, ""q"": 0.1, ""rule"": ""both"", ""scope"": ""all""}",44fa4564f40310f3,h2/both,2583,0.5802,-1041.08,-966.12,-74.96,-40.12,99.2,0.3338,0.4125,0.8293,0.5403,0.5277,0.5143,0.296,-1431.04,4,0.1452,0.1707,False,"[6.0120700000000005, 6.0436700000000005, 5.996880000000001, 6.13372, 6.2323, 6.221349999999999, 6.2323, 6.2272, 6.1357099999999996, 6.2113, 6.24376, 6.306190000000001]"
both,2.0,all,3h,0.1,AND,"{""W"": ""3h"", ""combine"": ""AND"", ""kc"": 2, ""q"": 0.1, ""rule"": ""both"", ""scope"": ""all""}",a3fd4f79a63b43ca,h2/both,4328,0.9721,-1029.19,-326.16,-703.03,130.07,99.6,0.003,0.0232,0.7016,0.9467,0.915,0.1143,0.305,-1419.15,6,0.1518,0.2984,False,"[6.0120700000000005, 6.0436700000000005, 5.996880000000001, 6.13372, 6.2323, 6.221349999999999, 6.2323, 6.2272, 6.1357099999999996, 6.2113, 6.24376, 6.306190000000001]"
both,2.0,all,3h,0.2,OR,"{""W"": ""3h"", ""combine"": ""OR"", ""kc"": 2, ""q"": 0.2, ""rule"": ""both"", ""scope"": ""all""}",b74f66af25c8ead3,h2/both,2292,0.5148,-1030.39,-987.56,-42.83,-1.62,99.9,0.5892,0.4784,0.8324,0.4784,0.4558,0.6143,0.292,-1420.35,5,0.1449,0.1676,False,"[8.19598, 8.29512, 8.21566, 8.32456, 8.37118, 8.37018, 8.31534, 8.37, 8.34092, 8.344380000000001, 8.37344, 8.40704]"
both,2.0,all,3h,0.2,AND,"{""W"": ""3h"", ""combine"": ""AND"", ""kc"": 2, ""q"": 0.2, ""rule"": ""both"", ""scope"": ""all""}",765c292e8b409b2c,h2/both,4180,0.9389,-1034.21,-631.58,-402.63,-44.93,95.3,0.0155,0.0538,0.7426,0.8991,0.8794,0.1571,0.303,-1424.17,4,0.1493,0.2574,False,"[8.19598, 8.29512, 8.21566, 8.32456, 8.37118, 8.37018, 8.31534, 8.37, 8.34092, 8.344380000000001, 8.37344, 8.40704]"
both,2.0,all,3h,0.3,OR,"{""W"": ""3h"", ""combine"": ""OR"", ""kc"": 2, ""q"": 0.3, ""rule"": ""both"", ""scope"": ""all""}",4202ef6bb5cafa8c,h2/both,1987,0.4463,-1043.21,-982.52,-60.68,-10.85,98.5,0.4458,0.5458,0.832,0.4035,0.3894,0.6857,0.287,-1433.17,4,0.1409,0.168,False,"[9.542580000000001, 9.65563, 9.595659999999999, 9.649890000000001, 9.69193, 9.70192, 9.68296, 9.672699999999999, 9.685130000000001, 9.6791, 9.70052, 9.71738]"
both,2.0,all,3h,0.3,AND,"{""W"": ""3h"", ""combine"": ""AND"", ""kc"": 2, ""q"": 0.3, ""rule"": ""both"", ""scope"": ""all""}",138cebc82f6a36bc,h2/both,4041,0.9077,-1042.22,-688.92,-353.31,-98.59,63.5,0.0075,0.0833,0.7616,0.8588,0.8461,0.1857,0.301,-1432.19,5,0.1475,0.2384,False,"[9.542580000000001, 9.65563, 9.595659999999999, 9.649890000000001, 9.69193, 9.70192, 9.68296, 9.672699999999999, 9.685130000000001, 9.6791, 9.70052, 9.71738]"
both,2.0,all,3h,0.4,OR,"{""W"": ""3h"", ""combine"": ""OR"", ""kc"": 2, ""q"": 0.4, ""rule"": ""both"", ""scope"": ""all""}",3eca0b474df5dc5f,h2/both,1700,0.3819,-1053.95,-982.22,-71.73,-33.49,94.2,0.3693,0.6094,0.8321,0.3343,0.3232,0.7,0.279,-1443.91,4,0.1365,0.1679,False,"[10.59984, 10.722420000000001, 10.64666, 10.68084, 10.773859999999999, 10.81598, 10.708160000000001, 10.7403, 10.72086, 10.6905, 10.78242, 10.86692]"
both,2.0,all,3h,0.4,AND,"{""W"": ""3h"", ""combine"": ""AND"", ""kc"": 2, ""q"": 0.4, ""rule"": ""both"", ""scope"": ""all""}",350a4b5626f08f08,h2/both,3876,0.8706,-1032.44,-855.97,-176.47,-44.3,63.4,0.1229,0.1227,0.8003,0.8343,0.8287,0.1857,0.307,-1422.4,4,0.1494,0.1997,False,"[10.59984, 10.722420000000001, 10.64666, 10.68084, 10.773859999999999, 10.81598, 10.708160000000001, 10.7403, 10.72086, 10.6905, 10.78242, 10.86692]"
both,2.0,all,3h,0.5,OR,"{""W"": ""3h"", ""combine"": ""OR"", ""kc"": 2, ""q"": 0.5, ""rule"": ""both"", ""scope"": ""all""}",8212abcea40d9cfd,h2/both,1427,0.3205,-1056.03,-987.71,-68.32,-37.92,77.3,0.4333,0.6703,0.8327,0.2709,0.2641,0.7571,0.273,-1445.99,4,0.1317,0.1673,False,"[11.7137, 11.8149, 11.77525, 11.76075, 11.847249999999999, 11.823599999999999, 11.77525, 11.804649999999999, 11.78715, 11.7185, 11.8445, 11.92725]"
both,2.0,all,3h,0.5,AND,"{""W"": ""3h"", ""combine"": ""AND"", ""kc"": 2, ""q"": 0.5, ""rule"": ""both"", ""scope"": ""all""}",ead045a47200a092,h2/both,3713,0.834,-1036.1,-876.49,-159.61,-99.6,31.8,0.1314,0.1581,0.8038,0.7911,0.7992,0.2,0.308,-1426.07,3,0.1479,0.1962,False,"[11.7137, 11.8149, 11.77525, 11.76075, 11.847249999999999, 11.823599999999999, 11.77525, 11.804649999999999, 11.78715, 11.7185, 11.8445, 11.92725]"
both,2.0,all,since_choch,0.1,OR,"{""W"": ""since_choch"", ""combine"": ""OR"", ""kc"": 2, ""q"": 0.1, ""rule"": ""both"", ""scope"": ""all""}",ef612d2c6d9a4d74,h2/both,2681,0.6022,-1024.26,-987.42,-36.84,-76.86,5.5,0.6652,0.3968,0.8419,0.5965,0.6368,0.3429,0.332,-1414.23,5,0.1544,0.1581,False,"[1.29943, 1.3025, 1.2948899999999999, 1.293, 1.293, 1.30476, 1.30341, 1.3037, 1.30387, 1.30834, 1.3028, 1.30619]"
both,2.0,all,since_choch,0.1,AND,"{""W"": ""since_choch"", ""combine"": ""AND"", ""kc"": 2, ""q"": 0.1, ""rule"": ""both"", ""scope"": ""all""}",893b139c5f337602,h2/both,4232,0.9506,-996.35,-1264.71,268.37,82.08,65.2,0.1499,0.0516,0.8818,0.9625,0.983,0.0143,0.333,-1386.31,10,0.1578,0.1182,False,"[1.29943, 1.3025, 1.2948899999999999, 1.293, 1.293, 1.30476, 1.30341, 1.3037, 1.30387, 1.30834, 1.3028, 1.30619]"
both,2.0,all,since_choch,0.2,OR,"{""W"": ""since_choch"", ""combine"": ""OR"", ""kc"": 2, ""q"": 0.2, ""rule"": ""both"", ""scope"": ""all""}",d0dae4b7ee9ce721,h2/both,2413,0.542,-1037.29,-976.85,-60.44,-78.72,0.8,0.4663,0.458,0.844,0.5418,0.5802,0.4,0.332,-1427.26,4,0.1558,0.156,False,"[1.50834, 1.5074800000000002, 1.50204, 1.4985199999999999, 1.49802, 1.51364, 1.50884, 1.5074, 1.50838, 1.5187600000000003, 1.50648, 1.5152800000000002]"
both,2.0,all,since_choch,0.2,AND,"{""W"": ""since_choch"", ""combine"": ""AND"", ""kc"": 2, ""q"": 0.2, ""rule"": ""both"", ""scope"": ""all""}",c7c873f9c0bde3f6,h2/both,4053,0.9104,-991.25,-1196.07,204.82,89.44,54.1,0.1334,0.0934,0.8797,0.9308,0.9596,0.0571,0.338,-1381.22,8,0.1594,0.1203,False,"[1.50834, 1.5074800000000002, 1.50204, 1.4985199999999999, 1.49802, 1.51364, 1.50884, 1.5074, 1.50838, 1.5187600000000003, 1.50648, 1.5152800000000002]"
both,2.0,all,since_choch,0.3,OR,"{""W"": ""since_choch"", ""combine"": ""OR"", ""kc"": 2, ""q"": 0.3, ""rule"": ""both"", ""scope"": ""all""}",9d9f21c1cca4309f,h2/both,2156,0.4843,-1049.61,-972.04,-77.56,-93.51,0.2,0.3218,0.5168,0.8458,0.4899,0.5273,0.4571,0.333,-1439.57,5,0.1577,0.1542,False,"[1.6822599999999999, 1.67711, 1.67573, 1.67007, 1.67049, 1.6823299999999999, 1.6883299999999999, 1.6823, 1.6833799999999999, 1.69066, 1.6845599999999998, 1.6906700000000001]"
both,2.0,all,since_choch,0.3,AND,"{""W"": ""since_choch"", ""combine"": ""AND"", ""kc"": 2, ""q"": 0.3, ""rule"": ""both"", ""scope"": ""all""}",fb993e1e87f2dae1,h2/both,3872,0.8697,-1007.08,-1026.47,19.39,-26.14,25.6,0.8726,0.1328,0.8603,0.8833,0.9078,0.1143,0.333,-1397.05,6,0.1583,0.1397,False,"[1.6822599999999999, 1.67711, 1.67573, 1.67007, 1.67049, 1.6823299999999999, 1.6883299999999999, 1.6823, 1.6833799999999999, 1.69066, 1.6845599999999998, 1.6906700000000001]"
both,2.0,all,since_choch,0.4,OR,"{""W"": ""since_choch"", ""combine"": ""OR"", ""kc"": 2, ""q"": 0.4, ""rule"": ""both"", ""scope"": ""all""}",7694214c74c58d96,h2/both,1875,0.4212,-1022.5,-1000.23,-22.27,-55.82,0.8,0.7936,0.5828,0.8498,0.4424,0.4907,0.4857,0.354,-1412.46,6,0.1637,0.1502,False,"[1.83424, 1.83414, 1.83354, 1.82782, 1.82806, 1.83664, 1.84078, 1.8386, 1.83752, 1.84556, 1.84144, 1.84488]"
both,2.0,all,since_choch,0.4,AND,"{""W"": ""since_choch"", ""combine"": ""AND"", ""kc"": 2, ""q"": 0.4, ""rule"": ""both"", ""scope"": ""all""}",4eb84bad0e6c6e93,h2/both,3705,0.8322,-1010.85,-1003.45,-7.4,-24.26,8.3,0.937,0.1708,0.8594,0.8487,0.8658,0.1571,0.331,-1400.81,6,0.159,0.1406,False,"[1.83424, 1.83414, 1.83354, 1.82782, 1.82806, 1.83664, 1.84078, 1.8386, 1.83752, 1.84556, 1.84144, 1.84488]"
both,2.0,all,since_choch,0.5,OR,"{""W"": ""since_choch"", ""combine"": ""OR"", ""kc"": 2, ""q"": 0.5, ""rule"": ""both"", ""scope"": ""all""}",67de6fd4450b39fc,h2/both,1602,0.3598,-1004.78,-1012.32,7.54,-63.28,0.8,0.9235,0.6464,0.8523,0.3934,0.4453,0.5429,0.372,-1394.75,6,0.1704,0.1477,False,"[2.0119499999999997, 2.02075, 2.0218, 2.00425, 2.0105500000000003, 2.0174, 2.0262000000000002, 2.01905, 2.02455, 2.037, 2.0301, 2.03125]"
both,2.0,all,since_choch,0.5,AND,"{""W"": ""since_choch"", ""combine"": ""AND"", ""kc"": 2, ""q"": 0.5, ""rule"": ""both"", ""scope"": ""all""}",1bb1a9df0e95b33b,h2/both,3533,0.7936,-1010.13,-1007.61,-2.51,-34.8,7.8,0.976,0.21,0.8585,0.8127,0.8353,0.1714,0.334,-1400.09,5,0.1596,0.1415,False,"[2.0119499999999997, 2.02075, 2.0218, 2.00425, 2.0105500000000003, 2.0174, 2.0262000000000002, 2.01905, 2.02455, 2.037, 2.0301, 2.03125]"
both,2.0,today,1h,0.1,OR,"{""W"": ""1h"", ""combine"": ""OR"", ""kc"": 2, ""q"": 0.1, ""rule"": ""both"", ""scope"": ""today""}",1dfb8c6178d372ea,h2/both,2622,0.5889,-1047.19,-955.76,-91.43,-111.41,66.8,0.2784,0.4045,0.8306,0.5533,0.5589,0.4714,0.304,-1437.16,4,0.1465,0.1694,False,"[4.78359, 4.775589999999999, 4.78298, 4.7875499999999995, 4.820329999999999, 4.84508, 4.80098, 4.8086, 4.82846, 4.85566, 4.82558, 4.89839]"
both,2.0,today,1h,0.1,AND,"{""W"": ""1h"", ""combine"": ""AND"", ""kc"": 2, ""q"": 0.1, ""rule"": ""both"", ""scope"": ""today""}",46cb7041369f74f9,h2/both,4331,0.9728,-1005.07,-1172.18,167.11,-14.96,40.7,0.4963,0.0274,0.8512,0.9741,0.9875,0.0143,0.327,-1395.03,7,0.1561,0.1488,False,"[4.78359, 4.775589999999999, 4.78298, 4.7875499999999995, 4.820329999999999, 4.84508, 4.80098, 4.8086, 4.82846, 4.85566, 4.82558, 4.89839]"
both,2.0,today,1h,0.2,OR,"{""W"": ""1h"", ""combine"": ""OR"", ""kc"": 2, ""q"": 0.2, ""rule"": ""both"", ""scope"": ""today""}",b009652595e44b91,h2/both,2319,0.5209,-1049.57,-966.16,-83.41,-82.99,56.0,0.2844,0.4745,0.8359,0.4957,0.4929,0.5429,0.302,-1439.53,4,0.1483,0.1641,False,"[5.464379999999999, 5.47194, 5.4732400000000005, 5.48398, 5.52994, 5.51282, 5.48266, 5.4953, 5.50878, 5.53764, 5.51206, 5.58404]"
both,2.0,today,1h,0.2,AND,"{""W"": ""1h"", ""combine"": ""AND"", ""kc"": 2, ""q"": 0.2, ""rule"": ""both"", ""scope"": ""today""}",b2ab835b012a381a,h2/both,4184,0.9398,-1015.75,-913.74,-102.01,-186.98,7.3,0.5247,0.0585,0.8209,0.9308,0.9464,0.0571,0.323,-1405.71,4,0.1544,0.1791,False,"[5.464379999999999, 5.47194, 5.4732400000000005, 5.48398, 5.52994, 5.51282, 5.48266, 5.4953, 5.50878, 5.53764, 5.51206, 5.58404]"
both,2.0,today,1h,0.3,OR,"{""W"": ""1h"", ""combine"": ""OR"", ""kc"": 2, ""q"": 0.3, ""rule"": ""both"", ""scope"": ""today""}",ca9609b1e6e4466a,h2/both,2050,0.4605,-1057.9,-968.39,-89.51,-64.98,36.7,0.2634,0.5354,0.8376,0.438,0.4331,0.6143,0.299,-1447.87,5,0.1483,0.1624,False,"[5.93408, 5.9516100000000005, 5.9516100000000005, 5.97066, 6.00237, 5.9875, 5.97112, 5.97215, 5.982489999999999, 6.01486, 5.9923, 6.064500000000001]"
both,2.0,today,1h,0.3,AND,"{""W"": ""1h"", ""combine"": ""AND"", ""kc"": 2, ""q"": 0.3, ""rule"": ""both"", ""scope"": ""today""}",d51b437ff7ad248b,h2/both,4009,0.9005,-1033.43,-794.06,-239.37,-228.47,0.2,0.0675,0.0961,0.8149,0.8818,0.8946,0.1143,0.316,-1423.39,2,0.1527,0.1851,False,"[5.93408, 5.9516100000000005, 5.9516100000000005, 5.97066, 6.00237, 5.9875, 5.97112, 5.97215, 5.982489999999999, 6.01486, 5.9923, 6.064500000000001]"
both,2.0,today,1h,0.4,OR,"{""W"": ""1h"", ""combine"": ""OR"", ""kc"": 2, ""q"": 0.4, ""rule"": ""both"", ""scope"": ""today""}",cecd10f5bb293110,h2/both,1749,0.3929,-1076.56,-966.29,-110.27,-75.57,13.3,0.1904,0.6032,0.8387,0.3718,0.3647,0.7,0.293,-1466.52,3,0.1475,0.1613,False,"[6.39882, 6.4221, 6.41608, 6.41078, 6.45414, 6.44834, 6.41892, 6.4177, 6.4344, 6.453, 6.46302, 6.50712]"
both,2.0,today,1h,0.4,AND,"{""W"": ""1h"", ""combine"": ""AND"", ""kc"": 2, ""q"": 0.4, ""rule"": ""both"", ""scope"": ""today""}",52d1c19f378ece1a,h2/both,3871,0.8695,-1031.5,-863.76,-167.74,-176.21,0.0,0.1529,0.1275,0.8244,0.853,0.8744,0.1286,0.319,-1421.46,2,0.1529,0.1756,False,"[6.39882, 6.4221, 6.41608, 6.41078, 6.45414, 6.44834, 6.41892, 6.4177, 6.4344, 6.453, 6.46302, 6.50712]"
both,2.0,today,1h,0.5,OR,"{""W"": ""1h"", ""combine"": ""OR"", ""kc"": 2, ""q"": 0.5, ""rule"": ""both"", ""scope"": ""today""}",dbbbeb8ac912138d,h2/both,1470,0.3302,-1038.06,-995.58,-42.47,-40.73,43.3,0.6217,0.6676,0.8414,0.3184,0.3277,0.7286,0.315,-1428.02,5,0.1503,0.1586,False,"[6.8352, 6.8809000000000005, 6.86045, 6.85835, 6.90315, 6.9008, 6.88345, 6.8694, 6.8718, 6.9042, 6.9098, 6.930149999999999]"
both,2.0,today,1h,0.5,AND,"{""W"": ""1h"", ""combine"": ""AND"", ""kc"": 2, ""q"": 0.5, ""rule"": ""both"", ""scope"": ""today""}",919fda2fa5692f5e,h2/both,3708,0.8329,-1029.72,-909.35,-120.37,-128.01,0.1,0.2539,0.1637,0.8266,0.8141,0.8467,0.1571,0.322,-1419.69,2,0.1524,0.1734,False,"[6.8352, 6.8809000000000005, 6.86045, 6.85835, 6.90315, 6.9008, 6.88345, 6.8694, 6.8718, 6.9042, 6.9098, 6.930149999999999]"
both,2.0,today,3h,0.1,OR,"{""W"": ""3h"", ""combine"": ""OR"", ""kc"": 2, ""q"": 0.1, ""rule"": ""both"", ""scope"": ""today""}",3c8093c80b54dfed,h2/both,2583,0.5802,-1041.08,-966.12,-74.96,-40.12,99.0,0.3593,0.4125,0.8293,0.5403,0.5277,0.5143,0.296,-1431.04,4,0.1452,0.1707,False,"[6.0120700000000005, 6.0436700000000005, 5.996880000000001, 6.13372, 6.2323, 6.221349999999999, 6.2323, 6.2272, 6.1357099999999996, 6.2113, 6.24376, 6.306190000000001]"
both,2.0,today,3h,0.1,AND,"{""W"": ""3h"", ""combine"": ""AND"", ""kc"": 2, ""q"": 0.1, ""rule"": ""both"", ""scope"": ""today""}",55332b97fe337f24,h2/both,4371,0.9818,-1018.96,-504.72,-514.25,-51.47,80.0,0.078,0.0154,0.716,0.9669,0.9556,0.0571,0.315,-1408.93,4,0.1535,0.284,False,"[6.0120700000000005, 6.0436700000000005, 5.996880000000001, 6.13372, 6.2323, 6.221349999999999, 6.2323, 6.2272, 6.1357099999999996, 6.2113, 6.24376, 6.306190000000001]"
both,2.0,today,3h,0.2,OR,"{""W"": ""3h"", ""combine"": ""OR"", ""kc"": 2, ""q"": 0.2, ""rule"": ""both"", ""scope"": ""today""}",72e6d19f3790a505,h2/both,2292,0.5148,-1030.39,-987.56,-42.83,-1.62,99.8,0.5757,0.4784,0.8324,0.4784,0.4558,0.6143,0.292,-1420.35,5,0.1449,0.1676,False,"[8.19598, 8.29512, 8.21566, 8.32456, 8.37118, 8.37018, 8.31534, 8.37, 8.34092, 8.344380000000001, 8.37344, 8.40704]"
both,2.0,today,3h,0.2,AND,"{""W"": ""3h"", ""combine"": ""AND"", ""kc"": 2, ""q"": 0.2, ""rule"": ""both"", ""scope"": ""today""}",eab2627f8846a124,h2/both,4223,0.9486,-1023.57,-752.09,-271.48,-140.08,64.6,0.1159,0.046,0.7555,0.9193,0.9201,0.1,0.313,-1413.54,5,0.1511,0.2445,False,"[8.19598, 8.29512, 8.21566, 8.32456, 8.37118, 8.37018, 8.31534, 8.37, 8.34092, 8.344380000000001, 8.37344, 8.40704]"
both,2.0,today,3h,0.3,OR,"{""W"": ""3h"", ""combine"": ""OR"", ""kc"": 2, ""q"": 0.3, ""rule"": ""both"", ""scope"": ""today""}",9962e0c3539051c5,h2/both,1987,0.4463,-1043.21,-982.52,-60.68,-10.85,98.3,0.4678,0.5458,0.832,0.4035,0.3894,0.6857,0.287,-1433.17,4,0.1409,0.168,False,"[9.542580000000001, 9.65563, 9.595659999999999, 9.649890000000001, 9.69193, 9.70192, 9.68296, 9.672699999999999, 9.685130000000001, 9.6791, 9.70052, 9.71738]"
both,2.0,today,3h,0.3,AND,"{""W"": ""3h"", ""combine"": ""AND"", ""kc"": 2, ""q"": 0.3, ""rule"": ""both"", ""scope"": ""today""}",290995790907dcec,h2/both,4084,0.9173,-1031.14,-770.61,-260.54,-164.61,21.9,0.066,0.0756,0.7717,0.879,0.8868,0.1286,0.311,-1421.11,5,0.1494,0.2283,False,"[9.542580000000001, 9.65563, 9.595659999999999, 9.649890000000001, 9.69193, 9.70192, 9.68296, 9.672699999999999, 9.685130000000001, 9.6791, 9.70052, 9.71738]"
both,2.0,today,3h,0.4,OR,"{""W"": ""3h"", ""combine"": ""OR"", ""kc"": 2, ""q"": 0.4, ""rule"": ""both"", ""scope"": ""today""}",00b553f55d54aa89,h2/both,1700,0.3819,-1053.95,-982.22,-71.73,-33.49,94.6,0.3763,0.6094,0.8321,0.3343,0.3232,0.7,0.279,-1443.91,4,0.1365,0.1679,False,"[10.59984, 10.722420000000001, 10.64666, 10.68084, 10.773859999999999, 10.81598, 10.708160000000001, 10.7403, 10.72086, 10.6905, 10.78242, 10.86692]"
both,2.0,today,3h,0.4,AND,"{""W"": ""3h"", ""combine"": ""AND"", ""kc"": 2, ""q"": 0.4, ""rule"": ""both"", ""scope"": ""today""}",d69cbc75c5270454,h2/both,3919,0.8803,-1021.0,-925.85,-95.15,-87.53,25.6,0.4158,0.115,0.8105,0.8545,0.8694,0.1286,0.317,-1410.96,4,0.1513,0.1895,False,"[10.59984, 10.722420000000001, 10.64666, 10.68084, 10.773859999999999, 10.81598, 10.708160000000001, 10.7403, 10.72086, 10.6905, 10.78242, 10.86692]"
both,2.0,today,3h,0.5,OR,"{""W"": ""3h"", ""combine"": ""OR"", ""kc"": 2, ""q"": 0.5, ""rule"": ""both"", ""scope"": ""today""}",3d610e9fa67448ab,h2/both,1427,0.3205,-1056.03,-987.71,-68.32,-37.92,75.5,0.4228,0.6703,0.8327,0.2709,0.2641,0.7571,0.273,-1445.99,4,0.1317,0.1673,False,"[11.7137, 11.8149, 11.77525, 11.76075, 11.847249999999999, 11.823599999999999, 11.77525, 11.804649999999999, 11.78715, 11.7185, 11.8445, 11.92725]"
both,2.0,today,3h,0.5,AND,"{""W"": ""3h"", ""combine"": ""AND"", ""kc"": 2, ""q"": 0.5, ""rule"": ""both"", ""scope"": ""today""}",2a9a4822c01c8094,h2/both,3756,0.8437,-1024.12,-931.27,-92.85,-136.36,8.9,0.4118,0.1503,0.8118,0.8112,0.8399,0.1429,0.319,-1414.09,4,0.1499,0.1882,False,"[11.7137, 11.8149, 11.77525, 11.76075, 11.847249999999999, 11.823599999999999, 11.77525, 11.804649999999999, 11.78715, 11.7185, 11.8445, 11.92725]"
both,2.0,today,since_choch,0.1,OR,"{""W"": ""since_choch"", ""combine"": ""OR"", ""kc"": 2, ""q"": 0.1, ""rule"": ""both"", ""scope"": ""today""}",76f2045df436ad3d,h2/both,2723,0.6116,-1007.36,-1013.14,5.78,-94.05,0.9,0.944,0.3893,0.8462,0.6167,0.6775,0.2857,0.346,-1397.33,6,0.1572,0.1538,False,"[1.29943, 1.3025, 1.2948899999999999, 1.293, 1.293, 1.30476, 1.30341, 1.3037, 1.30387, 1.30834, 1.3028, 1.30619]"
both,2.0,today,since_choch,0.1,AND,"{""W"": ""since_choch"", ""combine"": ""AND"", ""kc"": 2, ""q"": 0.1, ""rule"": ""both"", ""scope"": ""today""}",f5611b1cf99cd1e2,h2/both,4233,0.9508,-996.72,-1258.8,262.08,75.83,67.2,0.1514,0.0514,0.8813,0.9625,0.983,0.0143,0.333,-1386.68,10,0.1578,0.1187,False,"[1.29943, 1.3025, 1.2948899999999999, 1.293, 1.293, 1.30476, 1.30341, 1.3037, 1.30387, 1.30834, 1.3028, 1.30619]"
both,2.0,today,since_choch,0.2,OR,"{""W"": ""since_choch"", ""combine"": ""OR"", ""kc"": 2, ""q"": 0.2, ""rule"": ""both"", ""scope"": ""today""}",a78033e60e094b24,h2/both,2455,0.5514,-1018.32,-998.89,-19.43,-94.92,0.1,0.8246,0.4505,0.8478,0.562,0.6209,0.3429,0.347,-1408.29,4,0.1589,0.1522,False,"[1.50834, 1.5074800000000002, 1.50204, 1.4985199999999999, 1.49802, 1.51364, 1.50884, 1.5074, 1.50838, 1.5187600000000003, 1.50648, 1.5152800000000002]"
both,2.0,today,since_choch,0.2,AND,"{""W"": ""since_choch"", ""combine"": ""AND"", ""kc"": 2, ""q"": 0.2, ""rule"": ""both"", ""scope"": ""today""}",22b35b3d53d7deb7,h2/both,4054,0.9106,-991.64,-1192.64,201.0,85.83,53.0,0.1384,0.0931,0.8794,0.9308,0.9596,0.0571,0.338,-1381.6,8,0.1593,0.1206,False,"[1.50834, 1.5074800000000002, 1.50204, 1.4985199999999999, 1.49802, 1.51364, 1.50884, 1.5074, 1.50838, 1.5187600000000003, 1.50648, 1.5152800000000002]"
both,2.0,today,since_choch,0.3,OR,"{""W"": ""since_choch"", ""combine"": ""OR"", ""kc"": 2, ""q"": 0.3, ""rule"": ""both"", ""scope"": ""today""}",7125cde0d1fa02cb,h2/both,2197,0.4935,-1028.62,-991.08,-37.54,-110.23,0.1,0.6472,0.5096,0.8492,0.5101,0.568,0.4,0.35,-1418.59,4,0.1611,0.1508,False,"[1.6822599999999999, 1.67711, 1.67573, 1.67007, 1.67049, 1.6823299999999999, 1.6883299999999999, 1.6823, 1.6833799999999999, 1.69066, 1.6845599999999998, 1.6906700000000001]"
both,2.0,today,since_choch,0.3,AND,"{""W"": ""since_choch"", ""combine"": ""AND"", ""kc"": 2, ""q"": 0.3, ""rule"": ""both"", ""scope"": ""today""}",4ac0bcf53e73dea3,h2/both,3874,0.8702,-1007.24,-1025.46,18.22,-26.74,24.6,0.8716,0.1323,0.8599,0.8833,0.9078,0.1143,0.332,-1397.21,6,0.1582,0.1401,False,"[1.6822599999999999, 1.67711, 1.67573, 1.67007, 1.67049, 1.6823299999999999, 1.6883299999999999, 1.6823, 1.6833799999999999, 1.69066, 1.6845599999999998, 1.6906700000000001]"
both,2.0,today,since_choch,0.4,OR,"{""W"": ""since_choch"", ""combine"": ""OR"", ""kc"": 2, ""q"": 0.4, ""rule"": ""both"", ""scope"": ""today""}",bda5b0f314c0eaac,h2/both,1915,0.4301,-998.48,-1018.01,19.53,-71.9,0.1,0.8016,0.5758,0.853,0.4625,0.5314,0.4286,0.373,-1388.44,4,0.1676,0.147,False,"[1.83424, 1.83414, 1.83354, 1.82782, 1.82806, 1.83664, 1.84078, 1.8386, 1.83752, 1.84556, 1.84144, 1.84488]"
both,2.0,today,since_choch,0.4,AND,"{""W"": ""since_choch"", ""combine"": ""AND"", ""kc"": 2, ""q"": 0.4, ""rule"": ""both"", ""scope"": ""today""}",e00f10c2e4bf5618,h2/both,3708,0.8329,-1011.29,-1001.23,-10.05,-26.13,8.3,0.94,0.17,0.8589,0.8487,0.8658,0.1571,0.331,-1401.25,6,0.1588,0.1411,False,"[1.83424, 1.83414, 1.83354, 1.82782, 1.82806, 1.83664, 1.84078, 1.8386, 1.83752, 1.84556, 1.84144, 1.84488]"
both,2.0,today,since_choch,0.5,OR,"{""W"": ""since_choch"", ""combine"": ""OR"", ""kc"": 2, ""q"": 0.5, ""rule"": ""both"", ""scope"": ""today""}",50d5efed84eeb0c8,h2/both,1638,0.3679,-980.63,-1026.47,45.84,-86.31,0.1,0.5832,0.64,0.8547,0.4107,0.4827,0.4857,0.391,-1370.6,4,0.174,0.1453,False,"[2.0119499999999997, 2.02075, 2.0218, 2.00425, 2.0105500000000003, 2.0174, 2.0262000000000002, 2.01905, 2.02455, 2.037, 2.0301, 2.03125]"
both,2.0,today,since_choch,0.5,AND,"{""W"": ""since_choch"", ""combine"": ""AND"", ""kc"": 2, ""q"": 0.5, ""rule"": ""both"", ""scope"": ""today""}",d8a079bf145c761e,h2/both,3540,0.7951,-1008.96,-1012.12,3.16,-27.53,7.4,0.978,0.2086,0.8596,0.8156,0.8386,0.1714,0.334,-1398.92,5,0.1599,0.1404,False,"[2.0119499999999997, 2.02075, 2.0218, 2.00425, 2.0105500000000003, 2.0174, 2.0262000000000002, 2.01905, 2.02455, 2.037, 2.0301, 2.03125]"
both,3.0,all,1h,0.1,OR,"{""W"": ""1h"", ""combine"": ""OR"", ""kc"": 3, ""q"": 0.1, ""rule"": ""both"", ""scope"": ""all""}",312d5d483fe6a0df,h2/both,3369,0.7567,-1043.91,-902.89,-141.02,-85.93,68.1,0.1269,0.2398,0.8319,0.7378,0.6967,0.3571,0.298,-1433.88,5,0.152,0.1681,False,"[4.78359, 4.775589999999999, 4.78298, 4.7875499999999995, 4.820329999999999, 4.84508, 4.80098, 4.8086, 4.82846, 4.85566, 4.82558, 4.89839]"
both,3.0,all,1h,0.1,AND,"{""W"": ""1h"", ""combine"": ""AND"", ""kc"": 3, ""q"": 0.1, ""rule"": ""both"", ""scope"": ""all""}",a2c79fe82f6d42cf,h2/both,4364,0.9802,-1015.08,-738.14,-276.94,37.52,73.8,0.3233,0.0189,0.8068,0.9755,0.9723,0.0286,0.32,-1405.05,7,0.1551,0.1932,False,"[4.78359, 4.775589999999999, 4.78298, 4.7875499999999995, 4.820329999999999, 4.84508, 4.80098, 4.8086, 4.82846, 4.85566, 4.82558, 4.89839]"
both,3.0,all,1h,0.2,OR,"{""W"": ""1h"", ""combine"": ""OR"", ""kc"": 3, ""q"": 0.2, ""rule"": ""both"", ""scope"": ""all""}",ebdd5eea4b4a6e55,h2/both,2989,0.6714,-1044.44,-938.44,-106.0,-37.55,64.8,0.2099,0.3268,0.8394,0.6614,0.6184,0.4429,0.298,-1434.41,3,0.1536,0.1606,False,"[5.464379999999999, 5.47194, 5.4732400000000005, 5.48398, 5.52994, 5.51282, 5.48266, 5.4953, 5.50878, 5.53764, 5.51206, 5.58404]"
both,3.0,all,1h,0.2,AND,"{""W"": ""1h"", ""combine"": ""AND"", ""kc"": 3, ""q"": 0.2, ""rule"": ""both"", ""scope"": ""all""}",43d3161150353c6b,h2/both,4294,0.9645,-1027.03,-536.01,-491.02,-316.38,0.9,0.022,0.033,0.7848,0.951,0.9436,0.0571,0.314,-1417.0,3,0.1537,0.2152,False,"[5.464379999999999, 5.47194, 5.4732400000000005, 5.48398, 5.52994, 5.51282, 5.48266, 5.4953, 5.50878, 5.53764, 5.51206, 5.58404]"
both,3.0,all,1h,0.3,OR,"{""W"": ""1h"", ""combine"": ""OR"", ""kc"": 3, ""q"": 0.3, ""rule"": ""both"", ""scope"": ""all""}",56c697503e59c517,h2/both,2634,0.5916,-1065.04,-929.3,-135.74,-39.72,28.1,0.0975,0.4055,0.8383,0.5764,0.5345,0.5286,0.29,-1455.0,3,0.1519,0.1617,False,"[5.93408, 5.9516100000000005, 5.9516100000000005, 5.97066, 6.00237, 5.9875, 5.97112, 5.97215, 5.982489999999999, 6.01486, 5.9923, 6.064500000000001]"
both,3.0,all,1h,0.3,AND,"{""W"": ""1h"", ""combine"": ""AND"", ""kc"": 3, ""q"": 0.3, ""rule"": ""both"", ""scope"": ""all""}",3399ab1b8fc07634,h2/both,4205,0.9445,-1035.55,-567.99,-467.56,-283.32,0.0,0.0105,0.0527,0.8016,0.9294,0.9159,0.1,0.31,-1425.51,5,0.1534,0.1984,False,"[5.93408, 5.9516100000000005, 5.9516100000000005, 5.97066, 6.00237, 5.9875, 5.97112, 5.97215, 5.982489999999999, 6.01486, 5.9923, 6.064500000000001]"
both,3.0,all,1h,0.4,OR,"{""W"": ""1h"", ""combine"": ""OR"", ""kc"": 3, ""q"": 0.4, ""rule"": ""both"", ""scope"": ""all""}",6c1cbdde990cb5a9,h2/both,2262,0.5081,-1071.34,-945.84,-125.5,-49.21,6.2,0.1169,0.4899,0.8406,0.4971,0.4672,0.6,0.292,-1461.31,5,0.1525,0.1594,False,"[6.39882, 6.4221, 6.41608, 6.41078, 6.45414, 6.44834, 6.41892, 6.4177, 6.4344, 6.453, 6.46302, 6.50712]"
both,3.0,all,1h,0.4,AND,"{""W"": ""1h"", ""combine"": ""AND"", ""kc"": 3, ""q"": 0.4, ""rule"": ""both"", ""scope"": ""all""}",69ef1a4899d17310,h2/both,4138,0.9295,-1039.28,-618.6,-420.68,-207.16,0.0,0.009,0.0676,0.8089,0.9135,0.8947,0.1286,0.308,-1429.24,5,0.1532,0.1911,False,"[6.39882, 6.4221, 6.41608, 6.41078, 6.45414, 6.44834, 6.41892, 6.4177, 6.4344, 6.453, 6.46302, 6.50712]"
both,3.0,all,1h,0.5,OR,"{""W"": ""1h"", ""combine"": ""OR"", ""kc"": 3, ""q"": 0.5, ""rule"": ""both"", ""scope"": ""all""}",37e054b760175981,h2/both,1904,0.4277,-1036.84,-989.25,-47.59,-14.74,34.6,0.5422,0.571,0.8422,0.4207,0.4187,0.6286,0.312,-1426.81,6,0.1534,0.1578,False,"[6.8352, 6.8809000000000005, 6.86045, 6.85835, 6.90315, 6.9008, 6.88345, 6.8694, 6.8718, 6.9042, 6.9098, 6.930149999999999]"
both,3.0,all,1h,0.5,AND,"{""W"": ""1h"", ""combine"": ""AND"", ""kc"": 3, ""q"": 0.5, ""rule"": ""both"", ""scope"": ""all""}",3a8c897cea612204,h2/both,4054,0.9106,-1040.47,-695.19,-345.28,-135.5,0.0,0.0125,0.087,0.8216,0.8977,0.8784,0.1571,0.308,-1430.44,5,0.1537,0.1784,False,"[6.8352, 6.8809000000000005, 6.86045, 6.85835, 6.90315, 6.9008, 6.88345, 6.8694, 6.8718, 6.9042, 6.9098, 6.930149999999999]"
both,3.0,all,3h,0.1,OR,"{""W"": ""3h"", ""combine"": ""OR"", ""kc"": 3, ""q"": 0.1, ""rule"": ""both"", ""scope"": ""all""}",c3a1dc8b80f6ebf3,h2/both,3342,0.7507,-1043.75,-906.8,-136.96,18.93,100.0,0.1254,0.244,0.8261,0.7219,0.6514,0.4143,0.286,-1433.72,4,0.1499,0.1739,False,"[6.0120700000000005, 6.0436700000000005, 5.996880000000001, 6.13372, 6.2323, 6.221349999999999, 6.2323, 6.2272, 6.1357099999999996, 6.2113, 6.24376, 6.306190000000001]"
both,3.0,all,3h,0.1,AND,"{""W"": ""3h"", ""combine"": ""AND"", ""kc"": 3, ""q"": 0.1, ""rule"": ""both"", ""scope"": ""all""}",3e909c7d944af829,h2/both,4392,0.9865,-1025.24,134.54,-1159.77,-150.03,87.6,0.0035,0.0106,0.6667,0.9712,0.9546,0.0571,0.312,-1415.2,4,0.1535,0.3333,False,"[6.0120700000000005, 6.0436700000000005, 5.996880000000001, 6.13372, 6.2323, 6.221349999999999, 6.2323, 6.2272, 6.1357099999999996, 6.2113, 6.24376, 6.306190000000001]"
both,3.0,all,3h,0.2,OR,"{""W"": ""3h"", ""combine"": ""OR"", ""kc"": 3, ""q"": 0.2, ""rule"": ""both"", ""scope"": ""all""}",0be63cd9e302ed1a,h2/both,2970,0.6671,-1045.57,-937.53,-108.05,35.27,100.0,0.1889,0.3265,0.8279,0.6326,0.5564,0.5429,0.277,-1435.54,4,0.1478,0.1721,False,"[8.19598, 8.29512, 8.21566, 8.32456, 8.37118, 8.37018, 8.31534, 8.37, 8.34092, 8.344380000000001, 8.37344, 8.40704]"
both,3.0,all,3h,0.2,AND,"{""W"": ""3h"", ""combine"": ""AND"", ""kc"": 3, ""q"": 0.2, ""rule"": ""both"", ""scope"": ""all""}",06c78570bdf4ae85,h2/both,4325,0.9715,-1023.56,-534.34,-489.23,-99.3,63.8,0.041,0.0247,0.7323,0.951,0.9421,0.0714,0.313,-1413.53,5,0.1526,0.2677,False,"[8.19598, 8.29512, 8.21566, 8.32456, 8.37118, 8.37018, 8.31534, 8.37, 8.34092, 8.344380000000001, 8.37344, 8.40704]"
both,3.0,all,3h,0.3,OR,"{""W"": ""3h"", ""combine"": ""OR"", ""kc"": 3, ""q"": 0.3, ""rule"": ""both"", ""scope"": ""all""}",d4bd6bd27eb09f4a,h2/both,2601,0.5842,-1070.28,-924.36,-145.92,-5.33,98.6,0.067,0.4063,0.825,0.5331,0.4697,0.6286,0.265,-1460.24,3,0.1423,0.175,False,"[9.542580000000001, 9.65563, 9.595659999999999, 9.649890000000001, 9.69193, 9.70192, 9.68296, 9.672699999999999, 9.685130000000001, 9.6791, 9.70052, 9.71738]"
both,3.0,all,3h,0.3,AND,"{""W"": ""3h"", ""combine"": ""AND"", ""kc"": 3, ""q"": 0.3, ""rule"": ""both"", ""scope"": ""all""}",f9284e5e9a6f2e6f,h2/both,4250,0.9546,-1023.14,-724.96,-298.18,-34.99,31.3,0.1104,0.0418,0.7772,0.9352,0.9291,0.0857,0.314,-1413.1,6,0.1527,0.2228,False,"[9.542580000000001, 9.65563, 9.595659999999999, 9.649890000000001, 9.69193, 9.70192, 9.68296, 9.672699999999999, 9.685130000000001, 9.6791, 9.70052, 9.71738]"
both,3.0,all,3h,0.4,OR,"{""W"": ""3h"", ""combine"": ""OR"", ""kc"": 3, ""q"": 0.4, ""rule"": ""both"", ""scope"": ""all""}",40bd38d058936c55,h2/both,2223,0.4993,-1072.83,-946.55,-126.28,-17.24,96.0,0.1084,0.4915,0.8286,0.4496,0.3966,0.6429,0.263,-1462.8,3,0.1404,0.1714,False,"[10.59984, 10.722420000000001, 10.64666, 10.68084, 10.773859999999999, 10.81598, 10.708160000000001, 10.7403, 10.72086, 10.6905, 10.78242, 10.86692]"
both,3.0,all,3h,0.4,AND,"{""W"": ""3h"", ""combine"": ""AND"", ""kc"": 3, ""q"": 0.4, ""rule"": ""both"", ""scope"": ""all""}",3596314e2a492963,h2/both,4176,0.938,-1019.2,-864.51,-154.69,-8.81,17.6,0.3453,0.0596,0.8116,0.9251,0.9186,0.0857,0.316,-1409.16,6,0.1537,0.1884,False,"[10.59984, 10.722420000000001, 10.64666, 10.68084, 10.773859999999999, 10.81598, 10.708160000000001, 10.7403, 10.72086, 10.6905, 10.78242, 10.86692]"
both,3.0,all,3h,0.5,OR,"{""W"": ""3h"", ""combine"": ""OR"", ""kc"": 3, ""q"": 0.5, ""rule"": ""both"", ""scope"": ""all""}",ff33ecc8de70b8a1,h2/both,1866,0.4191,-1078.47,-959.92,-118.55,-30.27,78.8,0.1524,0.5705,0.8291,0.3631,0.3228,0.7143,0.256,-1468.43,4,0.135,0.1709,False,"[11.7137, 11.8149, 11.77525, 11.76075, 11.847249999999999, 11.823599999999999, 11.77525, 11.804649999999999, 11.78715, 11.7185, 11.8445, 11.92725]"
both,3.0,all,3h,0.5,AND,"{""W"": ""3h"", ""combine"": ""AND"", ""kc"": 3, ""q"": 0.5, ""rule"": ""both"", ""scope"": ""all""}",350c0550ff724d62,h2/both,4097,0.9203,-1022.51,-860.73,-161.78,-90.13,2.4,0.2669,0.0769,0.8141,0.9049,0.9039,0.0857,0.316,-1412.47,6,0.1533,0.1859,False,"[11.7137, 11.8149, 11.77525, 11.76075, 11.847249999999999, 11.823599999999999, 11.77525, 11.804649999999999, 11.78715, 11.7185, 11.8445, 11.92725]"
both,3.0,all,since_choch,0.1,OR,"{""W"": ""since_choch"", ""combine"": ""OR"", ""kc"": 3, ""q"": 0.1, ""rule"": ""both"", ""scope"": ""all""}",ff40026cdfccd28b,h2/both,3388,0.761,-1012.74,-999.63,-13.11,-25.98,2.4,0.8861,0.2432,0.859,0.7839,0.7907,0.2,0.33,-1402.71,6,0.1606,0.141,False,"[1.29943, 1.3025, 1.2948899999999999, 1.293, 1.293, 1.30476, 1.30341, 1.3037, 1.30387, 1.30834, 1.3028, 1.30619]"
both,3.0,all,since_choch,0.1,AND,"{""W"": ""since_choch"", ""combine"": ""AND"", ""kc"": 3, ""q"": 0.1, ""rule"": ""both"", ""scope"": ""all""}",6b2164ceb22b2380,h2/both,4348,0.9766,-1007.14,-1112.64,105.49,-75.89,13.3,0.6682,0.0242,0.875,0.9813,0.9924,0.0,0.327,-1397.11,9,0.1566,0.125,False,"[1.29943, 1.3025, 1.2948899999999999, 1.293, 1.293, 1.30476, 1.30341, 1.3037, 1.30387, 1.30834, 1.3028, 1.30619]"
both,3.0,all,since_choch,0.2,OR,"{""W"": ""since_choch"", ""combine"": ""OR"", ""kc"": 3, ""q"": 0.2, ""rule"": ""both"", ""scope"": ""all""}",d9e363c9fa443d8f,h2/both,3034,0.6815,-1017.02,-993.76,-23.26,-26.52,1.1,0.7796,0.3244,0.8597,0.7133,0.7264,0.2714,0.335,-1406.98,6,0.1632,0.1403,False,"[1.50834, 1.5074800000000002, 1.50204, 1.4985199999999999, 1.49802, 1.51364, 1.50884, 1.5074, 1.50838, 1.5187600000000003, 1.50648, 1.5152800000000002]"
both,3.0,all,since_choch,0.2,AND,"{""W"": ""since_choch"", ""combine"": ""AND"", ""kc"": 3, ""q"": 0.2, ""rule"": ""both"", ""scope"": ""all""}",6c13df315c66e2a0,h2/both,4255,0.9558,-1006.47,-1077.34,70.86,37.74,4.7,0.7121,0.046,0.8782,0.9654,0.9767,0.0286,0.328,-1396.44,8,0.1575,0.1218,False,"[1.50834, 1.5074800000000002, 1.50204, 1.4985199999999999, 1.49802, 1.51364, 1.50884, 1.5074, 1.50838, 1.5187600000000003, 1.50648, 1.5152800000000002]"
both,3.0,all,since_choch,0.3,OR,"{""W"": ""since_choch"", ""combine"": ""OR"", ""kc"": 3, ""q"": 0.3, ""rule"": ""both"", ""scope"": ""all""}",5b6b48b336b285ac,h2/both,2677,0.6013,-1048.93,-950.31,-98.62,-80.25,0.1,0.2219,0.4039,0.8552,0.6297,0.635,0.3714,0.326,-1438.89,4,0.1632,0.1448,False,"[1.6822599999999999, 1.67711, 1.67573, 1.67007, 1.67049, 1.6823299999999999, 1.6883299999999999, 1.6823, 1.6833799999999999, 1.69066, 1.6845599999999998, 1.6906700000000001]"
both,3.0,all,since_choch,0.3,AND,"{""W"": ""since_choch"", ""combine"": ""AND"", ""kc"": 3, ""q"": 0.3, ""rule"": ""both"", ""scope"": ""all""}",1144cafa77cd0684,h2/both,4174,0.9376,-1006.72,-1052.99,46.28,16.54,2.5,0.7786,0.0647,0.8741,0.9496,0.9634,0.0429,0.329,-1396.68,7,0.1579,0.1259,False,"[1.6822599999999999, 1.67711, 1.67573, 1.67007, 1.67049, 1.6823299999999999, 1.6883299999999999, 1.6823, 1.6833799999999999, 1.69066, 1.6845599999999998, 1.6906700000000001]"
both,3.0,all,since_choch,0.4,OR,"{""W"": ""since_choch"", ""combine"": ""OR"", ""kc"": 3, ""q"": 0.4, ""rule"": ""both"", ""scope"": ""all""}",96182dbe3737d900,h2/both,2304,0.5175,-1018.77,-999.78,-18.99,-22.22,0.6,0.8126,0.4918,0.8603,0.5677,0.5869,0.4143,0.349,-1408.73,6,0.171,0.1397,False,"[1.83424, 1.83414, 1.83354, 1.82782, 1.82806, 1.83664, 1.84078, 1.8386, 1.83752, 1.84556, 1.84144, 1.84488]"
both,3.0,all,since_choch,0.4,AND,"{""W"": ""since_choch"", ""combine"": ""AND"", ""kc"": 3, ""q"": 0.4, ""rule"": ""both"", ""scope"": ""all""}",fca488bb70614b25,h2/both,4099,0.9207,-1015.56,-940.51,-75.04,-46.65,0.3,0.5807,0.0809,0.8612,0.9294,0.933,0.0714,0.324,-1405.52,6,0.1574,0.1388,False,"[1.83424, 1.83414, 1.83354, 1.82782, 1.82806, 1.83664, 1.84078, 1.8386, 1.83752, 1.84556, 1.84144, 1.84488]"
both,3.0,all,since_choch,0.5,OR,"{""W"": ""since_choch"", ""combine"": ""OR"", ""kc"": 3, ""q"": 0.5, ""rule"": ""both"", ""scope"": ""all""}",dde6e54a68d9b90e,h2/both,1952,0.4385,-997.97,-1018.7,20.73,-28.34,1.1,0.8061,0.5734,0.862,0.5029,0.533,0.4714,0.369,-1387.93,5,0.1788,0.138,False,"[2.0119499999999997, 2.02075, 2.0218, 2.00425, 2.0105500000000003, 2.0174, 2.0262000000000002, 2.01905, 2.02455, 2.037, 2.0301, 2.03125]"
both,3.0,all,since_choch,0.5,AND,"{""W"": ""since_choch"", ""combine"": ""AND"", ""kc"": 3, ""q"": 0.5, ""rule"": ""both"", ""scope"": ""all""}",f6df39f1a104dd74,h2/both,4006,0.8998,-1017.98,-934.38,-83.61,-58.32,0.1,0.4938,0.1019,0.8587,0.9092,0.9109,0.0857,0.324,-1407.95,6,0.1575,0.1413,False,"[2.0119499999999997, 2.02075, 2.0218, 2.00425, 2.0105500000000003, 2.0174, 2.0262000000000002, 2.01905, 2.02455, 2.037, 2.0301, 2.03125]"
both,3.0,today,1h,0.1,OR,"{""W"": ""1h"", ""combine"": ""OR"", ""kc"": 3, ""q"": 0.1, ""rule"": ""both"", ""scope"": ""today""}",d7cd4d29815d63d2,h2/both,3380,0.7592,-1037.71,-920.99,-116.72,-93.66,62.9,0.2044,0.2379,0.834,0.7435,0.7098,0.3286,0.302,-1427.68,5,0.1527,0.166,False,"[4.78359, 4.775589999999999, 4.78298, 4.7875499999999995, 4.820329999999999, 4.84508, 4.80098, 4.8086, 4.82846, 4.85566, 4.82558, 4.89839]"
both,3.0,today,1h,0.1,AND,"{""W"": ""1h"", ""combine"": ""AND"", ""kc"": 3, ""q"": 0.1, ""rule"": ""both"", ""scope"": ""today""}",853c31d4e4ecfaa8,h2/both,4384,0.9847,-1005.41,-1280.41,275.0,95.14,26.6,0.3788,0.0157,0.8676,0.987,0.9973,0.0,0.326,-1395.37,9,0.1562,0.1324,False,"[4.78359, 4.775589999999999, 4.78298, 4.7875499999999995, 4.820329999999999, 4.84508, 4.80098, 4.8086, 4.82846, 4.85566, 4.82558, 4.89839]"
both,3.0,today,1h,0.2,OR,"{""W"": ""1h"", ""combine"": ""OR"", ""kc"": 3, ""q"": 0.2, ""rule"": ""both"", ""scope"": ""today""}",05eb20a852b865ef,h2/both,2995,0.6727,-1039.03,-949.12,-89.92,-36.0,63.3,0.2699,0.3257,0.8401,0.6643,0.6258,0.4286,0.301,-1429.0,3,0.1539,0.1599,False,"[5.464379999999999, 5.47194, 5.4732400000000005, 5.48398, 5.52994, 5.51282, 5.48266, 5.4953, 5.50878, 5.53764, 5.51206, 5.58404]"
both,3.0,today,1h,0.2,AND,"{""W"": ""1h"", ""combine"": ""AND"", ""kc"": 3, ""q"": 0.2, ""rule"": ""both"", ""scope"": ""today""}",9ac58217b24de7df,h2/both,4319,0.9701,-1016.08,-799.54,-216.53,-399.24,0.0,0.3458,0.029,0.8195,0.9654,0.9742,0.0143,0.322,-1406.04,3,0.1551,0.1805,False,"[5.464379999999999, 5.47194, 5.4732400000000005, 5.48398, 5.52994, 5.51282, 5.48266, 5.4953, 5.50878, 5.53764, 5.51206, 5.58404]"
both,3.0,today,1h,0.3,OR,"{""W"": ""1h"", ""combine"": ""OR"", ""kc"": 3, ""q"": 0.3, ""rule"": ""both"", ""scope"": ""today""}",cb04a1adfc414818,h2/both,2638,0.5925,-1059.71,-936.74,-122.97,-40.64,25.9,0.1324,0.4047,0.8385,0.5778,0.5412,0.5143,0.293,-1449.68,4,0.152,0.1615,False,"[5.93408, 5.9516100000000005, 5.9516100000000005, 5.97066, 6.00237, 5.9875, 5.97112, 5.97215, 5.982489999999999, 6.01486, 5.9923, 6.064500000000001]"
both,3.0,today,1h,0.3,AND,"{""W"": ""1h"", ""combine"": ""AND"", ""kc"": 3, ""q"": 0.3, ""rule"": ""both"", ""scope"": ""today""}",0c1b0b780d0c7f71,h2/both,4232,0.9506,-1023.79,-736.76,-287.03,-320.74,0.0,0.1154,0.0484,0.8273,0.9452,0.9472,0.0571,0.319,-1413.76,5,0.155,0.1727,False,"[5.93408, 5.9516100000000005, 5.9516100000000005, 5.97066, 6.00237, 5.9875, 5.97112, 5.97215, 5.982489999999999, 6.01486, 5.9923, 6.064500000000001]"
both,3.0,today,1h,0.4,OR,"{""W"": ""1h"", ""combine"": ""OR"", ""kc"": 3, ""q"": 0.4, ""rule"": ""both"", ""scope"": ""today""}",d7d588cfdc671a8c,h2/both,2264,0.5085,-1071.67,-945.39,-126.28,-49.67,6.0,0.1089,0.4894,0.8405,0.4971,0.4672,0.6,0.292,-1461.63,5,0.1524,0.1595,False,"[6.39882, 6.4221, 6.41608, 6.41078, 6.45414, 6.44834, 6.41892, 6.4177, 6.4344, 6.453, 6.46302, 6.50712]"
both,3.0,today,1h,0.4,AND,"{""W"": ""1h"", ""combine"": ""AND"", ""kc"": 3, ""q"": 0.4, ""rule"": ""both"", ""scope"": ""today""}",e47a850cc1251a5f,h2/both,4167,0.936,-1023.78,-802.46,-221.32,-232.14,0.0,0.1629,0.0631,0.8316,0.9308,0.9327,0.0714,0.319,-1413.74,5,0.155,0.1684,False,"[6.39882, 6.4221, 6.41608, 6.41078, 6.45414, 6.44834, 6.41892, 6.4177, 6.4344, 6.453, 6.46302, 6.50712]"
both,3.0,today,1h,0.5,OR,"{""W"": ""1h"", ""combine"": ""OR"", ""kc"": 3, ""q"": 0.5, ""rule"": ""both"", ""scope"": ""today""}",053b870e724bd3b6,h2/both,1905,0.4279,-1037.44,-988.79,-48.65,-15.66,33.6,0.5307,0.5708,0.8422,0.4207,0.4187,0.6286,0.312,-1427.41,6,0.1533,0.1578,False,"[6.8352, 6.8809000000000005, 6.86045, 6.85835, 6.90315, 6.9008, 6.88345, 6.8694, 6.8718, 6.9042, 6.9098, 6.930149999999999]"
both,3.0,today,1h,0.5,AND,"{""W"": ""1h"", ""combine"": ""AND"", ""kc"": 3, ""q"": 0.5, ""rule"": ""both"", ""scope"": ""today""}",cb8dde4400b91cb2,h2/both,4084,0.9173,-1024.57,-843.59,-180.98,-149.15,0.0,0.1959,0.0822,0.8397,0.915,0.9164,0.1,0.319,-1414.53,4,0.1555,0.1603,False,"[6.8352, 6.8809000000000005, 6.86045, 6.85835, 6.90315, 6.9008, 6.88345, 6.8694, 6.8718, 6.9042, 6.9098, 6.930149999999999]"
both,3.0,today,3h,0.1,OR,"{""W"": ""3h"", ""combine"": ""OR"", ""kc"": 3, ""q"": 0.1, ""rule"": ""both"", ""scope"": ""today""}",8c614d56bca85c97,h2/both,3344,0.7511,-1043.99,-905.83,-138.16,18.34,100.0,0.1354,0.2435,0.8258,0.7219,0.6514,0.4143,0.285,-1433.96,4,0.1498,0.1742,False,"[6.0120700000000005, 6.0436700000000005, 5.996880000000001, 6.13372, 6.2323, 6.221349999999999, 6.2323, 6.2272, 6.1357099999999996, 6.2113, 6.24376, 6.306190000000001]"
both,3.0,today,3h,0.1,AND,"{""W"": ""3h"", ""combine"": ""AND"", ""kc"": 3, ""q"": 0.1, ""rule"": ""both"", ""scope"": ""today""}",cf1714728f0cdcb7,h2/both,4421,0.993,-1010.72,-851.2,-159.52,-337.91,21.8,0.7156,0.0061,0.7419,0.9885,0.9926,0.0,0.322,-1400.68,5,0.1552,0.2581,False,"[6.0120700000000005, 6.0436700000000005, 5.996880000000001, 6.13372, 6.2323, 6.221349999999999, 6.2323, 6.2272, 6.1357099999999996, 6.2113, 6.24376, 6.306190000000001]"
both,3.0,today,3h,0.2,OR,"{""W"": ""3h"", ""combine"": ""OR"", ""kc"": 3, ""q"": 0.2, ""rule"": ""both"", ""scope"": ""today""}",7283e3842ed18de3,h2/both,2970,0.6671,-1045.57,-937.53,-108.05,35.27,100.0,0.2054,0.3265,0.8279,0.6326,0.5564,0.5429,0.277,-1435.54,4,0.1478,0.1721,False,"[8.19598, 8.29512, 8.21566, 8.32456, 8.37118, 8.37018, 8.31534, 8.37, 8.34092, 8.344380000000001, 8.37344, 8.40704]"
both,3.0,today,3h,0.2,AND,"{""W"": ""3h"", ""combine"": ""AND"", ""kc"": 3, ""q"": 0.2, ""rule"": ""both"", ""scope"": ""today""}",c3fd1871b5c83408,h2/both,4356,0.9784,-1009.03,-1035.82,26.79,-154.27,12.9,0.9285,0.0197,0.7708,0.9683,0.9801,0.0143,0.323,-1398.99,6,0.1543,0.2292,False,"[8.19598, 8.29512, 8.21566, 8.32456, 8.37118, 8.37018, 8.31534, 8.37, 8.34092, 8.344380000000001, 8.37344, 8.40704]"
both,3.0,today,3h,0.3,OR,"{""W"": ""3h"", ""combine"": ""OR"", ""kc"": 3, ""q"": 0.3, ""rule"": ""both"", ""scope"": ""today""}",ade647d49be5a31e,h2/both,2601,0.5842,-1070.28,-924.36,-145.92,-5.33,98.8,0.071,0.4063,0.825,0.5331,0.4697,0.6286,0.265,-1460.24,3,0.1423,0.175,False,"[9.542580000000001, 9.65563, 9.595659999999999, 9.649890000000001, 9.69193, 9.70192, 9.68296, 9.672699999999999, 9.685130000000001, 9.6791, 9.70052, 9.71738]"
both,3.0,today,3h,0.3,AND,"{""W"": ""3h"", ""combine"": ""AND"", ""kc"": 3, ""q"": 0.3, ""rule"": ""both"", ""scope"": ""today""}",e38bfd6194737f5b,h2/both,4281,0.9616,-1008.35,-1041.05,32.7,-56.28,4.3,0.8721,0.0367,0.807,0.9524,0.9671,0.0286,0.324,-1398.32,6,0.1544,0.193,False,"[9.542580000000001, 9.65563, 9.595659999999999, 9.649890000000001, 9.69193, 9.70192, 9.68296, 9.672699999999999, 9.685130000000001, 9.6791, 9.70052, 9.71738]"
both,3.0,today,3h,0.4,OR,"{""W"": ""3h"", ""combine"": ""OR"", ""kc"": 3, ""q"": 0.4, ""rule"": ""both"", ""scope"": ""today""}",7968ec65695516fb,h2/both,2223,0.4993,-1072.83,-946.55,-126.28,-17.24,95.6,0.1019,0.4915,0.8286,0.4496,0.3966,0.6429,0.263,-1462.8,3,0.1404,0.1714,False,"[10.59984, 10.722420000000001, 10.64666, 10.68084, 10.773859999999999, 10.81598, 10.708160000000001, 10.7403, 10.72086, 10.6905, 10.78242, 10.86692]"
both,3.0,today,3h,0.4,AND,"{""W"": ""3h"", ""combine"": ""AND"", ""kc"": 3, ""q"": 0.4, ""rule"": ""both"", ""scope"": ""today""}",fe4ab9d53718b6ce,h2/both,4207,0.945,-1004.18,-1102.78,98.6,-21.07,2.5,0.5672,0.0546,0.8367,0.9424,0.9566,0.0286,0.326,-1394.15,8,0.1555,0.1633,False,"[10.59984, 10.722420000000001, 10.64666, 10.68084, 10.773859999999999, 10.81598, 10.708160000000001, 10.7403, 10.72086, 10.6905, 10.78242, 10.86692]"
both,3.0,today,3h,0.5,OR,"{""W"": ""3h"", ""combine"": ""OR"", ""kc"": 3, ""q"": 0.5, ""rule"": ""both"", ""scope"": ""today""}",114dc6584772f6c9,h2/both,1866,0.4191,-1078.47,-959.92,-118.55,-30.27,78.4,0.1289,0.5705,0.8291,0.3631,0.3228,0.7143,0.256,-1468.43,4,0.135,0.1709,False,"[11.7137, 11.8149, 11.77525, 11.76075, 11.847249999999999, 11.823599999999999, 11.77525, 11.804649999999999, 11.78715, 11.7185, 11.8445, 11.92725]"
both,3.0,today,3h,0.5,AND,"{""W"": ""3h"", ""combine"": ""AND"", ""kc"": 3, ""q"": 0.5, ""rule"": ""both"", ""scope"": ""today""}",a025d3b1b9db3542,h2/both,4128,0.9272,-1007.18,-1040.54,33.36,-105.75,0.3,0.8216,0.0718,0.8333,0.9222,0.9419,0.0286,0.327,-1397.14,8,0.155,0.1667,False,"[11.7137, 11.8149, 11.77525, 11.76075, 11.847249999999999, 11.823599999999999, 11.77525, 11.804649999999999, 11.78715, 11.7185, 11.8445, 11.92725]"
both,3.0,today,since_choch,0.1,OR,"{""W"": ""since_choch"", ""combine"": ""OR"", ""kc"": 3, ""q"": 0.1, ""rule"": ""both"", ""scope"": ""today""}",71ca0610d37cf40e,h2/both,3417,0.7675,-994.86,-1058.31,63.45,-32.53,0.7,0.4968,0.2384,0.8657,0.7997,0.8276,0.1429,0.343,-1384.82,6,0.1624,0.1343,False,"[1.29943, 1.3025, 1.2948899999999999, 1.293, 1.293, 1.30476, 1.30341, 1.3037, 1.30387, 1.30834, 1.3028, 1.30619]"
both,3.0,today,since_choch,0.1,AND,"{""W"": ""since_choch"", ""combine"": ""AND"", ""kc"": 3, ""q"": 0.1, ""rule"": ""both"", ""scope"": ""today""}",46bf32c0f93af806,h2/both,4350,0.9771,-1006.72,-1132.83,126.11,-55.18,13.0,0.6262,0.0239,0.8824,0.9827,0.9935,0.0,0.327,-1396.68,9,0.1568,0.1176,False,"[1.29943, 1.3025, 1.2948899999999999, 1.293, 1.293, 1.30476, 1.30341, 1.3037, 1.30387, 1.30834, 1.3028, 1.30619]"
both,3.0,today,since_choch,0.2,OR,"{""W"": ""since_choch"", ""combine"": ""OR"", ""kc"": 3, ""q"": 0.2, ""rule"": ""both"", ""scope"": ""today""}",77c9f55ffc45e065,h2/both,3061,0.6876,-996.74,-1037.93,41.19,-31.32,0.6,0.6317,0.3201,0.8648,0.7291,0.7633,0.2143,0.349,-1386.7,6,0.1653,0.1352,False,"[1.50834, 1.5074800000000002, 1.50204, 1.4985199999999999, 1.49802, 1.51364, 1.50884, 1.5074, 1.50838, 1.5187600000000003, 1.50648, 1.5152800000000002]"
both,3.0,today,since_choch,0.2,AND,"{""W"": ""since_choch"", ""combine"": ""AND"", ""kc"": 3, ""q"": 0.2, ""rule"": ""both"", ""scope"": ""today""}",5c56cdff7d00a6d0,h2/both,4259,0.9566,-1006.24,-1083.93,77.69,47.85,3.0,0.6832,0.0452,0.8808,0.9669,0.9779,0.0286,0.328,-1396.2,8,0.1575,0.1192,False,"[1.50834, 1.5074800000000002, 1.50204, 1.4985199999999999, 1.49802, 1.51364, 1.50884, 1.5074, 1.50838, 1.5187600000000003, 1.50648, 1.5152800000000002]"
both,3.0,today,since_choch,0.3,OR,"{""W"": ""since_choch"", ""combine"": ""OR"", ""kc"": 3, ""q"": 0.3, ""rule"": ""both"", ""scope"": ""today""}",8999844867e727f2,h2/both,2702,0.6069,-1030.32,-977.63,-52.69,-84.79,0.0,0.5417,0.3999,0.8589,0.6441,0.6664,0.3286,0.339,-1420.29,3,0.1654,0.1411,False,"[1.6822599999999999, 1.67711, 1.67573, 1.67007, 1.67049, 1.6823299999999999, 1.6883299999999999, 1.6823, 1.6833799999999999, 1.69066, 1.6845599999999998, 1.6906700000000001]"
both,3.0,today,since_choch,0.3,AND,"{""W"": ""since_choch"", ""combine"": ""AND"", ""kc"": 3, ""q"": 0.3, ""rule"": ""both"", ""scope"": ""today""}",21b7e22baaf1a4cf,h2/both,4180,0.9389,-1003.47,-1103.9,100.42,23.88,1.9,0.5367,0.0636,0.8787,0.9524,0.97,0.0286,0.331,-1393.44,8,0.1581,0.1213,False,"[1.6822599999999999, 1.67711, 1.67573, 1.67007, 1.67049, 1.6823299999999999, 1.6883299999999999, 1.6823, 1.6833799999999999, 1.69066, 1.6845599999999998, 1.6906700000000001]"
both,3.0,today,since_choch,0.4,OR,"{""W"": ""since_choch"", ""combine"": ""OR"", ""kc"": 3, ""q"": 0.4, ""rule"": ""both"", ""scope"": ""today""}",99df31ffd1bfebda,h2/both,2328,0.5229,-997.0,-1023.42,26.42,-25.34,0.1,0.7296,0.488,0.8635,0.5821,0.6183,0.3714,0.363,-1386.97,6,0.1735,0.1365,False,"[1.83424, 1.83414, 1.83354, 1.82782, 1.82806, 1.83664, 1.84078, 1.8386, 1.83752, 1.84556, 1.84144, 1.84488]"
both,3.0,today,since_choch,0.4,AND,"{""W"": ""since_choch"", ""combine"": ""AND"", ""kc"": 3, ""q"": 0.4, ""rule"": ""both"", ""scope"": ""today""}",9576691a8229d701,h2/both,4106,0.9223,-1012.52,-975.01,-37.51,-44.86,0.1,0.7956,0.0796,0.8642,0.9323,0.9396,0.0571,0.326,-1402.49,5,0.1576,0.1358,False,"[1.83424, 1.83414, 1.83354, 1.82782, 1.82806, 1.83664, 1.84078, 1.8386, 1.83752, 1.84556, 1.84144, 1.84488]"
both,3.0,today,since_choch,0.5,OR,"{""W"": ""since_choch"", ""combine"": ""OR"", ""kc"": 3, ""q"": 0.5, ""rule"": ""both"", ""scope"": ""today""}",0d987cdf657cd2d2,h2/both,1971,0.4427,-973.71,-1038.12,64.41,-34.48,0.3,0.4073,0.5705,0.8642,0.5144,0.5612,0.4286,0.385,-1363.68,5,0.1811,0.1358,False,"[2.0119499999999997, 2.02075, 2.0218, 2.00425, 2.0105500000000003, 2.0174, 2.0262000000000002, 2.01905, 2.02455, 2.037, 2.0301, 2.03125]"
both,3.0,today,since_choch,0.5,AND,"{""W"": ""since_choch"", ""combine"": ""AND"", ""kc"": 3, ""q"": 0.5, ""rule"": ""both"", ""scope"": ""today""}",892fdaf11245388a,h2/both,4018,0.9025,-1014.26,-966.52,-47.74,-49.01,0.1,0.7421,0.0998,0.8641,0.915,0.9208,0.0714,0.326,-1404.23,6,0.158,0.1359,False,"[2.0119499999999997, 2.02075, 2.0218, 2.00425, 2.0105500000000003, 2.0174, 2.0262000000000002, 2.01905, 2.02455, 2.037, 2.0301, 2.03125]"
both,4.0,all,1h,0.1,OR,"{""W"": ""1h"", ""combine"": ""OR"", ""kc"": 4, ""q"": 0.1, ""rule"": ""both"", ""scope"": ""all""}",d8eb82c271f1c644,h2/both,3698,0.8306,-1031.97,-899.95,-132.01,-85.36,97.8,0.2119,0.1652,0.8236,0.8084,0.7699,0.2714,0.302,-1421.93,5,0.1517,0.1764,False,"[4.78359, 4.775589999999999, 4.78298, 4.7875499999999995, 4.820329999999999, 4.84508, 4.80098, 4.8086, 4.82846, 4.85566, 4.82558, 4.89839]"
both,4.0,all,1h,0.1,AND,"{""W"": ""1h"", ""combine"": ""AND"", ""kc"": 4, ""q"": 0.1, ""rule"": ""both"", ""scope"": ""all""}",9e51eb1ecebd303b,h2/both,4407,0.9899,-1007.93,-1173.79,165.86,-13.08,57.9,0.6622,0.0098,0.8222,0.9885,0.9957,0.0,0.324,-1397.9,7,0.1557,0.1778,False,"[4.78359, 4.775589999999999, 4.78298, 4.7875499999999995, 4.820329999999999, 4.84508, 4.80098, 4.8086, 4.82846, 4.85566, 4.82558, 4.89839]"
both,4.0,all,1h,0.2,OR,"{""W"": ""1h"", ""combine"": ""OR"", ""kc"": 4, ""q"": 0.2, ""rule"": ""both"", ""scope"": ""all""}",7fd77c624cc10aca,h2/both,3288,0.7385,-1037.46,-930.93,-106.54,-38.29,92.8,0.2339,0.2581,0.8333,0.7205,0.6785,0.3857,0.299,-1427.43,3,0.1521,0.1667,False,"[5.464379999999999, 5.47194, 5.4732400000000005, 5.48398, 5.52994, 5.51282, 5.48266, 5.4953, 5.50878, 5.53764, 5.51206, 5.58404]"
both,4.0,all,1h,0.2,AND,"{""W"": ""1h"", ""combine"": ""AND"", ""kc"": 4, ""q"": 0.2, ""rule"": ""both"", ""scope"": ""all""}",385c728029a63b47,h2/both,4367,0.9809,-1014.92,-736.7,-278.22,-458.88,0.1,0.3353,0.0181,0.8,0.9755,0.98,0.0,0.321,-1404.88,5,0.155,0.2,False,"[5.464379999999999, 5.47194, 5.4732400000000005, 5.48398, 5.52994, 5.51282, 5.48266, 5.4953, 5.50878, 5.53764, 5.51206, 5.58404]"
both,4.0,all,1h,0.3,OR,"{""W"": ""1h"", ""combine"": ""OR"", ""kc"": 4, ""q"": 0.3, ""rule"": ""both"", ""scope"": ""all""}",7976bf8725fe2c22,h2/both,2891,0.6494,-1067.97,-901.52,-166.44,-48.4,44.7,0.05,0.3459,0.8328,0.6239,0.574,0.5,0.285,-1457.93,2,0.1498,0.1672,False,"[5.93408, 5.9516100000000005, 5.9516100000000005, 5.97066, 6.00237, 5.9875, 5.97112, 5.97215, 5.982489999999999, 6.01486, 5.9923, 6.064500000000001]"
both,4.0,all,1h,0.3,AND,"{""W"": ""1h"", ""combine"": ""AND"", ""kc"": 4, ""q"": 0.3, ""rule"": ""both"", ""scope"": ""all""}",f6836da4e5f624e9,h2/both,4320,0.9704,-1014.75,-841.47,-173.28,-355.92,0.1,0.4788,0.0287,0.8182,0.9654,0.9729,0.0143,0.322,-1404.71,5,0.1551,0.1818,False,"[5.93408, 5.9516100000000005, 5.9516100000000005, 5.97066, 6.00237, 5.9875, 5.97112, 5.97215, 5.982489999999999, 6.01486, 5.9923, 6.064500000000001]"
both,4.0,all,1h,0.4,OR,"{""W"": ""1h"", ""combine"": ""OR"", ""kc"": 4, ""q"": 0.4, ""rule"": ""both"", ""scope"": ""all""}",d37b7b21279bc347,h2/both,2488,0.5588,-1081.4,-918.66,-162.73,-61.42,10.8,0.0405,0.4369,0.836,0.536,0.4947,0.5857,0.282,-1471.36,4,0.1495,0.164,False,"[6.39882, 6.4221, 6.41608, 6.41078, 6.45414, 6.44834, 6.41892, 6.4177, 6.4344, 6.453, 6.46302, 6.50712]"
both,4.0,all,1h,0.4,AND,"{""W"": ""1h"", ""combine"": ""AND"", ""kc"": 4, ""q"": 0.4, ""rule"": ""both"", ""scope"": ""all""}",45db371e1ca58ee4,h2/both,4284,0.9623,-1014.19,-892.71,-121.48,-209.64,0.3,0.5597,0.037,0.8274,0.9582,0.9636,0.0286,0.322,-1404.16,6,0.1552,0.1726,False,"[6.39882, 6.4221, 6.41608, 6.41078, 6.45414, 6.44834, 6.41892, 6.4177, 6.4344, 6.453, 6.46302, 6.50712]"
both,4.0,all,1h,0.5,OR,"{""W"": ""1h"", ""combine"": ""OR"", ""kc"": 4, ""q"": 0.5, ""rule"": ""both"", ""scope"": ""all""}",01186a54be9d0afe,h2/both,2086,0.4686,-1050.09,-973.91,-76.18,-14.82,37.4,0.3298,0.5287,0.8398,0.4539,0.439,0.6286,0.3,-1440.06,5,0.151,0.1602,False,"[6.8352, 6.8809000000000005, 6.86045, 6.85835, 6.90315, 6.9008, 6.88345, 6.8694, 6.8718, 6.9042, 6.9098, 6.930149999999999]"
both,4.0,all,1h,0.5,AND,"{""W"": ""1h"", ""combine"": ""AND"", ""kc"": 4, ""q"": 0.5, ""rule"": ""both"", ""scope"": ""all""}",0fe17ce36787fe0d,h2/both,4244,0.9533,-1016.29,-873.21,-143.09,-176.68,0.1,0.4398,0.0458,0.8269,0.9481,0.9546,0.0429,0.321,-1406.26,5,0.155,0.1731,False,"[6.8352, 6.8809000000000005, 6.86045, 6.85835, 6.90315, 6.9008, 6.88345, 6.8694, 6.8718, 6.9042, 6.9098, 6.930149999999999]"
both,4.0,all,3h,0.1,OR,"{""W"": ""3h"", ""combine"": ""OR"", ""kc"": 4, ""q"": 0.1, ""rule"": ""both"", ""scope"": ""all""}",a1ed43b9b49e96f7,h2/both,3686,0.8279,-1039.57,-865.42,-174.16,54.74,100.0,0.1004,0.1652,0.8107,0.7911,0.7107,0.3571,0.284,-1429.54,4,0.1489,0.1893,False,"[6.0120700000000005, 6.0436700000000005, 5.996880000000001, 6.13372, 6.2323, 6.221349999999999, 6.2323, 6.2272, 6.1357099999999996, 6.2113, 6.24376, 6.306190000000001]"
both,4.0,all,3h,0.1,AND,"{""W"": ""3h"", ""combine"": ""AND"", ""kc"": 4, ""q"": 0.1, ""rule"": ""both"", ""scope"": ""all""}",1f251d7f0572902f,h2/both,4420,0.9928,-1011.45,-754.93,-256.52,-434.96,44.6,0.5682,0.0059,0.6875,0.9856,0.9918,0.0,0.322,-1401.42,4,0.1548,0.3125,False,"[6.0120700000000005, 6.0436700000000005, 5.996880000000001, 6.13372, 6.2323, 6.221349999999999, 6.2323, 6.2272, 6.1357099999999996, 6.2113, 6.24376, 6.306190000000001]"
both,4.0,all,3h,0.2,OR,"{""W"": ""3h"", ""combine"": ""OR"", ""kc"": 4, ""q"": 0.2, ""rule"": ""both"", ""scope"": ""all""}",49ef25fa33c9dcbf,h2/both,3277,0.7361,-1040.55,-923.31,-117.24,56.51,100.0,0.1714,0.2557,0.8179,0.6916,0.6058,0.5,0.276,-1430.52,3,0.1465,0.1821,False,"[8.19598, 8.29512, 8.21566, 8.32456, 8.37118, 8.37018, 8.31534, 8.37, 8.34092, 8.344380000000001, 8.37344, 8.40704]"
both,4.0,all,3h,0.2,AND,"{""W"": ""3h"", ""combine"": ""AND"", ""kc"": 4, ""q"": 0.2, ""rule"": ""both"", ""scope"": ""all""}",a9b6b21ac764cbfb,h2/both,4390,0.9861,-1009.97,-983.61,-26.37,-206.02,35.5,0.9295,0.012,0.7258,0.9755,0.9893,0.0,0.323,-1399.94,6,0.1542,0.2742,False,"[8.19598, 8.29512, 8.21566, 8.32456, 8.37118, 8.37018, 8.31534, 8.37, 8.34092, 8.344380000000001, 8.37344, 8.40704]"
both,4.0,all,3h,0.3,OR,"{""W"": ""3h"", ""combine"": ""OR"", ""kc"": 4, ""q"": 0.3, ""rule"": ""both"", ""scope"": ""all""}",ac2903323ff9c291,h2/both,2873,0.6453,-1059.14,-919.48,-139.66,11.83,100.0,0.0895,0.3433,0.817,0.5836,0.5165,0.5857,0.267,-1449.11,5,0.141,0.183,False,"[9.542580000000001, 9.65563, 9.595659999999999, 9.649890000000001, 9.69193, 9.70192, 9.68296, 9.672699999999999, 9.685130000000001, 9.6791, 9.70052, 9.71738]"
both,4.0,all,3h,0.3,AND,"{""W"": ""3h"", ""combine"": ""AND"", ""kc"": 4, ""q"": 0.3, ""rule"": ""both"", ""scope"": ""all""}",4b094fae2407bf6d,h2/both,4350,0.9771,-1011.64,-923.14,-88.49,-113.23,8.5,0.7416,0.0213,0.7843,0.9683,0.9788,0.0143,0.323,-1401.6,6,0.1545,0.2157,False,"[9.542580000000001, 9.65563, 9.595659999999999, 9.649890000000001, 9.69193, 9.70192, 9.68296, 9.672699999999999, 9.685130000000001, 9.6791, 9.70052, 9.71738]"
both,4.0,all,3h,0.4,OR,"{""W"": ""3h"", ""combine"": ""OR"", ""kc"": 4, ""q"": 0.4, ""rule"": ""both"", ""scope"": ""all""}",b98e9af6cb0d82f2,h2/both,2452,0.5508,-1060.12,-947.68,-112.44,-7.17,100.0,0.1629,0.4385,0.824,0.4928,0.4345,0.6,0.264,-1450.09,4,0.1395,0.176,False,"[10.59984, 10.722420000000001, 10.64666, 10.68084, 10.773859999999999, 10.81598, 10.708160000000001, 10.7403, 10.72086, 10.6905, 10.78242, 10.86692]"
both,4.0,all,3h,0.4,AND,"{""W"": ""3h"", ""combine"": ""AND"", ""kc"": 4, ""q"": 0.4, ""rule"": ""both"", ""scope"": ""all""}",bbd8add5c67ef444,h2/both,4319,0.9701,-1007.89,-1065.44,57.55,-3.28,14.3,0.7821,0.029,0.8195,0.9654,0.9772,0.0143,0.325,-1397.85,6,0.1551,0.1805,False,"[10.59984, 10.722420000000001, 10.64666, 10.68084, 10.773859999999999, 10.81598, 10.708160000000001, 10.7403, 10.72086, 10.6905, 10.78242, 10.86692]"
both,4.0,all,3h,0.5,OR,"{""W"": ""3h"", ""combine"": ""OR"", ""kc"": 4, ""q"": 0.5, ""rule"": ""both"", ""scope"": ""all""}",8f6ba07189b3c5c7,h2/both,2053,0.4611,-1066.47,-960.94,-105.53,-30.78,95.1,0.1689,0.5266,0.8249,0.3948,0.354,0.6714,0.257,-1456.44,3,0.1335,0.1751,False,"[11.7137, 11.8149, 11.77525, 11.76075, 11.847249999999999, 11.823599999999999, 11.77525, 11.804649999999999, 11.78715, 11.7185, 11.8445, 11.92725]"
both,4.0,all,3h,0.5,AND,"{""W"": ""3h"", ""combine"": ""AND"", ""kc"": 4, ""q"": 0.5, ""rule"": ""both"", ""scope"": ""all""}",9767fe498a279cef,h2/both,4282,0.9618,-1009.71,-1007.06,-2.65,-91.26,3.3,0.991,0.0373,0.8235,0.9568,0.9691,0.0143,0.324,-1399.67,4,0.1551,0.1765,False,"[11.7137, 11.8149, 11.77525, 11.76075, 11.847249999999999, 11.823599999999999, 11.77525, 11.804649999999999, 11.78715, 11.7185, 11.8445, 11.92725]"
both,4.0,all,since_choch,0.1,OR,"{""W"": ""since_choch"", ""combine"": ""OR"", ""kc"": 4, ""q"": 0.1, ""rule"": ""both"", ""scope"": ""all""}",69ef4a7a09d891ce,h2/both,3711,0.8336,-995.38,-1080.87,85.49,-28.09,12.8,0.4248,0.1708,0.8664,0.8573,0.8828,0.0857,0.338,-1385.34,7,0.1603,0.1336,False,"[1.29943, 1.3025, 1.2948899999999999, 1.293, 1.293, 1.30476, 1.30341, 1.3037, 1.30387, 1.30834, 1.3028, 1.30619]"
both,4.0,all,since_choch,0.1,AND,"{""W"": ""since_choch"", ""combine"": ""AND"", ""kc"": 4, ""q"": 0.1, ""rule"": ""both"", ""scope"": ""all""}",59e3d2a328300f21,h2/both,4397,0.9876,-1007.0,-1218.0,211.0,31.66,31.6,0.5327,0.013,0.8909,0.9914,0.9969,0.0,0.325,-1396.97,10,0.1565,0.1091,False,"[1.29943, 1.3025, 1.2948899999999999, 1.293, 1.293, 1.30476, 1.30341, 1.3037, 1.30387, 1.30834, 1.3028, 1.30619]"
both,4.0,all,since_choch,0.2,OR,"{""W"": ""since_choch"", ""combine"": ""OR"", ""kc"": 4, ""q"": 0.2, ""rule"": ""both"", ""scope"": ""all""}",22cbe4bbfa569ddc,h2/both,3309,0.7433,-998.93,-1040.51,41.57,-8.71,4.7,0.6482,0.2637,0.867,0.781,0.8053,0.1857,0.343,-1388.9,5,0.1638,0.133,False,"[1.50834, 1.5074800000000002, 1.50204, 1.4985199999999999, 1.49802, 1.51364, 1.50884, 1.5074, 1.50838, 1.5187600000000003, 1.50648, 1.5152800000000002]"
both,4.0,all,since_choch,0.2,AND,"{""W"": ""since_choch"", ""combine"": ""AND"", ""kc"": 4, ""q"": 0.2, ""rule"": ""both"", ""scope"": ""all""}",625b7f0dd64f54b3,h2/both,4352,0.9775,-1005.08,-1206.75,201.67,20.48,27.8,0.4498,0.0232,0.87,0.9813,0.9943,0.0,0.327,-1395.04,9,0.1565,0.13,False,"[1.50834, 1.5074800000000002, 1.50204, 1.4985199999999999, 1.49802, 1.51364, 1.50884, 1.5074, 1.50838, 1.5187600000000003, 1.50648, 1.5152800000000002]"
both,4.0,all,since_choch,0.3,OR,"{""W"": ""since_choch"", ""combine"": ""OR"", ""kc"": 4, ""q"": 0.3, ""rule"": ""both"", ""scope"": ""all""}",f5f4e32d428296ca,h2/both,2903,0.6521,-1030.14,-971.12,-59.03,-74.71,0.1,0.4873,0.3542,0.8593,0.6859,0.7019,0.3,0.334,-1420.11,3,0.164,0.1407,False,"[1.6822599999999999, 1.67711, 1.67573, 1.67007, 1.67049, 1.6823299999999999, 1.6883299999999999, 1.6823, 1.6833799999999999, 1.69066, 1.6845599999999998, 1.6906700000000001]"
both,4.0,all,since_choch,0.3,AND,"{""W"": ""since_choch"", ""combine"": ""AND"", ""kc"": 4, ""q"": 0.3, ""rule"": ""both"", ""scope"": ""all""}",f3abf2577f49d191,h2/both,4320,0.9704,-1002.53,-1241.37,238.84,56.32,37.8,0.3123,0.0309,0.8788,0.9769,0.993,0.0,0.329,-1392.49,9,0.1569,0.1212,False,"[1.6822599999999999, 1.67711, 1.67573, 1.67007, 1.67049, 1.6823299999999999, 1.6883299999999999, 1.6823, 1.6833799999999999, 1.69066, 1.6845599999999998, 1.6906700000000001]"
both,4.0,all,since_choch,0.4,OR,"{""W"": ""since_choch"", ""combine"": ""OR"", ""kc"": 4, ""q"": 0.4, ""rule"": ""both"", ""scope"": ""all""}",cd7ddadf3dc8484f,h2/both,2492,0.5597,-998.07,-1024.27,26.2,-15.57,1.1,0.7406,0.4505,0.8638,0.6153,0.648,0.3429,0.358,-1388.04,5,0.1713,0.1362,False,"[1.83424, 1.83414, 1.83354, 1.82782, 1.82806, 1.83664, 1.84078, 1.8386, 1.83752, 1.84556, 1.84144, 1.84488]"
both,4.0,all,since_choch,0.4,AND,"{""W"": ""since_choch"", ""combine"": ""AND"", ""kc"": 4, ""q"": 0.4, ""rule"": ""both"", ""scope"": ""all""}",6a0b66ab1bcd6c53,h2/both,4283,0.962,-1011.96,-949.98,-61.98,-59.07,1.8,0.7686,0.0386,0.858,0.9654,0.9683,0.0286,0.324,-1401.93,5,0.1564,0.142,False,"[1.83424, 1.83414, 1.83354, 1.82782, 1.82806, 1.83664, 1.84078, 1.8386, 1.83752, 1.84556, 1.84144, 1.84488]"
both,4.0,all,since_choch,0.5,OR,"{""W"": ""since_choch"", ""combine"": ""OR"", ""kc"": 4, ""q"": 0.5, ""rule"": ""both"", ""scope"": ""all""}",62441f9e8d06282b,h2/both,2088,0.469,-978.03,-1037.5,59.48,-19.64,1.5,0.4643,0.5442,0.8651,0.5403,0.578,0.4143,0.377,-1367.99,5,0.1796,0.1349,False,"[2.0119499999999997, 2.02075, 2.0218, 2.00425, 2.0105500000000003, 2.0174, 2.0262000000000002, 2.01905, 2.02455, 2.037, 2.0301, 2.03125]"
both,4.0,all,since_choch,0.5,AND,"{""W"": ""since_choch"", ""combine"": ""AND"", ""kc"": 4, ""q"": 0.5, ""rule"": ""both"", ""scope"": ""all""}",345c75cfb2d815d9,h2/both,4242,0.9528,-1012.58,-949.57,-63.01,-97.31,1.1,0.7266,0.0476,0.8524,0.9553,0.9624,0.0286,0.324,-1402.54,4,0.1563,0.1476,False,"[2.0119499999999997, 2.02075, 2.0218, 2.00425, 2.0105500000000003, 2.0174, 2.0262000000000002, 2.01905, 2.02455, 2.037, 2.0301, 2.03125]"
both,4.0,today,1h,0.1,OR,"{""W"": ""1h"", ""combine"": ""OR"", ""kc"": 4, ""q"": 0.1, ""rule"": ""both"", ""scope"": ""today""}",13d923ec146f75ad,h2/both,3704,0.832,-1033.22,-892.67,-140.55,-91.97,97.2,0.1759,0.1639,0.8235,0.8098,0.7706,0.2714,0.301,-1423.19,5,0.1517,0.1765,False,"[4.78359, 4.775589999999999, 4.78298, 4.7875499999999995, 4.820329999999999, 4.84508, 4.80098, 4.8086, 4.82846, 4.85566, 4.82558, 4.89839]"
both,4.0,today,1h,0.1,AND,"{""W"": ""1h"", ""combine"": ""AND"", ""kc"": 4, ""q"": 0.1, ""rule"": ""both"", ""scope"": ""today""}",3a468b7d7b293913,h2/both,4420,0.9928,-1007.88,-1247.68,239.8,61.39,22.4,0.6067,0.0075,0.875,0.9942,0.998,0.0,0.324,-1397.85,7,0.1561,0.125,False,"[4.78359, 4.775589999999999, 4.78298, 4.7875499999999995, 4.820329999999999, 4.84508, 4.80098, 4.8086, 4.82846, 4.85566, 4.82558, 4.89839]"
both,4.0,today,1h,0.2,OR,"{""W"": ""1h"", ""combine"": ""OR"", ""kc"": 4, ""q"": 0.2, ""rule"": ""both"", ""scope"": ""today""}",3ee946f7ab04f9ed,h2/both,3292,0.7394,-1036.87,-932.25,-104.62,-35.36,92.7,0.2519,0.2573,0.8336,0.7219,0.6793,0.3857,0.299,-1426.83,3,0.1522,0.1664,False,"[5.464379999999999, 5.47194, 5.4732400000000005, 5.48398, 5.52994, 5.51282, 5.48266, 5.4953, 5.50878, 5.53764, 5.51206, 5.58404]"
both,4.0,today,1h,0.2,AND,"{""W"": ""1h"", ""combine"": ""AND"", ""kc"": 4, ""q"": 0.2, ""rule"": ""both"", ""scope"": ""today""}",f96e937b404d3ad4,h2/both,4382,0.9843,-1016.36,-586.73,-429.64,-609.69,0.0,0.1594,0.0152,0.8143,0.9813,0.9823,0.0,0.321,-1406.33,4,0.1554,0.1857,False,"[5.464379999999999, 5.47194, 5.4732400000000005, 5.48398, 5.52994, 5.51282, 5.48266, 5.4953, 5.50878, 5.53764, 5.51206, 5.58404]"
both,4.0,today,1h,0.3,OR,"{""W"": ""1h"", ""combine"": ""OR"", ""kc"": 4, ""q"": 0.3, ""rule"": ""both"", ""scope"": ""today""}",5dbcb6e64f3bc26d,h2/both,2893,0.6498,-1068.04,-901.18,-166.85,-48.39,43.0,0.043,0.3454,0.8326,0.6239,0.574,0.5,0.285,-1458.0,2,0.1497,0.1674,False,"[5.93408, 5.9516100000000005, 5.9516100000000005, 5.97066, 6.00237, 5.9875, 5.97112, 5.97215, 5.982489999999999, 6.01486, 5.9923, 6.064500000000001]"
both,4.0,today,1h,0.3,AND,"{""W"": ""1h"", ""combine"": ""AND"", ""kc"": 4, ""q"": 0.3, ""rule"": ""both"", ""scope"": ""today""}",77a238e275b906f0,h2/both,4337,0.9742,-1015.7,-779.74,-235.97,-417.9,0.0,0.3418,0.0255,0.8348,0.9726,0.9759,0.0143,0.322,-1405.67,5,0.1556,0.1652,False,"[5.93408, 5.9516100000000005, 5.9516100000000005, 5.97066, 6.00237, 5.9875, 5.97112, 5.97215, 5.982489999999999, 6.01486, 5.9923, 6.064500000000001]"
both,4.0,today,1h,0.4,OR,"{""W"": ""1h"", ""combine"": ""OR"", ""kc"": 4, ""q"": 0.4, ""rule"": ""both"", ""scope"": ""today""}",04cf184f6b7be1fa,h2/both,2489,0.5591,-1081.25,-918.77,-162.48,-60.98,10.9,0.0365,0.4367,0.836,0.536,0.4947,0.5857,0.282,-1471.21,4,0.1495,0.164,False,"[6.39882, 6.4221, 6.41608, 6.41078, 6.45414, 6.44834, 6.41892, 6.4177, 6.4344, 6.453, 6.46302, 6.50712]"
both,4.0,today,1h,0.4,AND,"{""W"": ""1h"", ""combine"": ""AND"", ""kc"": 4, ""q"": 0.4, ""rule"": ""both"", ""scope"": ""today""}",36bde046f9bcc5bf,h2/both,4302,0.9663,-1015.3,-846.28,-169.02,-245.59,0.0,0.4433,0.0335,0.84,0.9654,0.9667,0.0286,0.321,-1405.27,6,0.1557,0.16,False,"[6.39882, 6.4221, 6.41608, 6.41078, 6.45414, 6.44834, 6.41892, 6.4177, 6.4344, 6.453, 6.46302, 6.50712]"
both,4.0,today,1h,0.5,OR,"{""W"": ""1h"", ""combine"": ""OR"", ""kc"": 4, ""q"": 0.5, ""rule"": ""both"", ""scope"": ""today""}",e36a32492d608da4,h2/both,2086,0.4686,-1050.09,-973.91,-76.18,-14.82,37.3,0.3323,0.5287,0.8398,0.4539,0.439,0.6286,0.3,-1440.06,5,0.151,0.1602,False,"[6.8352, 6.8809000000000005, 6.86045, 6.85835, 6.90315, 6.9008, 6.88345, 6.8694, 6.8718, 6.9042, 6.9098, 6.930149999999999]"
both,4.0,today,1h,0.5,AND,"{""W"": ""1h"", ""combine"": ""AND"", ""kc"": 4, ""q"": 0.5, ""rule"": ""both"", ""scope"": ""today""}",e718de5c4c476d32,h2/both,4263,0.9575,-1017.33,-835.38,-181.95,-200.41,0.1,0.3438,0.042,0.836,0.9553,0.9576,0.0429,0.321,-1407.3,5,0.1555,0.164,False,"[6.8352, 6.8809000000000005, 6.86045, 6.85835, 6.90315, 6.9008, 6.88345, 6.8694, 6.8718, 6.9042, 6.9098, 6.930149999999999]"
both,4.0,today,3h,0.1,OR,"{""W"": ""3h"", ""combine"": ""OR"", ""kc"": 4, ""q"": 0.1, ""rule"": ""both"", ""scope"": ""today""}",1ce5c400a023c920,h2/both,3687,0.8282,-1039.48,-865.62,-173.86,55.57,100.0,0.092,0.165,0.8105,0.7911,0.7107,0.3571,0.284,-1429.45,4,0.1489,0.1895,False,"[6.0120700000000005, 6.0436700000000005, 5.996880000000001, 6.13372, 6.2323, 6.221349999999999, 6.2323, 6.2272, 6.1357099999999996, 6.2113, 6.24376, 6.306190000000001]"
both,4.0,today,3h,0.1,AND,"{""W"": ""3h"", ""combine"": ""AND"", ""kc"": 4, ""q"": 0.1, ""rule"": ""both"", ""scope"": ""today""}",ab8b7eb2b8c6d836,h2/both,4438,0.9969,-1012.54,-80.32,-932.22,-1109.94,2.7,0.1354,0.0024,0.6429,0.9928,0.9949,0.0,0.322,-1402.5,2,0.1553,0.3571,False,"[6.0120700000000005, 6.0436700000000005, 5.996880000000001, 6.13372, 6.2323, 6.221349999999999, 6.2323, 6.2272, 6.1357099999999996, 6.2113, 6.24376, 6.306190000000001]"
both,4.0,today,3h,0.2,OR,"{""W"": ""3h"", ""combine"": ""OR"", ""kc"": 4, ""q"": 0.2, ""rule"": ""both"", ""scope"": ""today""}",cdda4760f6ed9408,h2/both,3277,0.7361,-1040.55,-923.31,-117.24,56.51,100.0,0.1979,0.2557,0.8179,0.6916,0.6058,0.5,0.276,-1430.52,3,0.1465,0.1821,False,"[8.19598, 8.29512, 8.21566, 8.32456, 8.37118, 8.37018, 8.31534, 8.37, 8.34092, 8.344380000000001, 8.37344, 8.40704]"
both,4.0,today,3h,0.2,AND,"{""W"": ""3h"", ""combine"": ""AND"", ""kc"": 4, ""q"": 0.2, ""rule"": ""both"", ""scope"": ""today""}",814e9fa45f397c6e,h2/both,4409,0.9903,-1011.01,-866.14,-144.86,-323.75,4.0,0.7151,0.0082,0.7209,0.9827,0.9923,0.0,0.323,-1400.97,4,0.1547,0.2791,False,"[8.19598, 8.29512, 8.21566, 8.32456, 8.37118, 8.37018, 8.31534, 8.37, 8.34092, 8.344380000000001, 8.37344, 8.40704]"
both,4.0,today,3h,0.3,OR,"{""W"": ""3h"", ""combine"": ""OR"", ""kc"": 4, ""q"": 0.3, ""rule"": ""both"", ""scope"": ""today""}",20390f2f57601036,h2/both,2873,0.6453,-1059.14,-919.48,-139.66,11.83,100.0,0.1004,0.3433,0.817,0.5836,0.5165,0.5857,0.267,-1449.11,5,0.141,0.183,False,"[9.542580000000001, 9.65563, 9.595659999999999, 9.649890000000001, 9.69193, 9.70192, 9.68296, 9.672699999999999, 9.685130000000001, 9.6791, 9.70052, 9.71738]"
both,4.0,today,3h,0.3,AND,"{""W"": ""3h"", ""combine"": ""AND"", ""kc"": 4, ""q"": 0.3, ""rule"": ""both"", ""scope"": ""today""}",856c7969c8c9e67f,h2/both,4369,0.9814,-1012.67,-848.44,-164.23,-153.66,0.9,0.5787,0.0176,0.7952,0.9755,0.9818,0.0143,0.322,-1402.63,6,0.155,0.2048,False,"[9.542580000000001, 9.65563, 9.595659999999999, 9.649890000000001, 9.69193, 9.70192, 9.68296, 9.672699999999999, 9.685130000000001, 9.6791, 9.70052, 9.71738]"
both,4.0,today,3h,0.4,OR,"{""W"": ""3h"", ""combine"": ""OR"", ""kc"": 4, ""q"": 0.4, ""rule"": ""both"", ""scope"": ""today""}",3a3c8aed4d8921f1,h2/both,2452,0.5508,-1060.12,-947.68,-112.44,-7.17,99.8,0.1524,0.4385,0.824,0.4928,0.4345,0.6,0.264,-1450.09,4,0.1395,0.176,False,"[10.59984, 10.722420000000001, 10.64666, 10.68084, 10.773859999999999, 10.81598, 10.708160000000001, 10.7403, 10.72086, 10.6905, 10.78242, 10.86692]"
both,4.0,today,3h,0.4,AND,"{""W"": ""3h"", ""combine"": ""AND"", ""kc"": 4, ""q"": 0.4, ""rule"": ""both"", ""scope"": ""today""}",0bf2d9eb1bf1623a,h2/both,4338,0.9744,-1008.95,-1034.77,25.82,-14.64,1.4,0.911,0.0253,0.8333,0.9726,0.9803,0.0143,0.324,-1398.91,6,0.1556,0.1667,False,"[10.59984, 10.722420000000001, 10.64666, 10.68084, 10.773859999999999, 10.81598, 10.708160000000001, 10.7403, 10.72086, 10.6905, 10.78242, 10.86692]"
both,4.0,today,3h,0.5,OR,"{""W"": ""3h"", ""combine"": ""OR"", ""kc"": 4, ""q"": 0.5, ""rule"": ""both"", ""scope"": ""today""}",c2285aa0bbbf175d,h2/both,2053,0.4611,-1066.47,-960.94,-105.53,-30.78,95.2,0.1779,0.5266,0.8249,0.3948,0.354,0.6714,0.257,-1456.44,3,0.1335,0.1751,False,"[11.7137, 11.8149, 11.77525, 11.76075, 11.847249999999999, 11.823599999999999, 11.77525, 11.804649999999999, 11.78715, 11.7185, 11.8445, 11.92725]"
both,4.0,today,3h,0.5,AND,"{""W"": ""3h"", ""combine"": ""AND"", ""kc"": 4, ""q"": 0.5, ""rule"": ""both"", ""scope"": ""today""}",d4f70ae22cefc74e,h2/both,4301,0.9661,-1010.77,-976.56,-34.21,-110.59,0.2,0.8846,0.0335,0.8344,0.964,0.9722,0.0143,0.324,-1400.73,4,0.1555,0.1656,False,"[11.7137, 11.8149, 11.77525, 11.76075, 11.847249999999999, 11.823599999999999, 11.77525, 11.804649999999999, 11.78715, 11.7185, 11.8445, 11.92725]"
both,4.0,today,since_choch,0.1,OR,"{""W"": ""since_choch"", ""combine"": ""OR"", ""kc"": 4, ""q"": 0.1, ""rule"": ""both"", ""scope"": ""today""}",b8de2658b3ba0a79,h2/both,3728,0.8374,-997.16,-1073.68,76.52,-34.27,7.9,0.4698,0.1674,0.8688,0.8631,0.8847,0.0857,0.338,-1387.13,7,0.1607,0.1312,False,"[1.29943, 1.3025, 1.2948899999999999, 1.293, 1.293, 1.30476, 1.30341, 1.3037, 1.30387, 1.30834, 1.3028, 1.30619]"
both,4.0,today,since_choch,0.1,AND,"{""W"": ""since_choch"", ""combine"": ""AND"", ""kc"": 4, ""q"": 0.1, ""rule"": ""both"", ""scope"": ""today""}",114ef075f7c1ddba,h2/both,4399,0.9881,-1006.58,-1260.83,254.25,75.0,26.4,0.4653,0.0128,0.9057,0.9928,0.998,0.0,0.325,-1396.55,10,0.1566,0.0943,False,"[1.29943, 1.3025, 1.2948899999999999, 1.293, 1.293, 1.30476, 1.30341, 1.3037, 1.30387, 1.30834, 1.3028, 1.30619]"
both,4.0,today,since_choch,0.2,OR,"{""W"": ""since_choch"", ""combine"": ""OR"", ""kc"": 4, ""q"": 0.2, ""rule"": ""both"", ""scope"": ""today""}",46295c41ef0ba53c,h2/both,3323,0.7464,-1000.4,-1036.71,36.31,-11.46,2.9,0.6987,0.261,0.8689,0.7867,0.8073,0.1857,0.342,-1390.36,5,0.1643,0.1311,False,"[1.50834, 1.5074800000000002, 1.50204, 1.4985199999999999, 1.49802, 1.51364, 1.50884, 1.5074, 1.50838, 1.5187600000000003, 1.50648, 1.5152800000000002]"
both,4.0,today,since_choch,0.2,AND,"{""W"": ""since_choch"", ""combine"": ""AND"", ""kc"": 4, ""q"": 0.2, ""rule"": ""both"", ""scope"": ""today""}",a7f29dbce2e23a61,h2/both,4357,0.9787,-1005.05,-1218.8,213.76,32.78,15.5,0.4223,0.0221,0.8737,0.9827,0.9955,0.0,0.327,-1395.01,9,0.1565,0.1263,False,"[1.50834, 1.5074800000000002, 1.50204, 1.4985199999999999, 1.49802, 1.51364, 1.50884, 1.5074, 1.50838, 1.5187600000000003, 1.50648, 1.5152800000000002]"
both,4.0,today,since_choch,0.3,OR,"{""W"": ""since_choch"", ""combine"": ""OR"", ""kc"": 4, ""q"": 0.3, ""rule"": ""both"", ""scope"": ""today""}",80d6481ab45ede74,h2/both,2915,0.6548,-1031.05,-968.94,-62.11,-75.75,0.1,0.4728,0.352,0.8608,0.6916,0.7038,0.3,0.334,-1421.01,4,0.1647,0.1392,False,"[1.6822599999999999, 1.67711, 1.67573, 1.67007, 1.67049, 1.6823299999999999, 1.6883299999999999, 1.6823, 1.6833799999999999, 1.69066, 1.6845599999999998, 1.6906700000000001]"
both,4.0,today,since_choch,0.3,AND,"{""W"": ""since_choch"", ""combine"": ""AND"", ""kc"": 4, ""q"": 0.3, ""rule"": ""both"", ""scope"": ""today""}",76cde4f3a78f5229,h2/both,4327,0.9719,-1002.92,-1240.95,238.03,55.8,23.9,0.2994,0.0293,0.88,0.9784,0.9942,0.0,0.329,-1392.89,9,0.1569,0.12,False,"[1.6822599999999999, 1.67711, 1.67573, 1.67007, 1.67049, 1.6823299999999999, 1.6883299999999999, 1.6823, 1.6833799999999999, 1.69066, 1.6845599999999998, 1.6906700000000001]"
both,4.0,today,since_choch,0.4,OR,"{""W"": ""since_choch"", ""combine"": ""OR"", ""kc"": 4, ""q"": 0.4, ""rule"": ""both"", ""scope"": ""today""}",e0e198b6902a965a,h2/both,2504,0.5624,-999.28,-1022.88,23.6,-16.29,0.8,0.7666,0.4484,0.865,0.621,0.65,0.3429,0.357,-1389.24,5,0.1721,0.135,False,"[1.83424, 1.83414, 1.83354, 1.82782, 1.82806, 1.83664, 1.84078, 1.8386, 1.83752, 1.84556, 1.84144, 1.84488]"
both,4.0,today,since_choch,0.4,AND,"{""W"": ""since_choch"", ""combine"": ""AND"", ""kc"": 4, ""q"": 0.4, ""rule"": ""both"", ""scope"": ""today""}",8811f9d7935528df,h2/both,4290,0.9636,-1012.35,-937.08,-75.27,-64.37,1.1,0.7286,0.037,0.858,0.9669,0.9694,0.0286,0.323,-1402.31,6,0.1564,0.142,False,"[1.83424, 1.83414, 1.83354, 1.82782, 1.82806, 1.83664, 1.84078, 1.8386, 1.83752, 1.84556, 1.84144, 1.84488]"
both,4.0,today,since_choch,0.5,OR,"{""W"": ""since_choch"", ""combine"": ""OR"", ""kc"": 4, ""q"": 0.5, ""rule"": ""both"", ""scope"": ""today""}",9bd12c21f8ed73ef,h2/both,2098,0.4712,-980.11,-1035.9,55.79,-21.71,1.1,0.4793,0.5423,0.8658,0.5447,0.5797,0.4143,0.376,-1370.07,5,0.1802,0.1342,False,"[2.0119499999999997, 2.02075, 2.0218, 2.00425, 2.0105500000000003, 2.0174, 2.0262000000000002, 2.01905, 2.02455, 2.037, 2.0301, 2.03125]"
both,4.0,today,since_choch,0.5,AND,"{""W"": ""since_choch"", ""combine"": ""AND"", ""kc"": 4, ""q"": 0.5, ""rule"": ""both"", ""scope"": ""today""}",212d34f2a196038a,h2/both,4251,0.9549,-1012.69,-944.38,-68.31,-95.75,0.4,0.7271,0.0458,0.8557,0.9582,0.9639,0.0286,0.324,-1402.66,4,0.1564,0.1443,False,"[2.0119499999999997, 2.02075, 2.0218, 2.00425, 2.0105500000000003, 2.0174, 2.0262000000000002, 2.01905, 2.02455, 2.037, 2.0301, 2.03125]"
