n_choch_since_bos,hour_bin,n,net_mean,net_sum,win_rate
0,09,127,-1132.91,-143879.65,0.17
0,10,160,-826.1,-132175.68,0.18
0,11,187,-1158.57,-216651.99,0.11
0,12,171,-1260.12,-215480.15,0.11
0,13,198,-1056.33,-209153.9,0.13
0,14,203,-1056.69,-214507.16,0.16
0,15,64,-1177.93,-75387.77,0.09
0,<09:25,43,-1150.74,-49481.92,0.16
0,>=15:20,16,-1064.85,-17037.67,0.0
1,09,137,-794.42,-108836.2,0.2
1,10,231,-907.91,-209727.07,0.15
1,11,258,-1011.63,-261000.41,0.14
1,12,277,-1170.26,-324161.02,0.12
1,13,287,-1022.64,-293498.08,0.15
1,14,323,-992.62,-320616.27,0.17
1,15,108,-1010.45,-109128.4,0.19
1,<09:25,97,-886.24,-85965.37,0.26
1,>=15:20,21,-1065.21,-22369.35,0.0
2,09,59,147.35,8693.68,0.29
2,10,108,-931.18,-100567.14,0.22
2,11,118,-1261.07,-148805.77,0.12
2,12,168,-1147.57,-192791.16,0.15
2,13,134,-1070.48,-143444.34,0.13
2,14,148,-1064.81,-157591.95,0.18
2,15,52,-955.01,-49660.49,0.25
2,<09:25,28,-1940.55,-54335.34,0.21
2,>=15:20,8,-1142.13,-9137.01,0.0
3,09,23,-1204.22,-27697.11,0.17
3,10,59,-509.74,-30074.52,0.24
3,11,56,-1339.81,-75029.33,0.05
3,12,57,-1331.9,-75918.34,0.09
3,13,73,-509.94,-37225.81,0.15
3,14,72,-1162.51,-83700.64,0.18
3,15,11,-1311.41,-14425.48,0.09
3,<09:25,13,3135.61,40762.94,0.54
3,>=15:20,8,-1012.33,-8098.62,0.0
4+,09,23,-668.0,-15364.09,0.35
4+,10,34,-1228.66,-41774.5,0.18
4+,11,58,-913.41,-52977.57,0.12
4+,12,67,-963.85,-64577.62,0.13
4+,13,72,-999.03,-71929.91,0.14
4+,14,62,-588.47,-36485.25,0.21
4+,15,23,-1342.49,-30877.35,0.13
4+,<09:25,8,-1288.89,-10311.13,0.25
4+,>=15:20,2,-1185.44,-2370.88,0.0
