variable,bucket,n,share,net_sum,net_mean,net_se,net_median,win_rate,pts_mean,stop_share,blocks_present,blocks_below_block_mean
hv v2 N20 bars_since,0,248,0.2981,-38542.91,-155.41,748.68,-2653.39,0.2258,13.85,0.504,12,6
hv v2 N20 bars_since,1-5,115,0.1382,-77323.2,-672.38,607.48,-2364.37,0.2174,5.702,0.5478,12,7
hv v2 N20 bars_since,6-15,113,0.1358,33456.47,296.07,1214.7,-2575.71,0.177,20.617,0.6018,12,7
hv v2 N20 bars_since,16-30,48,0.0577,-42228.29,-879.76,587.55,-2028.11,0.25,2.714,0.4583,12,8
hv v2 N20 bars_since,>30,10,0.012,100646.92,10064.69,9688.04,-2100.7,0.4,170.85,0.6,6,3
hv v2 N20 bars_since,none,298,0.3582,-206271.15,-692.19,464.0,-2672.86,0.2248,5.494,0.4866,12,7
hv v2 N60 bars_since,0,196,0.2356,65187.44,332.59,919.65,-2589.29,0.2551,21.266,0.4643,12,7
hv v2 N60 bars_since,1-5,85,0.1022,-51612.15,-607.2,706.55,-2462.6,0.2235,6.725,0.5059,12,7
hv v2 N60 bars_since,6-15,88,0.1058,-5147.89,-58.5,1482.31,-2586.82,0.125,15.253,0.625,12,8
hv v2 N60 bars_since,16-30,76,0.0913,-66300.19,-872.37,569.42,-2209.53,0.2237,2.814,0.5526,12,6
hv v2 N60 bars_since,>30,36,0.0433,-55362.8,-1537.86,1067.2,-2389.36,0.1667,-7.361,0.6111,10,7
hv v2 N60 bars_since,none,351,0.4219,-117026.57,-333.41,503.62,-2615.84,0.2308,11.012,0.5014,12,7
hv v3 N20 bars_since,0,113,0.1358,62290.6,551.24,1402.1,-2609.2,0.2301,24.719,0.4159,12,6
hv v3 N20 bars_since,1-5,59,0.0709,-6535.88,-110.78,1189.31,-2370.47,0.2373,14.448,0.4576,12,8
hv v3 N20 bars_since,6-15,96,0.1154,-100487.94,-1046.75,597.99,-2512.13,0.2188,-0.016,0.625,12,7
hv v3 N20 bars_since,16-30,61,0.0733,-11646.27,-190.92,892.3,-2364.37,0.2131,13.16,0.6393,12,7
hv v3 N20 bars_since,>30,19,0.0228,110486.87,5815.1,4514.11,-620.91,0.4211,105.518,0.4211,9,5
hv v3 N20 bars_since,none,484,0.5817,-284369.54,-587.54,431.73,-2585.72,0.2107,7.117,0.5124,12,7
hv v3 N60 bars_since,0,77,0.0925,111134.33,1443.3,2029.49,-2764.94,0.2468,38.426,0.4805,12,8
hv v3 N60 bars_since,1-5,39,0.0469,64093.11,1643.41,1763.28,-1774.71,0.3846,41.391,0.3077,12,5
hv v3 N60 bars_since,6-15,58,0.0697,-89293.87,-1539.55,666.61,-2726.18,0.1724,-7.544,0.6897,11,8
hv v3 N60 bars_since,16-30,52,0.0625,-11924.43,-229.32,978.69,-2290.19,0.25,12.644,0.5577,12,8
hv v3 N60 bars_since,>30,25,0.03,-11018.88,-440.76,1175.37,-2392.8,0.28,9.478,0.52,10,5
hv v3 N60 bars_since,none,581,0.6983,-293252.42,-504.74,397.63,-2588.06,0.2065,8.376,0.5129,12,6
hv v4 N20 bars_since,0,56,0.0673,58607.38,1046.56,1206.28,-2061.53,0.2679,32.418,0.3571,10,4
hv v4 N20 bars_since,1-5,32,0.0385,-13200.64,-412.52,1395.86,-2345.74,0.25,10.025,0.4062,11,5
hv v4 N20 bars_since,6-15,53,0.0637,-124105.69,-2341.62,608.07,-3033.9,0.1321,-19.9,0.7358,11,10
hv v4 N20 bars_since,16-30,49,0.0589,-17333.2,-353.74,915.66,-2288.7,0.2653,10.669,0.6122,11,7
hv v4 N20 bars_since,>30,17,0.0204,138436.34,8143.31,8338.88,-620.91,0.4706,141.497,0.4118,9,5
hv v4 N20 bars_since,none,625,0.7512,-272666.35,-436.27,383.84,-2575.71,0.2128,9.418,0.512,12,7
hv v4 N60 bars_since,0,37,0.0445,45356.74,1225.86,1668.91,-2102.65,0.3243,34.964,0.3784,11,6
hv v4 N60 bars_since,1-5,23,0.0276,391.83,17.04,1904.43,-2290.81,0.2174,16.6,0.3913,9,6
hv v4 N60 bars_since,6-15,28,0.0337,-80646.39,-2880.23,540.7,-3156.79,0.1071,-28.364,0.8214,10,8
hv v4 N60 bars_since,16-30,22,0.0264,-20893.11,-949.69,987.89,-2435.43,0.1818,1.389,0.6364,9,5
hv v4 N60 bars_since,>30,15,0.018,-7934.3,-528.95,2241.41,-2589.46,0.4,8.1,0.5333,8,6
hv v4 N60 bars_since,none,707,0.8498,-166536.93,-235.55,399.76,-2537.64,0.2178,12.536,0.5106,12,5
