id,kept_n,kept_share,kept_mean,skipped_mean,diff,control_pct,perm_p,winner_recall_weighted,sign_blocks,path
1ad35aa2918bc630,4370,0.9707,-910.61,-1293.29,382.68,72.3,0.3803,0.9833,9,0
cb4b5850e81c8e49,4307,0.9567,-906.77,-1254.39,347.62,64.3,0.3433,0.981,10,1
7077857e85a24d3b,4337,0.9633,-911.09,-1204.3,293.22,64.5,0.4683,0.9808,9,2
812576ac8887986e,4356,0.9676,-914.76,-1132.85,218.09,58.0,0.5942,0.9809,8,3
a4d321df0d690912,4368,0.9702,-915.6,-1125.06,209.47,56.9,0.6217,0.981,8,4
3de67ccda7f6c0e0,4364,0.9693,-912.92,-1203.74,290.83,67.0,0.5022,0.9828,9,5
5664ab1a73267823,4314,0.9582,-910.22,-1188.23,278.01,73.3,0.4518,0.9799,9,6
284901def2b1fa10,4317,0.9589,-912.8,-1132.52,219.72,69.6,0.5727,0.9795,8,7
543f96893c1fce8d,4372,0.9711,-912.6,-1232.22,319.61,67.2,0.4713,0.9832,9,8
95e4144c74c43fe6,4348,0.9658,-915.08,-1112.49,197.42,56.0,0.6267,0.9805,8,9
90f47546b9838054,4377,0.9722,-913.2,-1224.22,311.02,68.0,0.4798,0.9833,9,10
