set,v,N,dir,n,fwd5_n,fwd5_pts_mean,fwd5_atr_mean,fwd5_atr_median,fwd5_pos_share,fwd5_abs_atr_mean,fwd15_n,fwd15_pts_mean,fwd15_atr_mean,fwd15_atr_median,fwd15_pos_share,fwd15_abs_atr_mean,fwd30_n,fwd30_pts_mean,fwd30_atr_mean,fwd30_atr_median,fwd30_pos_share,fwd30_abs_atr_mean,mfe30_atr_mean,mfe30_atr_median,mae30_atr_mean,mae30_atr_median,high_held_15,high_held_30,low_held_15,low_held_30,own_extreme_held_15,own_extreme_held_30,opp_extreme_held_15,opp_extreme_held_30
baseline_all_bars,,20,up,186679,184140.0,-0.25,-0.028,-0.031,0.4855,1.091,178961.0,-0.19,-0.017,0.011,0.5016,1.88,171396.0,-0.17,-0.014,0.07,0.5081,2.697,2.689,2.153,-2.86,-2.225,0.1031,0.0724,0.2488,0.1784,0.1031,0.0724,0.2488,0.1784
baseline_all_bars,,20,down,185810,183342.0,-0.24,-0.032,-0.072,0.4747,1.118,178416.0,-0.12,-0.022,-0.117,0.4774,1.918,170761.0,-0.06,-0.018,-0.165,0.4773,2.742,2.875,2.192,-2.756,-2.253,0.2369,0.1682,0.1055,0.075,0.1055,0.075,0.2369,0.1682
baseline_all_bars,,20,both,372489,367482.0,-0.25,-0.03,-0.052,0.4802,1.104,357377.0,-0.16,-0.019,-0.046,0.4895,1.899,342157.0,-0.12,-0.016,-0.043,0.4927,2.72,2.781,2.173,-2.808,-2.239,0.1699,0.1202,0.1772,0.1268,0.1043,0.0737,0.2428,0.1733
hv_flat_count,2.0,20,flat,579,,,,,,,,,,,,,,,,,,,,,,,,,,,,,,
high_volume,2.0,20,up,29238,28598.0,-0.42,-0.053,-0.096,0.4683,1.135,27844.0,-0.36,-0.044,-0.024,0.492,1.928,25725.0,-0.72,-0.088,-0.017,0.4954,2.769,2.717,2.135,-2.958,-2.307,0.1283,0.0923,0.3079,0.2204,0.1283,0.0923,0.3079,0.2204
high_volume,2.0,20,down,28210,27595.0,-0.39,-0.051,-0.101,0.4668,1.181,26880.0,0.26,0.021,-0.114,0.4783,1.994,24749.0,0.64,0.046,-0.175,0.477,2.836,3.023,2.274,-2.803,-2.317,0.2974,0.2153,0.1299,0.0941,0.1299,0.0941,0.2974,0.2153
high_volume,2.0,20,both,57448,56193.0,-0.4,-0.052,-0.099,0.4675,1.157,54724.0,-0.05,-0.012,-0.071,0.4853,1.961,50474.0,-0.05,-0.022,-0.1,0.4864,2.802,2.868,2.201,-2.882,-2.312,0.2114,0.1526,0.2205,0.1585,0.1291,0.0932,0.3027,0.2179
hv_flat_count,2.0,60,flat,680,,,,,,,,,,,,,,,,,,,,,,,,,,,,,,
high_volume,2.0,60,up,32356,30848.0,-0.56,-0.063,-0.102,0.4654,1.115,28773.0,-0.51,-0.06,-0.026,0.492,1.896,25560.0,-0.69,-0.089,-0.021,0.4951,2.747,2.683,2.109,-2.962,-2.304,0.1285,0.0932,0.3045,0.2172,0.1285,0.0932,0.3045,0.2172
high_volume,2.0,60,down,31518,30121.0,-0.44,-0.047,-0.098,0.4666,1.153,28150.0,0.11,0.019,-0.132,0.4752,1.962,24992.0,0.53,0.062,-0.164,0.4777,2.833,3.028,2.274,-2.778,-2.3,0.2945,0.2133,0.1291,0.0932,0.1291,0.0932,0.2945,0.2133
high_volume,2.0,60,both,63874,60969.0,-0.5,-0.055,-0.1,0.466,1.134,56923.0,-0.21,-0.021,-0.081,0.4837,1.929,50552.0,-0.09,-0.014,-0.101,0.4865,2.79,2.854,2.188,-2.871,-2.302,0.2106,0.1526,0.2177,0.1559,0.1288,0.0932,0.2995,0.2153
hv_flat_count,3.0,20,flat,235,,,,,,,,,,,,,,,,,,,,,,,,,,,,,,
high_volume,3.0,20,up,13302,13161.0,-0.35,-0.042,-0.108,0.4665,1.164,12979.0,-0.46,-0.058,-0.054,0.4865,1.949,11968.0,-0.89,-0.112,-0.078,0.4896,2.774,2.719,2.142,-2.964,-2.324,0.1416,0.1023,0.3379,0.2437,0.1416,0.1023,0.3379,0.2437
high_volume,3.0,20,down,12737,12578.0,-0.33,-0.05,-0.113,0.4627,1.214,12405.0,0.46,0.047,-0.111,0.4799,2.032,11463.0,0.85,0.076,-0.165,0.4774,2.865,3.073,2.304,-2.8,-2.328,0.3241,0.2386,0.1412,0.1051,0.1412,0.1051,0.3241,0.2386
high_volume,3.0,20,both,26039,25739.0,-0.34,-0.046,-0.111,0.4646,1.188,25384.0,-0.01,-0.007,-0.086,0.4833,1.99,23431.0,-0.04,-0.02,-0.118,0.4836,2.818,2.892,2.215,-2.884,-2.327,0.2308,0.169,0.2418,0.1759,0.1414,0.1037,0.3311,0.2412
hv_flat_count,3.0,60,flat,283,,,,,,,,,,,,,,,,,,,,,,,,,,,,,,
high_volume,3.0,60,up,15268,14594.0,-0.62,-0.066,-0.119,0.4615,1.141,13732.0,-0.55,-0.055,-0.056,0.4867,1.908,12108.0,-1.04,-0.129,-0.057,0.4912,2.77,2.689,2.093,-2.98,-2.323,0.1382,0.0996,0.3245,0.2345,0.1382,0.0996,0.3245,0.2345
high_volume,3.0,60,down,14921,14286.0,-0.44,-0.05,-0.117,0.4617,1.191,13483.0,0.35,0.047,-0.119,0.4793,1.978,11922.0,0.68,0.078,-0.18,0.4752,2.828,3.063,2.301,-2.767,-2.316,0.3185,0.2381,0.1379,0.1019,0.1379,0.1019,0.3185,0.2381
high_volume,3.0,60,both,30189,28880.0,-0.53,-0.058,-0.118,0.4616,1.166,27215.0,-0.1,-0.004,-0.086,0.483,1.943,24030.0,-0.19,-0.026,-0.119,0.4833,2.799,2.875,2.19,-2.874,-2.32,0.2276,0.1683,0.232,0.1687,0.138,0.1007,0.3216,0.2363
hv_flat_count,4.0,20,flat,125,,,,,,,,,,,,,,,,,,,,,,,,,,,,,,
high_volume,4.0,20,up,7394,7356.0,-0.1,-0.025,-0.09,0.474,1.195,7284.0,-0.0,-0.018,-0.047,0.4879,1.972,6744.0,-0.41,-0.083,-0.079,0.4877,2.785,2.751,2.155,-2.937,-2.286,0.1531,0.1128,0.3649,0.2699,0.1531,0.1128,0.3649,0.2699
high_volume,4.0,20,down,6943,6897.0,-0.16,-0.027,-0.11,0.4651,1.251,6838.0,0.65,0.079,-0.089,0.4844,2.059,6398.0,1.26,0.116,-0.152,0.4805,2.911,3.143,2.389,-2.779,-2.315,0.3539,0.2687,0.15,0.1124,0.15,0.1124,0.3539,0.2687
high_volume,4.0,20,both,14337,14253.0,-0.13,-0.026,-0.1,0.4697,1.222,14122.0,0.31,0.029,-0.069,0.4862,2.014,13142.0,0.4,0.014,-0.115,0.4842,2.847,2.942,2.247,-2.86,-2.303,0.2503,0.1887,0.2609,0.1932,0.1516,0.1126,0.3596,0.2693
hv_flat_count,4.0,60,flat,156,,,,,,,,,,,,,,,,,,,,,,,,,,,,,,
high_volume,4.0,60,up,8470,8200.0,-0.52,-0.052,-0.123,0.4627,1.192,7810.0,-0.43,-0.049,-0.082,0.4821,1.961,6934.0,-1.21,-0.15,-0.108,0.4849,2.797,2.689,2.083,-3.006,-2.356,0.1512,0.1125,0.3469,0.2519,0.1512,0.1125,0.3469,0.2519
high_volume,4.0,60,down,8252,7976.0,-0.41,-0.046,-0.119,0.4624,1.236,7637.0,0.63,0.071,-0.105,0.4807,1.999,6816.0,1.21,0.121,-0.149,0.4821,2.847,3.121,2.361,-2.753,-2.304,0.3355,0.254,0.1423,0.1059,0.1423,0.1059,0.3355,0.254
high_volume,4.0,60,both,16722,16176.0,-0.47,-0.049,-0.121,0.4625,1.213,15447.0,0.09,0.011,-0.093,0.4814,1.98,13750.0,-0.01,-0.016,-0.126,0.4835,2.821,2.903,2.21,-2.881,-2.325,0.2423,0.1826,0.2457,0.1796,0.1468,0.1092,0.3412,0.2529
