level,skip_when_last,cell,id,family,kept_n,kept_share,kept_mean,skipped_mean,diff,diff_top1_removed,control_pct,perm_p,loser_recall,loser_precision,winner_recall,winner_recall_weighted,top_decile_winners_skipped,kept_pf,kept_mean_slip8,sign_blocks,kept_win_rate,skipped_win_rate,go_raw
prot,broke,"{""level"": ""prot"", ""skip_when_last"": ""broke""}",4fc3902e61454f5e,h4/touch_gate,829,0.9964,-286.85,2511.94,-2798.79,-3578.69,8.8,0.4738,0.0031,0.6667,0.9946,0.9938,0.0,0.893,-676.81,2,0.2207,0.3333,False
prot,held,"{""level"": ""prot"", ""skip_when_last"": ""held""}",096e34f1d9907f78,h4/touch_gate,223,0.268,-470.49,-205.82,-264.68,-23.37,21.6,0.7371,0.7269,0.7734,0.25,0.2554,0.7895,0.829,-860.46,4,0.2063,0.2266,False
prot,pending,"{""level"": ""prot"", ""skip_when_last"": ""pending""}",23ee5cd6705d3e7d,h4/touch_gate,694,0.8341,-283.92,-240.72,-43.2,-650.39,52.9,0.964,0.1605,0.7536,0.8152,0.8547,0.1053,0.896,-673.89,8,0.2161,0.2464,False
room,broke,"{""level"": ""room"", ""skip_when_last"": ""broke""}",f39f9f975ca1e7a3,h4/touch_gate,683,0.8209,-587.49,1147.61,-1735.1,-382.39,48.0,0.055,0.1728,0.7517,0.7989,0.7178,0.3684,0.781,-977.45,4,0.2152,0.2483,False
room,held,"{""level"": ""room"", ""skip_when_last"": ""held""}",6a4bd44ed294d96c,h4/touch_gate,771,0.9267,-113.85,-2335.82,2221.97,1384.76,99.5,0.092,0.0864,0.918,0.9728,0.9783,0.0,0.957,-503.81,10,0.2322,0.082,False
room,pending,"{""level"": ""room"", ""skip_when_last"": ""pending""}",0e0b57a2d4b3fa4c,h4/touch_gate,669,0.8041,-336.53,-31.44,-305.09,-563.97,18.7,0.7431,0.1944,0.773,0.7989,0.8098,0.1579,0.878,-726.49,8,0.2197,0.227,False
swing,broke,"{""level"": ""swing"", ""skip_when_last"": ""broke""}",a513568feef6df11,h4/touch_gate,380,0.4567,-332.74,-229.7,-103.04,-280.42,63.0,0.8901,0.5401,0.7743,0.4457,0.4262,0.7368,0.87,-722.7,4,0.2158,0.2257,False
swing,held,"{""level"": ""swing"", ""skip_when_last"": ""held""}",7f3bdf6c8658015c,h4/touch_gate,661,0.7945,-444.28,370.8,-815.08,364.18,43.9,0.3663,0.2083,0.7895,0.8043,0.7228,0.2105,0.831,-834.24,7,0.2239,0.2105,False
swing,pending,"{""level"": ""swing"", ""skip_when_last"": ""pending""}",bf1d6d3a3066cd94,h4/touch_gate,631,0.7584,-41.3,-1015.92,974.61,207.11,29.4,0.2414,0.2454,0.791,0.7717,0.8678,0.0526,0.985,-431.27,8,0.225,0.209,False
