kind,verdict,n_bars,n,abs_mean,abs_median,abs_p75,abs_p90,abs_share_gt1,abs_share_gt2,move_mean,move_median,move_p25,move_p75,move_share_pos,move_share_gt1,move_share_gt2,mfe_mean,mfe_median,mfe_p75,beyond_mean,beyond_median,beyond_share_pos
baseline_all_bars,any,15,61233,1.814,1.375,2.507,3.91,0.6173,0.3431,,,,,,,,,,,,,
baseline_all_bars,any,30,45889,2.474,1.914,3.434,5.356,0.7159,0.4814,,,,,,,,,,,,,
baseline_all_bars,any,60,15280,3.328,2.598,4.662,6.963,0.7916,0.5974,,,,,,,,,,,,,
prot,broke,15,409,1.999,1.567,2.711,4.225,0.6675,0.3839,-0.037,-0.043,-1.557,1.591,0.4866,0.3374,0.1932,1.986,1.444,2.785,0.991,0.848,0.6284
prot,broke,30,285,2.706,2.067,3.856,5.879,0.7439,0.5263,-0.074,0.047,-2.001,2.109,0.5088,0.3509,0.2737,2.54,1.827,3.599,0.944,0.871,0.6105
prot,broke,60,110,3.787,2.912,5.745,7.213,0.8273,0.6727,0.062,0.512,-2.897,2.933,0.5455,0.4455,0.3727,3.266,2.556,4.661,1.205,1.63,0.6364
prot,held,15,502,1.894,1.346,2.689,4.081,0.6076,0.3705,-0.075,-0.014,-1.437,1.201,0.494,0.2849,0.1713,1.844,1.404,2.559,,,
prot,held,30,366,2.576,2.014,3.691,5.595,0.7596,0.5027,-0.19,-0.117,-2.205,1.83,0.4809,0.3661,0.2268,2.431,1.981,3.373,,,
prot,held,60,130,3.643,2.847,4.595,7.155,0.8769,0.7077,-0.336,-1.177,-2.918,2.571,0.4,0.3538,0.3077,3.303,2.805,4.492,,,
room,broke,15,12612,1.885,1.464,2.632,4.022,0.6417,0.3664,0.023,-0.004,-1.446,1.485,0.4975,0.3222,0.1848,1.9,1.44,2.667,1.142,1.053,0.6867
room,broke,30,9547,2.518,1.999,3.509,5.383,0.7347,0.4998,0.085,0.056,-1.897,2.077,0.5073,0.3757,0.2598,2.533,1.978,3.507,1.204,1.153,0.651
room,broke,60,3970,3.451,2.659,4.873,7.144,0.8126,0.5955,0.197,0.159,-2.428,2.833,0.5161,0.4295,0.3194,3.368,2.661,4.561,1.408,1.335,0.6348
room,held,15,14880,1.767,1.332,2.423,3.84,0.6068,0.3327,-0.008,-0.001,-1.339,1.322,0.4987,0.3026,0.1659,1.795,1.396,2.467,,,
room,held,30,11194,2.405,1.836,3.338,5.271,0.7081,0.4674,0.014,0.049,-1.819,1.855,0.5053,0.3579,0.2359,2.423,1.901,3.312,,,
room,held,60,3506,3.212,2.461,4.616,6.732,0.7898,0.5836,0.041,0.123,-2.401,2.54,0.5106,0.4084,0.3012,3.129,2.487,4.326,,,
swing,broke,15,8092,1.931,1.468,2.684,4.113,0.6455,0.3758,0.056,-0.004,-1.416,1.514,0.4983,0.3271,0.1956,1.992,1.491,2.752,1.139,1.03,0.6873
swing,broke,30,5197,2.638,2.049,3.714,5.707,0.7304,0.5116,0.127,0.135,-1.889,2.166,0.5191,0.3829,0.2694,2.693,2.067,3.831,1.186,1.156,0.6552
swing,broke,60,760,3.386,2.516,4.877,7.293,0.8066,0.5882,0.505,0.296,-1.806,3.029,0.5395,0.4592,0.3526,3.463,2.64,4.725,1.571,1.483,0.6671
swing,held,15,8897,1.871,1.383,2.56,4.103,0.6173,0.3461,-0.053,-0.023,-1.454,1.307,0.495,0.2984,0.1651,1.892,1.456,2.543,,,
swing,held,30,5507,2.543,1.898,3.497,5.643,0.7129,0.4792,-0.019,0.023,-1.918,1.885,0.503,0.355,0.2375,2.523,1.942,3.37,,,
swing,held,60,576,3.132,2.33,4.356,6.549,0.7726,0.5833,-0.051,0.119,-2.394,2.279,0.5139,0.3837,0.2899,3.068,2.451,4.294,,,
