instrument_token,exchange_token,tradingsymbol,name,last_price,expiry,strike,tick_size,lot_size,instrument_type,segment,exchange
256265,1001,"NIFTY 50","NIFTY 50",0.00,17-07-2025,0.00,0.00,0,EQ,INDICES,NSE
9016578,35221,NIFTY25DEC30000CE,NIFTY,0.00,24-12-2025,30000.00,0.05,75,CE,NFO-OPT,NFO
9016834,35222,NIFTY25DEC30000PE,NIFTY,0.00,24-12-2025,30000.00,0.05,75,PE,NFO-OPT,NFO
9018626,35229,NIFTY26JUN30000CE,NIFTY,0.00,25-06-2026,30000.00,0.05,75,CE,NFO-OPT,NFO
9019138,35231,NIFTY26JUN30000PE,NIFTY,0.00,25-06-2026,30000.00,0.05,75,PE,NFO-OPT,NFO
9020162,35235,NIFTY26DEC30000CE,NIFTY,0.00,31-12-2026,30000.00,0.05,75,CE,NFO-OPT,NFO
9020674,35237,NIFTY26DEC30000PE,NIFTY,0.00,31-12-2026,30000.00,0.05,75,PE,NFO-OPT,NFO
9027074,35262,NIFTY27JUN30000CE,NIFTY,0.00,24-06-2027,30000.00,0.05,75,CE,NFO-OPT,NFO
9027330,35263,NIFTY27JUN30000PE,NIFTY,0.00,24-06-2027,30000.00,0.05,75,PE,NFO-OPT,NFO
9048578,35346,NIFTY27DEC30000CE,NIFTY,0.00,30-12-2027,30000.00,0.05,75,CE,NFO-OPT,NFO
9048834,35347,NIFTY27DEC30000PE,NIFTY,0.00,30-12-2027,30000.00,0.05,75,PE,NFO-OPT,NFO
9050114,35352,NIFTY28JUN30000CE,NIFTY,0.00,29-06-2028,30000.00,0.05,75,CE,NFO-OPT,NFO
9050370,35353,NIFTY28JUN30000PE,NIFTY,0.00,29-06-2028,30000.00,0.05,75,PE,NFO-OPT,NFO
9392130,36688,NIFTY25DEC19500CE,NIFTY,0.00,24-12-2025,19500.00,0.05,75,CE,NFO-OPT,NFO
9675522,37795,NIFTY25DEC23000CE,NIFTY,0.00,24-12-2025,23000.00,0.05,75,CE,NFO-OPT,NFO
9675778,37796,NIFTY25DEC23000PE,NIFTY,0.00,24-12-2025,23000.00,0.05,75,PE,NFO-OPT,NFO
9676034,37797,NIFTY25DEC13000PE,NIFTY,0.00,24-12-2025,13000.00,0.05,75,PE,NFO-OPT,NFO
9676546,37799,NIFTY26JUN23000CE,NIFTY,0.00,25-06-2026,23000.00,0.05,75,CE,NFO-OPT,NFO
9677314,37802,NIFTY26JUN13000PE,NIFTY,0.00,25-06-2026,13000.00,0.05,75,PE,NFO-OPT,NFO
9678082,37805,NIFTY26JUN23000PE,NIFTY,0.00,25-06-2026,23000.00,0.05,75,PE,NFO-OPT,NFO
9678338,37806,NIFTY26DEC23000CE,NIFTY,0.00,31-12-2026,23000.00,0.05,75,CE,NFO-OPT,NFO
9679362,37810,NIFTY26DEC23000PE,NIFTY,0.00,31-12-2026,23000.00,0.05,75,PE,NFO-OPT,NFO
9766914,38152,NIFTY25DEC29000CE,NIFTY,0.00,24-12-2025,29000.00,0.05,75,CE,NFO-OPT,NFO
9767170,38153,NIFTY25DEC29000PE,NIFTY,0.00,24-12-2025,29000.00,0.05,75,PE,NFO-OPT,NFO
9767426,38154,NIFTY26JUN29000CE,NIFTY,0.00,25-06-2026,29000.00,0.05,75,CE,NFO-OPT,NFO
9768194,38157,NIFTY26JUN29000PE,NIFTY,0.00,25-06-2026,29000.00,0.05,75,PE,NFO-OPT,NFO
9768450,38158,NIFTY26DEC29000CE,NIFTY,0.00,31-12-2026,29000.00,0.05,75,CE,NFO-OPT,NFO
9768706,38159,NIFTY26DEC29000PE,NIFTY,0.00,31-12-2026,29000.00,0.05,75,PE,NFO-OPT,NFO
9768962,38160,NIFTY27JUN29000CE,NIFTY,0.00,24-06-2027,29000.00,0.05,75,CE,NFO-OPT,NFO
9769730,38163,NIFTY27JUN29000PE,NIFTY,0.00,24-06-2027,29000.00,0.05,75,PE,NFO-OPT,NFO
9769986,38164,NIFTY27DEC29000CE,NIFTY,0.00,30-12-2027,29000.00,0.05,75,CE,NFO-OPT,NFO
9770242,38165,NIFTY27DEC29000PE,NIFTY,0.00,30-12-2027,29000.00,0.05,75,PE,NFO-OPT,NFO
9824258,38376,NIFTY25DEC20000CE,NIFTY,0.00,24-12-2025,20000.00,0.05,75,CE,NFO-OPT,NFO
9824514,38377,NIFTY25DEC20000PE,NIFTY,0.00,24-12-2025,20000.00,0.05,75,PE,NFO-OPT,NFO
9824770,38378,NIFTY26JUN20000CE,NIFTY,0.00,25-06-2026,20000.00,0.05,75,CE,NFO-OPT,NFO
9825282,38380,NIFTY26JUN20000PE,NIFTY,0.00,25-06-2026,20000.00,0.05,75,PE,NFO-OPT,NFO
10150658,39651,NIFTY2580723350CE,NIFTY,0.00,07-08-2025,23350.00,0.05,75,CE,NFO-OPT,NFO
10150914,39652,NIFTY2580723350PE,NIFTY,0.00,07-08-2025,23350.00,0.05,75,PE,NFO-OPT,NFO
10154754,39667,NIFTY2580723400CE,NIFTY,0.00,07-08-2025,23400.00,0.05,75,CE,NFO-OPT,NFO
10155010,39668,NIFTY2580723400PE,NIFTY,0.00,07-08-2025,23400.00,0.05,75,PE,NFO-OPT,NFO
10155266,39669,NIFTY2580723450CE,NIFTY,0.00,07-08-2025,23450.00,0.05,75,CE,NFO-OPT,NFO
10155522,39670,NIFTY2580723450PE,NIFTY,0.00,07-08-2025,23450.00,0.05,75,PE,NFO-OPT,NFO
10155778,39671,NIFTY2580723500CE,NIFTY,0.00,07-08-2025,23500.00,0.05,75,CE,NFO-OPT,NFO
10156034,39672,NIFTY2580723500PE,NIFTY,0.00,07-08-2025,23500.00,0.05,75,PE,NFO-OPT,NFO
10156290,39673,NIFTY2580723550CE,NIFTY,0.00,07-08-2025,23550.00,0.05,75,CE,NFO-OPT,NFO
10157058,39676,NIFTY2580723550PE,NIFTY,0.00,07-08-2025,23550.00,0.05,75,PE,NFO-OPT,NFO
10158082,39680,NIFTY2580723600CE,NIFTY,0.00,07-08-2025,23600.00,0.05,75,CE,NFO-OPT,NFO
10158594,39682,NIFTY2580723600PE,NIFTY,0.00,07-08-2025,23600.00,0.05,75,PE,NFO-OPT,NFO
10159106,39684,NIFTY2580723650CE,NIFTY,0.00,07-08-2025,23650.00,0.05,75,CE,NFO-OPT,NFO
10159874,39687,NIFTY2580723650PE,NIFTY,0.00,07-08-2025,23650.00,0.05,75,PE,NFO-OPT,NFO
10163458,39701,NIFTY2580723700CE,NIFTY,0.00,07-08-2025,23700.00,0.05,75,CE,NFO-OPT,NFO
10164226,39704,NIFTY2580723700PE,NIFTY,0.00,07-08-2025,23700.00,0.05,75,PE,NFO-OPT,NFO
10164482,39705,NIFTY2580723750CE,NIFTY,0.00,07-08-2025,23750.00,0.05,75,CE,NFO-OPT,NFO
10164738,39706,NIFTY2580723750PE,NIFTY,0.00,07-08-2025,23750.00,0.05,75,PE,NFO-OPT,NFO
10165506,39709,NIFTY2580723800CE,NIFTY,0.00,07-08-2025,23800.00,0.05,75,CE,NFO-OPT,NFO
10165762,39710,NIFTY2580723800PE,NIFTY,0.00,07-08-2025,23800.00,0.05,75,PE,NFO-OPT,NFO
10166530,39713,NIFTY2580723850CE,NIFTY,0.00,07-08-2025,23850.00,0.05,75,CE,NFO-OPT,NFO
10166786,39714,NIFTY2580723850PE,NIFTY,0.00,07-08-2025,23850.00,0.05,75,PE,NFO-OPT,NFO
10172418,39736,NIFTY2580723900CE,NIFTY,0.00,07-08-2025,23900.00,0.05,75,CE,NFO-OPT,NFO
10172674,39737,NIFTY2580723900PE,NIFTY,0.00,07-08-2025,23900.00,0.05,75,PE,NFO-OPT,NFO
10172930,39738,NIFTY2580723950CE,NIFTY,0.00,07-08-2025,23950.00,0.05,75,CE,NFO-OPT,NFO
10173186,39739,NIFTY2580723950PE,NIFTY,0.00,07-08-2025,23950.00,0.05,75,PE,NFO-OPT,NFO
10174466,39744,NIFTY2580724000CE,NIFTY,0.00,07-08-2025,24000.00,0.05,75,CE,NFO-OPT,NFO
10174722,39745,NIFTY2580724000PE,NIFTY,0.00,07-08-2025,24000.00,0.05,75,PE,NFO-OPT,NFO
10176002,39750,NIFTY2580724050CE,NIFTY,0.00,07-08-2025,24050.00,0.05,75,CE,NFO-OPT,NFO
10176258,39751,NIFTY2580724050PE,NIFTY,0.00,07-08-2025,24050.00,0.05,75,PE,NFO-OPT,NFO
10176514,39752,NIFTY2580724100CE,NIFTY,0.00,07-08-2025,24100.00,0.05,75,CE,NFO-OPT,NFO
10176770,39753,NIFTY2580724100PE,NIFTY,0.00,07-08-2025,24100.00,0.05,75,PE,NFO-OPT,NFO
10178050,39758,NIFTY2580724150CE,NIFTY,0.00,07-08-2025,24150.00,0.05,75,CE,NFO-OPT,NFO
10178306,39759,NIFTY2580724150PE,NIFTY,0.00,07-08-2025,24150.00,0.05,75,PE,NFO-OPT,NFO
10183682,39780,NIFTY2580724200CE,NIFTY,0.00,07-08-2025,24200.00,0.05,75,CE,NFO-OPT,NFO
10183938,39781,NIFTY2580724200PE,NIFTY,0.00,07-08-2025,24200.00,0.05,75,PE,NFO-OPT,NFO
10184194,39782,NIFTY2580724250CE,NIFTY,0.00,07-08-2025,24250.00,0.05,75,CE,NFO-OPT,NFO
10184450,39783,NIFTY2580724250PE,NIFTY,0.00,07-08-2025,24250.00,0.05,75,PE,NFO-OPT,NFO
10186242,39790,NIFTY2580724300CE,NIFTY,0.00,07-08-2025,24300.00,0.05,75,CE,NFO-OPT,NFO
10186498,39791,NIFTY2580724300PE,NIFTY,0.00,07-08-2025,24300.00,0.05,75,PE,NFO-OPT,NFO
10188290,39798,NIFTY2580724350CE,NIFTY,0.00,07-08-2025,24350.00,0.05,75,CE,NFO-OPT,NFO
10188546,39799,NIFTY2580724350PE,NIFTY,0.00,07-08-2025,24350.00,0.05,75,PE,NFO-OPT,NFO
10189826,39804,NIFTY2580724400CE,NIFTY,0.00,07-08-2025,24400.00,0.05,75,CE,NFO-OPT,NFO
10190082,39805,NIFTY2580724400PE,NIFTY,0.00,07-08-2025,24400.00,0.05,75,PE,NFO-OPT,NFO
10194434,39822,NIFTY2580724450CE,NIFTY,0.00,07-08-2025,24450.00,0.05,75,CE,NFO-OPT,NFO
10194690,39823,NIFTY2580724450PE,NIFTY,0.00,07-08-2025,24450.00,0.05,75,PE,NFO-OPT,NFO
10196738,39831,NIFTY2580724500CE,NIFTY,0.00,07-08-2025,24500.00,0.05,75,CE,NFO-OPT,NFO
10196994,39832,NIFTY2580724500PE,NIFTY,0.00,07-08-2025,24500.00,0.05,75,PE,NFO-OPT,NFO
10199298,39841,NIFTY2580724550CE,NIFTY,0.00,07-08-2025,24550.00,0.05,75,CE,NFO-OPT,NFO
10199554,39842,NIFTY2580724550PE,NIFTY,0.00,07-08-2025,24550.00,0.05,75,PE,NFO-OPT,NFO
10200322,39845,NIFTY2580724600CE,NIFTY,0.00,07-08-2025,24600.00,0.05,75,CE,NFO-OPT,NFO
10200578,39846,NIFTY2580724600PE,NIFTY,0.00,07-08-2025,24600.00,0.05,75,PE,NFO-OPT,NFO
10202114,39852,NIFTY2580724650CE,NIFTY,0.00,07-08-2025,24650.00,0.05,75,CE,NFO-OPT,NFO
10202370,39853,NIFTY2580724650PE,NIFTY,0.00,07-08-2025,24650.00,0.05,75,PE,NFO-OPT,NFO
10202626,39854,NIFTY2580724700CE,NIFTY,0.00,07-08-2025,24700.00,0.05,75,CE,NFO-OPT,NFO
10202882,39855,NIFTY2580724700PE,NIFTY,0.00,07-08-2025,24700.00,0.05,75,PE,NFO-OPT,NFO
10203138,39856,NIFTY2580724750CE,NIFTY,0.00,07-08-2025,24750.00,0.05,75,CE,NFO-OPT,NFO
10203394,39857,NIFTY2580724750PE,NIFTY,0.00,07-08-2025,24750.00,0.05,75,PE,NFO-OPT,NFO
10203650,39858,NIFTY2580724800CE,NIFTY,0.00,07-08-2025,24800.00,0.05,75,CE,NFO-OPT,NFO
10203906,39859,NIFTY2580724800PE,NIFTY,0.00,07-08-2025,24800.00,0.05,75,PE,NFO-OPT,NFO
10204162,39860,NIFTY2580724850CE,NIFTY,0.00,07-08-2025,24850.00,0.05,75,CE,NFO-OPT,NFO
10204418,39861,NIFTY2580724850PE,NIFTY,0.00,07-08-2025,24850.00,0.05,75,PE,NFO-OPT,NFO
10204674,39862,NIFTY2580724900CE,NIFTY,0.00,07-08-2025,24900.00,0.05,75,CE,NFO-OPT,NFO
10204930,39863,NIFTY2580724900PE,NIFTY,0.00,07-08-2025,24900.00,0.05,75,PE,NFO-OPT,NFO
10205186,39864,NIFTY2580724950CE,NIFTY,0.00,07-08-2025,24950.00,0.05,75,CE,NFO-OPT,NFO
10205442,39865,NIFTY2580724950PE,NIFTY,0.00,07-08-2025,24950.00,0.05,75,PE,NFO-OPT,NFO
10205698,39866,NIFTY2580725000CE,NIFTY,0.00,07-08-2025,25000.00,0.05,75,CE,NFO-OPT,NFO
10205954,39867,NIFTY2580725000PE,NIFTY,0.00,07-08-2025,25000.00,0.05,75,PE,NFO-OPT,NFO
10206210,39868,NIFTY2580725050CE,NIFTY,0.00,07-08-2025,25050.00,0.05,75,CE,NFO-OPT,NFO
10206466,39869,NIFTY2580725050PE,NIFTY,0.00,07-08-2025,25050.00,0.05,75,PE,NFO-OPT,NFO
10206722,39870,NIFTY2580725100CE,NIFTY,0.00,07-08-2025,25100.00,0.05,75,CE,NFO-OPT,NFO
10206978,39871,NIFTY2580725100PE,NIFTY,0.00,07-08-2025,25100.00,0.05,75,PE,NFO-OPT,NFO
10207234,39872,NIFTY2580725150CE,NIFTY,0.00,07-08-2025,25150.00,0.05,75,CE,NFO-OPT,NFO
10207490,39873,NIFTY2580725150PE,NIFTY,0.00,07-08-2025,25150.00,0.05,75,PE,NFO-OPT,NFO
10207746,39874,NIFTY2580725200CE,NIFTY,0.00,07-08-2025,25200.00,0.05,75,CE,NFO-OPT,NFO
10208002,39875,NIFTY2580725200PE,NIFTY,0.00,07-08-2025,25200.00,0.05,75,PE,NFO-OPT,NFO
10208258,39876,NIFTY2580725250CE,NIFTY,0.00,07-08-2025,25250.00,0.05,75,CE,NFO-OPT,NFO
10208514,39877,NIFTY2580725250PE,NIFTY,0.00,07-08-2025,25250.00,0.05,75,PE,NFO-OPT,NFO
10208770,39878,NIFTY2580725300CE,NIFTY,0.00,07-08-2025,25300.00,0.05,75,CE,NFO-OPT,NFO
10209026,39879,NIFTY2580725300PE,NIFTY,0.00,07-08-2025,25300.00,0.05,75,PE,NFO-OPT,NFO
10210818,39886,NIFTY2580725350CE,NIFTY,0.00,07-08-2025,25350.00,0.05,75,CE,NFO-OPT,NFO
10211074,39887,NIFTY2580725350PE,NIFTY,0.00,07-08-2025,25350.00,0.05,75,PE,NFO-OPT,NFO
10211330,39888,NIFTY2580725400CE,NIFTY,0.00,07-08-2025,25400.00,0.05,75,CE,NFO-OPT,NFO
10211586,39889,NIFTY2580725400PE,NIFTY,0.00,07-08-2025,25400.00,0.05,75,PE,NFO-OPT,NFO
10212354,39892,NIFTY2580725450CE,NIFTY,0.00,07-08-2025,25450.00,0.05,75,CE,NFO-OPT,NFO
10212610,39893,NIFTY2580725450PE,NIFTY,0.00,07-08-2025,25450.00,0.05,75,PE,NFO-OPT,NFO
10213122,39895,NIFTY2580725500CE,NIFTY,0.00,07-08-2025,25500.00,0.05,75,CE,NFO-OPT,NFO
10213378,39896,NIFTY2580725500PE,NIFTY,0.00,07-08-2025,25500.00,0.05,75,PE,NFO-OPT,NFO
10214658,39901,NIFTY2580725550CE,NIFTY,0.00,07-08-2025,25550.00,0.05,75,CE,NFO-OPT,NFO
10214914,39902,NIFTY2580725550PE,NIFTY,0.00,07-08-2025,25550.00,0.05,75,PE,NFO-OPT,NFO
10216194,39907,NIFTY2580725600CE,NIFTY,0.00,07-08-2025,25600.00,0.05,75,CE,NFO-OPT,NFO
10216450,39908,NIFTY2580725600PE,NIFTY,0.00,07-08-2025,25600.00,0.05,75,PE,NFO-OPT,NFO
10216706,39909,NIFTY2580725650CE,NIFTY,0.00,07-08-2025,25650.00,0.05,75,CE,NFO-OPT,NFO
10216962,39910,NIFTY2580725650PE,NIFTY,0.00,07-08-2025,25650.00,0.05,75,PE,NFO-OPT,NFO
10218242,39915,NIFTY2580725700CE,NIFTY,0.00,07-08-2025,25700.00,0.05,75,CE,NFO-OPT,NFO
10219010,39918,NIFTY2580725700PE,NIFTY,0.00,07-08-2025,25700.00,0.05,75,PE,NFO-OPT,NFO
10220290,39923,NIFTY2580725750CE,NIFTY,0.00,07-08-2025,25750.00,0.05,75,CE,NFO-OPT,NFO
10220546,39924,NIFTY2580725750PE,NIFTY,0.00,07-08-2025,25750.00,0.05,75,PE,NFO-OPT,NFO
10220802,39925,NIFTY2580725800CE,NIFTY,0.00,07-08-2025,25800.00,0.05,75,CE,NFO-OPT,NFO
10221058,39926,NIFTY2580725800PE,NIFTY,0.00,07-08-2025,25800.00,0.05,75,PE,NFO-OPT,NFO
10223362,39935,NIFTY2580725850CE,NIFTY,0.00,07-08-2025,25850.00,0.05,75,CE,NFO-OPT,NFO
10223618,39936,NIFTY2580725850PE,NIFTY,0.00,07-08-2025,25850.00,0.05,75,PE,NFO-OPT,NFO
10226434,39947,NIFTY2580725900CE,NIFTY,0.00,07-08-2025,25900.00,0.05,75,CE,NFO-OPT,NFO
10226946,39949,NIFTY2580725900PE,NIFTY,0.00,07-08-2025,25900.00,0.05,75,PE,NFO-OPT,NFO
10227458,39951,NIFTY2580725950CE,NIFTY,0.00,07-08-2025,25950.00,0.05,75,CE,NFO-OPT,NFO
10228226,39954,NIFTY2580725950PE,NIFTY,0.00,07-08-2025,25950.00,0.05,75,PE,NFO-OPT,NFO
10228482,39955,NIFTY2580726000CE,NIFTY,0.00,07-08-2025,26000.00,0.05,75,CE,NFO-OPT,NFO
10228738,39956,NIFTY2580726000PE,NIFTY,0.00,07-08-2025,26000.00,0.05,75,PE,NFO-OPT,NFO
10228994,39957,NIFTY2580726050CE,NIFTY,0.00,07-08-2025,26050.00,0.05,75,CE,NFO-OPT,NFO
10229250,39958,NIFTY2580726050PE,NIFTY,0.00,07-08-2025,26050.00,0.05,75,PE,NFO-OPT,NFO
10233090,39973,NIFTY2580726100CE,NIFTY,0.00,07-08-2025,26100.00,0.05,75,CE,NFO-OPT,NFO
10233346,39974,NIFTY2580726100PE,NIFTY,0.00,07-08-2025,26100.00,0.05,75,PE,NFO-OPT,NFO
10233602,39975,NIFTY2580726150CE,NIFTY,0.00,07-08-2025,26150.00,0.05,75,CE,NFO-OPT,NFO
10233858,39976,NIFTY2580726150PE,NIFTY,0.00,07-08-2025,26150.00,0.05,75,PE,NFO-OPT,NFO
10234114,39977,NIFTY2580726200CE,NIFTY,0.00,07-08-2025,26200.00,0.05,75,CE,NFO-OPT,NFO
10234370,39978,NIFTY2580726200PE,NIFTY,0.00,07-08-2025,26200.00,0.05,75,PE,NFO-OPT,NFO
10235394,39982,NIFTY2580726250CE,NIFTY,0.00,07-08-2025,26250.00,0.05,75,CE,NFO-OPT,NFO
10236418,39986,NIFTY2580726250PE,NIFTY,0.00,07-08-2025,26250.00,0.05,75,PE,NFO-OPT,NFO
10236674,39987,NIFTY25DEC19000CE,NIFTY,0.00,24-12-2025,19000.00,0.05,75,CE,NFO-OPT,NFO
10236930,39988,NIFTY25DEC19000PE,NIFTY,0.00,24-12-2025,19000.00,0.05,75,PE,NFO-OPT,NFO
10237186,39989,NIFTY26JUN19000CE,NIFTY,0.00,25-06-2026,19000.00,0.05,75,CE,NFO-OPT,NFO
10237442,39990,NIFTY26JUN19000PE,NIFTY,0.00,25-06-2026,19000.00,0.05,75,PE,NFO-OPT,NFO
10237698,39991,NIFTY2580726300CE,NIFTY,0.00,07-08-2025,26300.00,0.05,75,CE,NFO-OPT,NFO
10237954,39992,NIFTY2580726300PE,NIFTY,0.00,07-08-2025,26300.00,0.05,75,PE,NFO-OPT,NFO
10239234,39997,NIFTY2580726350CE,NIFTY,0.00,07-08-2025,26350.00,0.05,75,CE,NFO-OPT,NFO
10239490,39998,NIFTY2580726350PE,NIFTY,0.00,07-08-2025,26350.00,0.05,75,PE,NFO-OPT,NFO
10239746,39999,NIFTY2580726400CE,NIFTY,0.00,07-08-2025,26400.00,0.05,75,CE,NFO-OPT,NFO
10240002,40000,NIFTY2580726400PE,NIFTY,0.00,07-08-2025,26400.00,0.05,75,PE,NFO-OPT,NFO
10241282,40005,NIFTY2580726450CE,NIFTY,0.00,07-08-2025,26450.00,0.05,75,CE,NFO-OPT,NFO
10241538,40006,NIFTY2580726450PE,NIFTY,0.00,07-08-2025,26450.00,0.05,75,PE,NFO-OPT,NFO
10242818,40011,NIFTY2580726500CE,NIFTY,0.00,07-08-2025,26500.00,0.05,75,CE,NFO-OPT,NFO
10243074,40012,NIFTY2580726500PE,NIFTY,0.00,07-08-2025,26500.00,0.05,75,PE,NFO-OPT,NFO
10243330,40013,NIFTY2580726550CE,NIFTY,0.00,07-08-2025,26550.00,0.05,75,CE,NFO-OPT,NFO
10244098,40016,NIFTY2580726550PE,NIFTY,0.00,07-08-2025,26550.00,0.05,75,PE,NFO-OPT,NFO
10244354,40017,NIFTY2580726600CE,NIFTY,0.00,07-08-2025,26600.00,0.05,75,CE,NFO-OPT,NFO
10244610,40018,NIFTY2580726600PE,NIFTY,0.00,07-08-2025,26600.00,0.05,75,PE,NFO-OPT,NFO
10246402,40025,NIFTY2580726650CE,NIFTY,0.00,07-08-2025,26650.00,0.05,75,CE,NFO-OPT,NFO
10246658,40026,NIFTY2580726650PE,NIFTY,0.00,07-08-2025,26650.00,0.05,75,PE,NFO-OPT,NFO
10246914,40027,NIFTY2580726700CE,NIFTY,0.00,07-08-2025,26700.00,0.05,75,CE,NFO-OPT,NFO
10247170,40028,NIFTY2580726700PE,NIFTY,0.00,07-08-2025,26700.00,0.05,75,PE,NFO-OPT,NFO
10247426,40029,NIFTY2580726750CE,NIFTY,0.00,07-08-2025,26750.00,0.05,75,CE,NFO-OPT,NFO
10248194,40032,NIFTY2580726750PE,NIFTY,0.00,07-08-2025,26750.00,0.05,75,PE,NFO-OPT,NFO
10251010,40043,NIFTY2580726800CE,NIFTY,0.00,07-08-2025,26800.00,0.05,75,CE,NFO-OPT,NFO
10251266,40044,NIFTY2580726800PE,NIFTY,0.00,07-08-2025,26800.00,0.05,75,PE,NFO-OPT,NFO
10251522,40045,NIFTY2580726850CE,NIFTY,0.00,07-08-2025,26850.00,0.05,75,CE,NFO-OPT,NFO
10253314,40052,NIFTY2580726850PE,NIFTY,0.00,07-08-2025,26850.00,0.05,75,PE,NFO-OPT,NFO
10253570,40053,NIFTY2580726900CE,NIFTY,0.00,07-08-2025,26900.00,0.05,75,CE,NFO-OPT,NFO
10253826,40054,NIFTY2580726900PE,NIFTY,0.00,07-08-2025,26900.00,0.05,75,PE,NFO-OPT,NFO
10256130,40063,NIFTY2580726950CE,NIFTY,0.00,07-08-2025,26950.00,0.05,75,CE,NFO-OPT,NFO
10256386,40064,NIFTY2580726950PE,NIFTY,0.00,07-08-2025,26950.00,0.05,75,PE,NFO-OPT,NFO
10262786,40089,NIFTY2580727000CE,NIFTY,0.00,07-08-2025,27000.00,0.05,75,CE,NFO-OPT,NFO
10263042,40090,NIFTY2580727000PE,NIFTY,0.00,07-08-2025,27000.00,0.05,75,PE,NFO-OPT,NFO
10263298,40091,NIFTY2580727050CE,NIFTY,0.00,07-08-2025,27050.00,0.05,75,CE,NFO-OPT,NFO
10263810,40093,NIFTY2580727050PE,NIFTY,0.00,07-08-2025,27050.00,0.05,75,PE,NFO-OPT,NFO
10264066,40094,NIFTY2580727100CE,NIFTY,0.00,07-08-2025,27100.00,0.05,75,CE,NFO-OPT,NFO
10264578,40096,NIFTY2580727100PE,NIFTY,0.00,07-08-2025,27100.00,0.05,75,PE,NFO-OPT,NFO
10265346,40099,NIFTY2580727150CE,NIFTY,0.00,07-08-2025,27150.00,0.05,75,CE,NFO-OPT,NFO
10265602,40100,NIFTY2580727150PE,NIFTY,0.00,07-08-2025,27150.00,0.05,75,PE,NFO-OPT,NFO
10266370,40103,NIFTY2580727200CE,NIFTY,0.00,07-08-2025,27200.00,0.05,75,CE,NFO-OPT,NFO
10266626,40104,NIFTY2580727200PE,NIFTY,0.00,07-08-2025,27200.00,0.05,75,PE,NFO-OPT,NFO
10267650,40108,NIFTY2580727250CE,NIFTY,0.00,07-08-2025,27250.00,0.05,75,CE,NFO-OPT,NFO
10267906,40109,NIFTY2580727250PE,NIFTY,0.00,07-08-2025,27250.00,0.05,75,PE,NFO-OPT,NFO
10785026,42129,NIFTY25DEC31000CE,NIFTY,0.00,24-12-2025,31000.00,0.05,75,CE,NFO-OPT,NFO
10785794,42132,NIFTY25DEC31000PE,NIFTY,0.00,24-12-2025,31000.00,0.05,75,PE,NFO-OPT,NFO
10786050,42133,NIFTY26JUN31000CE,NIFTY,0.00,25-06-2026,31000.00,0.05,75,CE,NFO-OPT,NFO
10786306,42134,NIFTY26JUN31000PE,NIFTY,0.00,25-06-2026,31000.00,0.05,75,PE,NFO-OPT,NFO
10786818,42136,NIFTY26DEC31000CE,NIFTY,0.00,31-12-2026,31000.00,0.05,75,CE,NFO-OPT,NFO
10787074,42137,NIFTY26DEC31000PE,NIFTY,0.00,31-12-2026,31000.00,0.05,75,PE,NFO-OPT,NFO
10788354,42142,NIFTY27JUN31000CE,NIFTY,0.00,24-06-2027,31000.00,0.05,75,CE,NFO-OPT,NFO
10788610,42143,NIFTY27JUN31000PE,NIFTY,0.00,24-06-2027,31000.00,0.05,75,PE,NFO-OPT,NFO
10788866,42144,NIFTY27DEC31000CE,NIFTY,0.00,30-12-2027,31000.00,0.05,75,CE,NFO-OPT,NFO
10789634,42147,NIFTY27DEC31000PE,NIFTY,0.00,30-12-2027,31000.00,0.05,75,PE,NFO-OPT,NFO
10791682,42155,NIFTY28JUN31000CE,NIFTY,0.00,29-06-2028,31000.00,0.05,75,CE,NFO-OPT,NFO
10792706,42159,NIFTY28JUN31000PE,NIFTY,0.00,29-06-2028,31000.00,0.05,75,PE,NFO-OPT,NFO
11360258,44376,NIFTY2581423350CE,NIFTY,0.00,14-08-2025,23350.00,0.05,75,CE,NFO-OPT,NFO
11360514,44377,NIFTY2581423350PE,NIFTY,0.00,14-08-2025,23350.00,0.05,75,PE,NFO-OPT,NFO
11361794,44382,NIFTY2581423400CE,NIFTY,0.00,14-08-2025,23400.00,0.05,75,CE,NFO-OPT,NFO
11362050,44383,NIFTY2581423400PE,NIFTY,0.00,14-08-2025,23400.00,0.05,75,PE,NFO-OPT,NFO
11363330,44388,NIFTY2581423450CE,NIFTY,0.00,14-08-2025,23450.00,0.05,75,CE,NFO-OPT,NFO
11363586,44389,NIFTY2581423450PE,NIFTY,0.00,14-08-2025,23450.00,0.05,75,PE,NFO-OPT,NFO
11363842,44390,NIFTY2581423500CE,NIFTY,0.00,14-08-2025,23500.00,0.05,75,CE,NFO-OPT,NFO
11364098,44391,NIFTY2581423500PE,NIFTY,0.00,14-08-2025,23500.00,0.05,75,PE,NFO-OPT,NFO
11365378,44396,NIFTY2581423550CE,NIFTY,0.00,14-08-2025,23550.00,0.05,75,CE,NFO-OPT,NFO
11365634,44397,NIFTY2581423550PE,NIFTY,0.00,14-08-2025,23550.00,0.05,75,PE,NFO-OPT,NFO
11366914,44402,NIFTY2581423600CE,NIFTY,0.00,14-08-2025,23600.00,0.05,75,CE,NFO-OPT,NFO
11367170,44403,NIFTY2581423600PE,NIFTY,0.00,14-08-2025,23600.00,0.05,75,PE,NFO-OPT,NFO
11367426,44404,NIFTY2581423650CE,NIFTY,0.00,14-08-2025,23650.00,0.05,75,CE,NFO-OPT,NFO
11367682,44405,NIFTY2581423650PE,NIFTY,0.00,14-08-2025,23650.00,0.05,75,PE,NFO-OPT,NFO
11367938,44406,NIFTY2581423700CE,NIFTY,0.00,14-08-2025,23700.00,0.05,75,CE,NFO-OPT,NFO
11368194,44407,NIFTY2581423700PE,NIFTY,0.00,14-08-2025,23700.00,0.05,75,PE,NFO-OPT,NFO
11368450,44408,NIFTY2581423750CE,NIFTY,0.00,14-08-2025,23750.00,0.05,75,CE,NFO-OPT,NFO
11368706,44409,NIFTY2581423750PE,NIFTY,0.00,14-08-2025,23750.00,0.05,75,PE,NFO-OPT,NFO
11368962,44410,NIFTY2581423800CE,NIFTY,0.00,14-08-2025,23800.00,0.05,75,CE,NFO-OPT,NFO
11369218,44411,NIFTY2581423800PE,NIFTY,0.00,14-08-2025,23800.00,0.05,75,PE,NFO-OPT,NFO
11372546,44424,NIFTY2581423850CE,NIFTY,0.00,14-08-2025,23850.00,0.05,75,CE,NFO-OPT,NFO
11372802,44425,NIFTY2581423850PE,NIFTY,0.00,14-08-2025,23850.00,0.05,75,PE,NFO-OPT,NFO
11373058,44426,NIFTY2581423900CE,NIFTY,0.00,14-08-2025,23900.00,0.05,75,CE,NFO-OPT,NFO
11373314,44427,NIFTY2581423900PE,NIFTY,0.00,14-08-2025,23900.00,0.05,75,PE,NFO-OPT,NFO
11375106,44434,NIFTY2581423950CE,NIFTY,0.00,14-08-2025,23950.00,0.05,75,CE,NFO-OPT,NFO
11375362,44435,NIFTY2581423950PE,NIFTY,0.00,14-08-2025,23950.00,0.05,75,PE,NFO-OPT,NFO
11377666,44444,NIFTY2581424000CE,NIFTY,0.00,14-08-2025,24000.00,0.05,75,CE,NFO-OPT,NFO
11377922,44445,NIFTY2581424000PE,NIFTY,0.00,14-08-2025,24000.00,0.05,75,PE,NFO-OPT,NFO
11379202,44450,NIFTY2581424050CE,NIFTY,0.00,14-08-2025,24050.00,0.05,75,CE,NFO-OPT,NFO
11379458,44451,NIFTY2581424050PE,NIFTY,0.00,14-08-2025,24050.00,0.05,75,PE,NFO-OPT,NFO
11380226,44454,NIFTY2581424100CE,NIFTY,0.00,14-08-2025,24100.00,0.05,75,CE,NFO-OPT,NFO
11380482,44455,NIFTY2581424100PE,NIFTY,0.00,14-08-2025,24100.00,0.05,75,PE,NFO-OPT,NFO
11380738,44456,NIFTY2581424150CE,NIFTY,0.00,14-08-2025,24150.00,0.05,75,CE,NFO-OPT,NFO
11380994,44457,NIFTY2581424150PE,NIFTY,0.00,14-08-2025,24150.00,0.05,75,PE,NFO-OPT,NFO
11381250,44458,NIFTY2581424200CE,NIFTY,0.00,14-08-2025,24200.00,0.05,75,CE,NFO-OPT,NFO
11381506,44459,NIFTY2581424200PE,NIFTY,0.00,14-08-2025,24200.00,0.05,75,PE,NFO-OPT,NFO
11381762,44460,NIFTY2581424250CE,NIFTY,0.00,14-08-2025,24250.00,0.05,75,CE,NFO-OPT,NFO
11382018,44461,NIFTY2581424250PE,NIFTY,0.00,14-08-2025,24250.00,0.05,75,PE,NFO-OPT,NFO
11382274,44462,NIFTY2581424300CE,NIFTY,0.00,14-08-2025,24300.00,0.05,75,CE,NFO-OPT,NFO
11382530,44463,NIFTY2581424300PE,NIFTY,0.00,14-08-2025,24300.00,0.05,75,PE,NFO-OPT,NFO
11382786,44464,NIFTY2581424350CE,NIFTY,0.00,14-08-2025,24350.00,0.05,75,CE,NFO-OPT,NFO
11383042,44465,NIFTY2581424350PE,NIFTY,0.00,14-08-2025,24350.00,0.05,75,PE,NFO-OPT,NFO
11383810,44468,NIFTY2581424400CE,NIFTY,0.00,14-08-2025,24400.00,0.05,75,CE,NFO-OPT,NFO
11384066,44469,NIFTY2581424400PE,NIFTY,0.00,14-08-2025,24400.00,0.05,75,PE,NFO-OPT,NFO
11384322,44470,NIFTY2581424450CE,NIFTY,0.00,14-08-2025,24450.00,0.05,75,CE,NFO-OPT,NFO
11384578,44471,NIFTY2581424450PE,NIFTY,0.00,14-08-2025,24450.00,0.05,75,PE,NFO-OPT,NFO
11384834,44472,NIFTY2581424500CE,NIFTY,0.00,14-08-2025,24500.00,0.05,75,CE,NFO-OPT,NFO
11385090,44473,NIFTY2581424500PE,NIFTY,0.00,14-08-2025,24500.00,0.05,75,PE,NFO-OPT,NFO
11389442,44490,NIFTY2581424550CE,NIFTY,0.00,14-08-2025,24550.00,0.05,75,CE,NFO-OPT,NFO
11389698,44491,NIFTY2581424550PE,NIFTY,0.00,14-08-2025,24550.00,0.05,75,PE,NFO-OPT,NFO
11389954,44492,NIFTY2581424600CE,NIFTY,0.00,14-08-2025,24600.00,0.05,75,CE,NFO-OPT,NFO
11390210,44493,NIFTY2581424600PE,NIFTY,0.00,14-08-2025,24600.00,0.05,75,PE,NFO-OPT,NFO
11390978,44496,NIFTY2581424650CE,NIFTY,0.00,14-08-2025,24650.00,0.05,75,CE,NFO-OPT,NFO
11391234,44497,NIFTY2581424650PE,NIFTY,0.00,14-08-2025,24650.00,0.05,75,PE,NFO-OPT,NFO
11391490,44498,NIFTY2581424700CE,NIFTY,0.00,14-08-2025,24700.00,0.05,75,CE,NFO-OPT,NFO
11391746,44499,NIFTY2581424700PE,NIFTY,0.00,14-08-2025,24700.00,0.05,75,PE,NFO-OPT,NFO
11392002,44500,NIFTY2581424750CE,NIFTY,0.00,14-08-2025,24750.00,0.05,75,CE,NFO-OPT,NFO
11392258,44501,NIFTY2581424750PE,NIFTY,0.00,14-08-2025,24750.00,0.05,75,PE,NFO-OPT,NFO
11393026,44504,NIFTY2581424800CE,NIFTY,0.00,14-08-2025,24800.00,0.05,75,CE,NFO-OPT,NFO
11393282,44505,NIFTY2581424800PE,NIFTY,0.00,14-08-2025,24800.00,0.05,75,PE,NFO-OPT,NFO
11393538,44506,NIFTY2581424850CE,NIFTY,0.00,14-08-2025,24850.00,0.05,75,CE,NFO-OPT,NFO
11393794,44507,NIFTY2581424850PE,NIFTY,0.00,14-08-2025,24850.00,0.05,75,PE,NFO-OPT,NFO
11394050,44508,NIFTY2581424900CE,NIFTY,0.00,14-08-2025,24900.00,0.05,75,CE,NFO-OPT,NFO
11394306,44509,NIFTY2581424900PE,NIFTY,0.00,14-08-2025,24900.00,0.05,75,PE,NFO-OPT,NFO
11394562,44510,NIFTY2581424950CE,NIFTY,0.00,14-08-2025,24950.00,0.05,75,CE,NFO-OPT,NFO
11394818,44511,NIFTY2581424950PE,NIFTY,0.00,14-08-2025,24950.00,0.05,75,PE,NFO-OPT,NFO
11395074,44512,NIFTY2581425000CE,NIFTY,0.00,14-08-2025,25000.00,0.05,75,CE,NFO-OPT,NFO
11395330,44513,NIFTY2581425000PE,NIFTY,0.00,14-08-2025,25000.00,0.05,75,PE,NFO-OPT,NFO
11395586,44514,NIFTY2581425050CE,NIFTY,0.00,14-08-2025,25050.00,0.05,75,CE,NFO-OPT,NFO
11395842,44515,NIFTY2581425050PE,NIFTY,0.00,14-08-2025,25050.00,0.05,75,PE,NFO-OPT,NFO
11396610,44518,NIFTY2581425100CE,NIFTY,0.00,14-08-2025,25100.00,0.05,75,CE,NFO-OPT,NFO
11396866,44519,NIFTY2581425100PE,NIFTY,0.00,14-08-2025,25100.00,0.05,75,PE,NFO-OPT,NFO
11397634,44522,NIFTY2581425150CE,NIFTY,0.00,14-08-2025,25150.00,0.05,75,CE,NFO-OPT,NFO
11397890,44523,NIFTY2581425150PE,NIFTY,0.00,14-08-2025,25150.00,0.05,75,PE,NFO-OPT,NFO
11399170,44528,NIFTY2581425200CE,NIFTY,0.00,14-08-2025,25200.00,0.05,75,CE,NFO-OPT,NFO
11399426,44529,NIFTY2581425200PE,NIFTY,0.00,14-08-2025,25200.00,0.05,75,PE,NFO-OPT,NFO
11399682,44530,NIFTY2581425250CE,NIFTY,0.00,14-08-2025,25250.00,0.05,75,CE,NFO-OPT,NFO
11399938,44531,NIFTY2581425250PE,NIFTY,0.00,14-08-2025,25250.00,0.05,75,PE,NFO-OPT,NFO
11401218,44536,NIFTY2581425300CE,NIFTY,0.00,14-08-2025,25300.00,0.05,75,CE,NFO-OPT,NFO
11401474,44537,NIFTY2581425300PE,NIFTY,0.00,14-08-2025,25300.00,0.05,75,PE,NFO-OPT,NFO
11401730,44538,NIFTY2581425350CE,NIFTY,0.00,14-08-2025,25350.00,0.05,75,CE,NFO-OPT,NFO
11401986,44539,NIFTY2581425350PE,NIFTY,0.00,14-08-2025,25350.00,0.05,75,PE,NFO-OPT,NFO
11402242,44540,NIFTY2581425400CE,NIFTY,0.00,14-08-2025,25400.00,0.05,75,CE,NFO-OPT,NFO
11402498,44541,NIFTY2581425400PE,NIFTY,0.00,14-08-2025,25400.00,0.05,75,PE,NFO-OPT,NFO
11404802,44550,NIFTY2581425450CE,NIFTY,0.00,14-08-2025,25450.00,0.05,75,CE,NFO-OPT,NFO
11405058,44551,NIFTY2581425450PE,NIFTY,0.00,14-08-2025,25450.00,0.05,75,PE,NFO-OPT,NFO
11405314,44552,NIFTY2581425500CE,NIFTY,0.00,14-08-2025,25500.00,0.05,75,CE,NFO-OPT,NFO
11405570,44553,NIFTY2581425500PE,NIFTY,0.00,14-08-2025,25500.00,0.05,75,PE,NFO-OPT,NFO
11405826,44554,NIFTY2581425550CE,NIFTY,0.00,14-08-2025,25550.00,0.05,75,CE,NFO-OPT,NFO
11406082,44555,NIFTY2581425550PE,NIFTY,0.00,14-08-2025,25550.00,0.05,75,PE,NFO-OPT,NFO
11406338,44556,NIFTY2581425600CE,NIFTY,0.00,14-08-2025,25600.00,0.05,75,CE,NFO-OPT,NFO
11406594,44557,NIFTY2581425600PE,NIFTY,0.00,14-08-2025,25600.00,0.05,75,PE,NFO-OPT,NFO
11406850,44558,NIFTY2581425650CE,NIFTY,0.00,14-08-2025,25650.00,0.05,75,CE,NFO-OPT,NFO
11407106,44559,NIFTY2581425650PE,NIFTY,0.00,14-08-2025,25650.00,0.05,75,PE,NFO-OPT,NFO
11407362,44560,NIFTY2581425700CE,NIFTY,0.00,14-08-2025,25700.00,0.05,75,CE,NFO-OPT,NFO
11407618,44561,NIFTY2581425700PE,NIFTY,0.00,14-08-2025,25700.00,0.05,75,PE,NFO-OPT,NFO
11407874,44562,NIFTY2581425750CE,NIFTY,0.00,14-08-2025,25750.00,0.05,75,CE,NFO-OPT,NFO
11408130,44563,NIFTY2581425750PE,NIFTY,0.00,14-08-2025,25750.00,0.05,75,PE,NFO-OPT,NFO
11408386,44564,NIFTY2581425800CE,NIFTY,0.00,14-08-2025,25800.00,0.05,75,CE,NFO-OPT,NFO
11408642,44565,NIFTY2581425800PE,NIFTY,0.00,14-08-2025,25800.00,0.05,75,PE,NFO-OPT,NFO
11408898,44566,NIFTY2581425850CE,NIFTY,0.00,14-08-2025,25850.00,0.05,75,CE,NFO-OPT,NFO
11409154,44567,NIFTY2581425850PE,NIFTY,0.00,14-08-2025,25850.00,0.05,75,PE,NFO-OPT,NFO
11409410,44568,NIFTY2581425900CE,NIFTY,0.00,14-08-2025,25900.00,0.05,75,CE,NFO-OPT,NFO
11409666,44569,NIFTY2581425900PE,NIFTY,0.00,14-08-2025,25900.00,0.05,75,PE,NFO-OPT,NFO
11409922,44570,NIFTY2581425950CE,NIFTY,0.00,14-08-2025,25950.00,0.05,75,CE,NFO-OPT,NFO
11410178,44571,NIFTY2581425950PE,NIFTY,0.00,14-08-2025,25950.00,0.05,75,PE,NFO-OPT,NFO
11410434,44572,NIFTY2581426000CE,NIFTY,0.00,14-08-2025,26000.00,0.05,75,CE,NFO-OPT,NFO
11410690,44573,NIFTY2581426000PE,NIFTY,0.00,14-08-2025,26000.00,0.05,75,PE,NFO-OPT,NFO
11411458,44576,NIFTY2581426050CE,NIFTY,0.00,14-08-2025,26050.00,0.05,75,CE,NFO-OPT,NFO
11411714,44577,NIFTY2581426050PE,NIFTY,0.00,14-08-2025,26050.00,0.05,75,PE,NFO-OPT,NFO
11411970,44578,NIFTY2581426100CE,NIFTY,0.00,14-08-2025,26100.00,0.05,75,CE,NFO-OPT,NFO
11412226,44579,NIFTY2581426100PE,NIFTY,0.00,14-08-2025,26100.00,0.05,75,PE,NFO-OPT,NFO
11413506,44584,NIFTY2581426150CE,NIFTY,0.00,14-08-2025,26150.00,0.05,75,CE,NFO-OPT,NFO
11413762,44585,NIFTY2581426150PE,NIFTY,0.00,14-08-2025,26150.00,0.05,75,PE,NFO-OPT,NFO
11414018,44586,NIFTY2581426200CE,NIFTY,0.00,14-08-2025,26200.00,0.05,75,CE,NFO-OPT,NFO
11414274,44587,NIFTY2581426200PE,NIFTY,0.00,14-08-2025,26200.00,0.05,75,PE,NFO-OPT,NFO
11415042,44590,NIFTY2581426250CE,NIFTY,0.00,14-08-2025,26250.00,0.05,75,CE,NFO-OPT,NFO
11415298,44591,NIFTY2581426250PE,NIFTY,0.00,14-08-2025,26250.00,0.05,75,PE,NFO-OPT,NFO
11415554,44592,NIFTY2581426300CE,NIFTY,0.00,14-08-2025,26300.00,0.05,75,CE,NFO-OPT,NFO
11415810,44593,NIFTY2581426300PE,NIFTY,0.00,14-08-2025,26300.00,0.05,75,PE,NFO-OPT,NFO
11416066,44594,NIFTY2581426350CE,NIFTY,0.00,14-08-2025,26350.00,0.05,75,CE,NFO-OPT,NFO
11416322,44595,NIFTY2581426350PE,NIFTY,0.00,14-08-2025,26350.00,0.05,75,PE,NFO-OPT,NFO
11416578,44596,NIFTY2581426400CE,NIFTY,0.00,14-08-2025,26400.00,0.05,75,CE,NFO-OPT,NFO
11416834,44597,NIFTY2581426400PE,NIFTY,0.00,14-08-2025,26400.00,0.05,75,PE,NFO-OPT,NFO
11417602,44600,NIFTY2581426450CE,NIFTY,0.00,14-08-2025,26450.00,0.05,75,CE,NFO-OPT,NFO
11417858,44601,NIFTY2581426450PE,NIFTY,0.00,14-08-2025,26450.00,0.05,75,PE,NFO-OPT,NFO
11419394,44607,NIFTY2581426500CE,NIFTY,0.00,14-08-2025,26500.00,0.05,75,CE,NFO-OPT,NFO
11419650,44608,NIFTY2581426500PE,NIFTY,0.00,14-08-2025,26500.00,0.05,75,PE,NFO-OPT,NFO
11419906,44609,NIFTY2581426550CE,NIFTY,0.00,14-08-2025,26550.00,0.05,75,CE,NFO-OPT,NFO
11420162,44610,NIFTY2581426550PE,NIFTY,0.00,14-08-2025,26550.00,0.05,75,PE,NFO-OPT,NFO
11420418,44611,NIFTY2581426600CE,NIFTY,0.00,14-08-2025,26600.00,0.05,75,CE,NFO-OPT,NFO
11420674,44612,NIFTY2581426600PE,NIFTY,0.00,14-08-2025,26600.00,0.05,75,PE,NFO-OPT,NFO
11421442,44615,NIFTY2581426650CE,NIFTY,0.00,14-08-2025,26650.00,0.05,75,CE,NFO-OPT,NFO
11421698,44616,NIFTY2581426650PE,NIFTY,0.00,14-08-2025,26650.00,0.05,75,PE,NFO-OPT,NFO
11421954,44617,NIFTY2581426700CE,NIFTY,0.00,14-08-2025,26700.00,0.05,75,CE,NFO-OPT,NFO
11422210,44618,NIFTY2581426700PE,NIFTY,0.00,14-08-2025,26700.00,0.05,75,PE,NFO-OPT,NFO
11422466,44619,NIFTY2581426750CE,NIFTY,0.00,14-08-2025,26750.00,0.05,75,CE,NFO-OPT,NFO
11422722,44620,NIFTY2581426750PE,NIFTY,0.00,14-08-2025,26750.00,0.05,75,PE,NFO-OPT,NFO
11422978,44621,NIFTY2581426800CE,NIFTY,0.00,14-08-2025,26800.00,0.05,75,CE,NFO-OPT,NFO
11423234,44622,NIFTY2581426800PE,NIFTY,0.00,14-08-2025,26800.00,0.05,75,PE,NFO-OPT,NFO
11423490,44623,NIFTY2581426850CE,NIFTY,0.00,14-08-2025,26850.00,0.05,75,CE,NFO-OPT,NFO
11423746,44624,NIFTY2581426850PE,NIFTY,0.00,14-08-2025,26850.00,0.05,75,PE,NFO-OPT,NFO
11424514,44627,NIFTY2581426900CE,NIFTY,0.00,14-08-2025,26900.00,0.05,75,CE,NFO-OPT,NFO
11424770,44628,NIFTY2581426900PE,NIFTY,0.00,14-08-2025,26900.00,0.05,75,PE,NFO-OPT,NFO
11425026,44629,NIFTY2581426950CE,NIFTY,0.00,14-08-2025,26950.00,0.05,75,CE,NFO-OPT,NFO
11425282,44630,NIFTY2581426950PE,NIFTY,0.00,14-08-2025,26950.00,0.05,75,PE,NFO-OPT,NFO
11426050,44633,NIFTY2581427000CE,NIFTY,0.00,14-08-2025,27000.00,0.05,75,CE,NFO-OPT,NFO
11426306,44634,NIFTY2581427000PE,NIFTY,0.00,14-08-2025,27000.00,0.05,75,PE,NFO-OPT,NFO
11426562,44635,NIFTY2581427050CE,NIFTY,0.00,14-08-2025,27050.00,0.05,75,CE,NFO-OPT,NFO
11426818,44636,NIFTY2581427050PE,NIFTY,0.00,14-08-2025,27050.00,0.05,75,PE,NFO-OPT,NFO
11428610,44643,NIFTY2581427100CE,NIFTY,0.00,14-08-2025,27100.00,0.05,75,CE,NFO-OPT,NFO
11428866,44644,NIFTY2581427100PE,NIFTY,0.00,14-08-2025,27100.00,0.05,75,PE,NFO-OPT,NFO
11743490,45873,NIFTY25DEC17000CE,NIFTY,0.00,24-12-2025,17000.00,0.05,75,CE,NFO-OPT,NFO
11743746,45874,NIFTY25DEC17000PE,NIFTY,0.00,24-12-2025,17000.00,0.05,75,PE,NFO-OPT,NFO
12062466,47119,NIFTY2571722950CE,NIFTY,0.00,17-07-2025,22950.00,0.05,75,CE,NFO-OPT,NFO
12062722,47120,NIFTY2571722950PE,NIFTY,0.00,17-07-2025,22950.00,0.05,75,PE,NFO-OPT,NFO
12063234,47122,NIFTY2571723000CE,NIFTY,0.00,17-07-2025,23000.00,0.05,75,CE,NFO-OPT,NFO
12063490,47123,NIFTY2571723000PE,NIFTY,0.00,17-07-2025,23000.00,0.05,75,PE,NFO-OPT,NFO
12064514,47127,NIFTY2571723050CE,NIFTY,0.00,17-07-2025,23050.00,0.05,75,CE,NFO-OPT,NFO
12064770,47128,NIFTY2571723050PE,NIFTY,0.00,17-07-2025,23050.00,0.05,75,PE,NFO-OPT,NFO
12065026,47129,NIFTY2571723100CE,NIFTY,0.00,17-07-2025,23100.00,0.05,75,CE,NFO-OPT,NFO
12065538,47131,NIFTY2571723100PE,NIFTY,0.00,17-07-2025,23100.00,0.05,75,PE,NFO-OPT,NFO
12065794,47132,NIFTY2571723150CE,NIFTY,0.00,17-07-2025,23150.00,0.05,75,CE,NFO-OPT,NFO
12066050,47133,NIFTY2571723150PE,NIFTY,0.00,17-07-2025,23150.00,0.05,75,PE,NFO-OPT,NFO
12066306,47134,NIFTY2571723200CE,NIFTY,0.00,17-07-2025,23200.00,0.05,75,CE,NFO-OPT,NFO
12067330,47138,NIFTY2571723200PE,NIFTY,0.00,17-07-2025,23200.00,0.05,75,PE,NFO-OPT,NFO
12067586,47139,NIFTY2571723250CE,NIFTY,0.00,17-07-2025,23250.00,0.05,75,CE,NFO-OPT,NFO
12068098,47141,NIFTY2571723250PE,NIFTY,0.00,17-07-2025,23250.00,0.05,75,PE,NFO-OPT,NFO
12068354,47142,NIFTY2571723300CE,NIFTY,0.00,17-07-2025,23300.00,0.05,75,CE,NFO-OPT,NFO
12068610,47143,NIFTY2571723300PE,NIFTY,0.00,17-07-2025,23300.00,0.05,75,PE,NFO-OPT,NFO
12068866,47144,NIFTY2571723350CE,NIFTY,0.00,17-07-2025,23350.00,0.05,75,CE,NFO-OPT,NFO
12069378,47146,NIFTY2571723350PE,NIFTY,0.00,17-07-2025,23350.00,0.05,75,PE,NFO-OPT,NFO
12069634,47147,NIFTY2571723400CE,NIFTY,0.00,17-07-2025,23400.00,0.05,75,CE,NFO-OPT,NFO
12070658,47151,NIFTY2571723400PE,NIFTY,0.00,17-07-2025,23400.00,0.05,75,PE,NFO-OPT,NFO
12070914,47152,NIFTY2571723450CE,NIFTY,0.00,17-07-2025,23450.00,0.05,75,CE,NFO-OPT,NFO
12071426,47154,NIFTY2571723450PE,NIFTY,0.00,17-07-2025,23450.00,0.05,75,PE,NFO-OPT,NFO
12071682,47155,NIFTY2571723500CE,NIFTY,0.00,17-07-2025,23500.00,0.05,75,CE,NFO-OPT,NFO
12071938,47156,NIFTY2571723500PE,NIFTY,0.00,17-07-2025,23500.00,0.05,75,PE,NFO-OPT,NFO
12072194,47157,NIFTY2571723550CE,NIFTY,0.00,17-07-2025,23550.00,0.05,75,CE,NFO-OPT,NFO
12072450,47158,NIFTY2571723550PE,NIFTY,0.00,17-07-2025,23550.00,0.05,75,PE,NFO-OPT,NFO
12072706,47159,NIFTY2571723600CE,NIFTY,0.00,17-07-2025,23600.00,0.05,75,CE,NFO-OPT,NFO
12072962,47160,NIFTY2571723600PE,NIFTY,0.00,17-07-2025,23600.00,0.05,75,PE,NFO-OPT,NFO
12073730,47163,NIFTY2571723650CE,NIFTY,0.00,17-07-2025,23650.00,0.05,75,CE,NFO-OPT,NFO
12075266,47169,NIFTY2571723650PE,NIFTY,0.00,17-07-2025,23650.00,0.05,75,PE,NFO-OPT,NFO
12075522,47170,NIFTY2571723700CE,NIFTY,0.00,17-07-2025,23700.00,0.05,75,CE,NFO-OPT,NFO
12076034,47172,NIFTY2571723700PE,NIFTY,0.00,17-07-2025,23700.00,0.05,75,PE,NFO-OPT,NFO
12076290,47173,NIFTY2571723750CE,NIFTY,0.00,17-07-2025,23750.00,0.05,75,CE,NFO-OPT,NFO
12076546,47174,NIFTY2571723750PE,NIFTY,0.00,17-07-2025,23750.00,0.05,75,PE,NFO-OPT,NFO
12077314,47177,NIFTY2571723800CE,NIFTY,0.00,17-07-2025,23800.00,0.05,75,CE,NFO-OPT,NFO
12078082,47180,NIFTY2571723800PE,NIFTY,0.00,17-07-2025,23800.00,0.05,75,PE,NFO-OPT,NFO
12079362,47185,NIFTY2571723850CE,NIFTY,0.00,17-07-2025,23850.00,0.05,75,CE,NFO-OPT,NFO
12079618,47186,NIFTY2571723850PE,NIFTY,0.00,17-07-2025,23850.00,0.05,75,PE,NFO-OPT,NFO
12079874,47187,NIFTY2571723900CE,NIFTY,0.00,17-07-2025,23900.00,0.05,75,CE,NFO-OPT,NFO
12083202,47200,NIFTY2571723900PE,NIFTY,0.00,17-07-2025,23900.00,0.05,75,PE,NFO-OPT,NFO
12083458,47201,NIFTY2571723950CE,NIFTY,0.00,17-07-2025,23950.00,0.05,75,CE,NFO-OPT,NFO
12083714,47202,NIFTY2571723950PE,NIFTY,0.00,17-07-2025,23950.00,0.05,75,PE,NFO-OPT,NFO
12083970,47203,NIFTY2571724000CE,NIFTY,0.00,17-07-2025,24000.00,0.05,75,CE,NFO-OPT,NFO
12084226,47204,NIFTY2571724000PE,NIFTY,0.00,17-07-2025,24000.00,0.05,75,PE,NFO-OPT,NFO
12086018,47211,NIFTY2571724050CE,NIFTY,0.00,17-07-2025,24050.00,0.05,75,CE,NFO-OPT,NFO
12086530,47213,NIFTY2571724050PE,NIFTY,0.00,17-07-2025,24050.00,0.05,75,PE,NFO-OPT,NFO
12086786,47214,NIFTY2571724100CE,NIFTY,0.00,17-07-2025,24100.00,0.05,75,CE,NFO-OPT,NFO
12088066,47219,NIFTY2571724100PE,NIFTY,0.00,17-07-2025,24100.00,0.05,75,PE,NFO-OPT,NFO
12088322,47220,NIFTY2571724150CE,NIFTY,0.00,17-07-2025,24150.00,0.05,75,CE,NFO-OPT,NFO
12089858,47226,NIFTY2571724150PE,NIFTY,0.00,17-07-2025,24150.00,0.05,75,PE,NFO-OPT,NFO
12090114,47227,NIFTY2571724200CE,NIFTY,0.00,17-07-2025,24200.00,0.05,75,CE,NFO-OPT,NFO
12090370,47228,NIFTY2571724200PE,NIFTY,0.00,17-07-2025,24200.00,0.05,75,PE,NFO-OPT,NFO
12090626,47229,NIFTY2571724250CE,NIFTY,0.00,17-07-2025,24250.00,0.05,75,CE,NFO-OPT,NFO
12090882,47230,NIFTY2571724250PE,NIFTY,0.00,17-07-2025,24250.00,0.05,75,PE,NFO-OPT,NFO
12091650,47233,NIFTY2571724300CE,NIFTY,0.00,17-07-2025,24300.00,0.05,75,CE,NFO-OPT,NFO
12091906,47234,NIFTY2571724300PE,NIFTY,0.00,17-07-2025,24300.00,0.05,75,PE,NFO-OPT,NFO
12092162,47235,NIFTY2571724350CE,NIFTY,0.00,17-07-2025,24350.00,0.05,75,CE,NFO-OPT,NFO
12092418,47236,NIFTY2571724350PE,NIFTY,0.00,17-07-2025,24350.00,0.05,75,PE,NFO-OPT,NFO
12092674,47237,NIFTY2571724400CE,NIFTY,0.00,17-07-2025,24400.00,0.05,75,CE,NFO-OPT,NFO
12092930,47238,NIFTY2571724400PE,NIFTY,0.00,17-07-2025,24400.00,0.05,75,PE,NFO-OPT,NFO
12093186,47239,NIFTY2571724450CE,NIFTY,0.00,17-07-2025,24450.00,0.05,75,CE,NFO-OPT,NFO
12093954,47242,NIFTY2571724450PE,NIFTY,0.00,17-07-2025,24450.00,0.05,75,PE,NFO-OPT,NFO
12094210,47243,NIFTY2571724500CE,NIFTY,0.00,17-07-2025,24500.00,0.05,75,CE,NFO-OPT,NFO
12094466,47244,NIFTY2571724500PE,NIFTY,0.00,17-07-2025,24500.00,0.05,75,PE,NFO-OPT,NFO
12094722,47245,NIFTY2571724550CE,NIFTY,0.00,17-07-2025,24550.00,0.05,75,CE,NFO-OPT,NFO
12094978,47246,NIFTY2571724550PE,NIFTY,0.00,17-07-2025,24550.00,0.05,75,PE,NFO-OPT,NFO
12095234,47247,NIFTY2571724600CE,NIFTY,0.00,17-07-2025,24600.00,0.05,75,CE,NFO-OPT,NFO
12098050,47258,NIFTY2571724600PE,NIFTY,0.00,17-07-2025,24600.00,0.05,75,PE,NFO-OPT,NFO
12098306,47259,NIFTY2571724650CE,NIFTY,0.00,17-07-2025,24650.00,0.05,75,CE,NFO-OPT,NFO
12098562,47260,NIFTY2571724650PE,NIFTY,0.00,17-07-2025,24650.00,0.05,75,PE,NFO-OPT,NFO
12098818,47261,NIFTY2571724700CE,NIFTY,0.00,17-07-2025,24700.00,0.05,75,CE,NFO-OPT,NFO
12099074,47262,NIFTY2571724700PE,NIFTY,0.00,17-07-2025,24700.00,0.05,75,PE,NFO-OPT,NFO
12099330,47263,NIFTY2571724750CE,NIFTY,0.00,17-07-2025,24750.00,0.05,75,CE,NFO-OPT,NFO
12099586,47264,NIFTY2571724750PE,NIFTY,0.00,17-07-2025,24750.00,0.05,75,PE,NFO-OPT,NFO
12099842,47265,NIFTY2571724800CE,NIFTY,0.00,17-07-2025,24800.00,0.05,75,CE,NFO-OPT,NFO
12100098,47266,NIFTY2571724800PE,NIFTY,0.00,17-07-2025,24800.00,0.05,75,PE,NFO-OPT,NFO
12100354,47267,NIFTY2571724850CE,NIFTY,0.00,17-07-2025,24850.00,0.05,75,CE,NFO-OPT,NFO
12100610,47268,NIFTY2571724850PE,NIFTY,0.00,17-07-2025,24850.00,0.05,75,PE,NFO-OPT,NFO
12100866,47269,NIFTY2571724900CE,NIFTY,0.00,17-07-2025,24900.00,0.05,75,CE,NFO-OPT,NFO
12101122,47270,NIFTY2571724900PE,NIFTY,0.00,17-07-2025,24900.00,0.05,75,PE,NFO-OPT,NFO
12101890,47273,NIFTY2571724950CE,NIFTY,0.00,17-07-2025,24950.00,0.05,75,CE,NFO-OPT,NFO
12102146,47274,NIFTY2571724950PE,NIFTY,0.00,17-07-2025,24950.00,0.05,75,PE,NFO-OPT,NFO
12102402,47275,NIFTY2571725000CE,NIFTY,0.00,17-07-2025,25000.00,0.05,75,CE,NFO-OPT,NFO
12102658,47276,NIFTY2571725000PE,NIFTY,0.00,17-07-2025,25000.00,0.05,75,PE,NFO-OPT,NFO
12102914,47277,NIFTY2571725050CE,NIFTY,0.00,17-07-2025,25050.00,0.05,75,CE,NFO-OPT,NFO
12103426,47279,NIFTY2571725050PE,NIFTY,0.00,17-07-2025,25050.00,0.05,75,PE,NFO-OPT,NFO
12103682,47280,NIFTY2571725100CE,NIFTY,0.00,17-07-2025,25100.00,0.05,75,CE,NFO-OPT,NFO
12103938,47281,NIFTY2571725100PE,NIFTY,0.00,17-07-2025,25100.00,0.05,75,PE,NFO-OPT,NFO
12104194,47282,NIFTY2571725150CE,NIFTY,0.00,17-07-2025,25150.00,0.05,75,CE,NFO-OPT,NFO
12105218,47286,NIFTY2571725150PE,NIFTY,0.00,17-07-2025,25150.00,0.05,75,PE,NFO-OPT,NFO
12105474,47287,NIFTY2571725200CE,NIFTY,0.00,17-07-2025,25200.00,0.05,75,CE,NFO-OPT,NFO
12105730,47288,NIFTY2571725200PE,NIFTY,0.00,17-07-2025,25200.00,0.05,75,PE,NFO-OPT,NFO
12105986,47289,NIFTY2571725250CE,NIFTY,0.00,17-07-2025,25250.00,0.05,75,CE,NFO-OPT,NFO
12106754,47292,NIFTY2571725250PE,NIFTY,0.00,17-07-2025,25250.00,0.05,75,PE,NFO-OPT,NFO
12107010,47293,NIFTY2571725300CE,NIFTY,0.00,17-07-2025,25300.00,0.05,75,CE,NFO-OPT,NFO
12107266,47294,NIFTY2571725300PE,NIFTY,0.00,17-07-2025,25300.00,0.05,75,PE,NFO-OPT,NFO
12107522,47295,NIFTY2571725350CE,NIFTY,0.00,17-07-2025,25350.00,0.05,75,CE,NFO-OPT,NFO
12107778,47296,NIFTY2571725350PE,NIFTY,0.00,17-07-2025,25350.00,0.05,75,PE,NFO-OPT,NFO
12108034,47297,NIFTY2571725400CE,NIFTY,0.00,17-07-2025,25400.00,0.05,75,CE,NFO-OPT,NFO
12108290,47298,NIFTY2571725400PE,NIFTY,0.00,17-07-2025,25400.00,0.05,75,PE,NFO-OPT,NFO
12108546,47299,NIFTY2571725450CE,NIFTY,0.00,17-07-2025,25450.00,0.05,75,CE,NFO-OPT,NFO
12108802,47300,NIFTY2571725450PE,NIFTY,0.00,17-07-2025,25450.00,0.05,75,PE,NFO-OPT,NFO
12109058,47301,NIFTY2571725500CE,NIFTY,0.00,17-07-2025,25500.00,0.05,75,CE,NFO-OPT,NFO
12109314,47302,NIFTY2571725500PE,NIFTY,0.00,17-07-2025,25500.00,0.05,75,PE,NFO-OPT,NFO
12109570,47303,NIFTY2571725550CE,NIFTY,0.00,17-07-2025,25550.00,0.05,75,CE,NFO-OPT,NFO
12110338,47306,NIFTY2571725550PE,NIFTY,0.00,17-07-2025,25550.00,0.05,75,PE,NFO-OPT,NFO
12110850,47308,NIFTY2571725600CE,NIFTY,0.00,17-07-2025,25600.00,0.05,75,CE,NFO-OPT,NFO
12111106,47309,NIFTY2571725600PE,NIFTY,0.00,17-07-2025,25600.00,0.05,75,PE,NFO-OPT,NFO
12111362,47310,NIFTY2571725650CE,NIFTY,0.00,17-07-2025,25650.00,0.05,75,CE,NFO-OPT,NFO
12111618,47311,NIFTY2571725650PE,NIFTY,0.00,17-07-2025,25650.00,0.05,75,PE,NFO-OPT,NFO
12112130,47313,NIFTY2571725700CE,NIFTY,0.00,17-07-2025,25700.00,0.05,75,CE,NFO-OPT,NFO
12112386,47314,NIFTY2571725700PE,NIFTY,0.00,17-07-2025,25700.00,0.05,75,PE,NFO-OPT,NFO
12112642,47315,NIFTY2571725750CE,NIFTY,0.00,17-07-2025,25750.00,0.05,75,CE,NFO-OPT,NFO
12112898,47316,NIFTY2571725750PE,NIFTY,0.00,17-07-2025,25750.00,0.05,75,PE,NFO-OPT,NFO
12113154,47317,NIFTY2571725800CE,NIFTY,0.00,17-07-2025,25800.00,0.05,75,CE,NFO-OPT,NFO
12116994,47332,NIFTY2571725800PE,NIFTY,0.00,17-07-2025,25800.00,0.05,75,PE,NFO-OPT,NFO
12117250,47333,NIFTY2571725850CE,NIFTY,0.00,17-07-2025,25850.00,0.05,75,CE,NFO-OPT,NFO
12117506,47334,NIFTY2571725850PE,NIFTY,0.00,17-07-2025,25850.00,0.05,75,PE,NFO-OPT,NFO
12117762,47335,NIFTY2571725900CE,NIFTY,0.00,17-07-2025,25900.00,0.05,75,CE,NFO-OPT,NFO
12118018,47336,NIFTY2571725900PE,NIFTY,0.00,17-07-2025,25900.00,0.05,75,PE,NFO-OPT,NFO
12118274,47337,NIFTY2571725950CE,NIFTY,0.00,17-07-2025,25950.00,0.05,75,CE,NFO-OPT,NFO
12119298,47341,NIFTY2571725950PE,NIFTY,0.00,17-07-2025,25950.00,0.05,75,PE,NFO-OPT,NFO
12119554,47342,NIFTY2571726000CE,NIFTY,0.00,17-07-2025,26000.00,0.05,75,CE,NFO-OPT,NFO
12122370,47353,NIFTY2571726000PE,NIFTY,0.00,17-07-2025,26000.00,0.05,75,PE,NFO-OPT,NFO
12122882,47355,NIFTY2571726050CE,NIFTY,0.00,17-07-2025,26050.00,0.05,75,CE,NFO-OPT,NFO
12123138,47356,NIFTY2571726050PE,NIFTY,0.00,17-07-2025,26050.00,0.05,75,PE,NFO-OPT,NFO
12123394,47357,NIFTY2571726100CE,NIFTY,0.00,17-07-2025,26100.00,0.05,75,CE,NFO-OPT,NFO
12123650,47358,NIFTY2571726100PE,NIFTY,0.00,17-07-2025,26100.00,0.05,75,PE,NFO-OPT,NFO
12123906,47359,NIFTY2571726150CE,NIFTY,0.00,17-07-2025,26150.00,0.05,75,CE,NFO-OPT,NFO
12124418,47361,NIFTY2571726150PE,NIFTY,0.00,17-07-2025,26150.00,0.05,75,PE,NFO-OPT,NFO
12124674,47362,NIFTY2571726200CE,NIFTY,0.00,17-07-2025,26200.00,0.05,75,CE,NFO-OPT,NFO
12124930,47363,NIFTY2571726200PE,NIFTY,0.00,17-07-2025,26200.00,0.05,75,PE,NFO-OPT,NFO
12125186,47364,NIFTY2571726250CE,NIFTY,0.00,17-07-2025,26250.00,0.05,75,CE,NFO-OPT,NFO
12125442,47365,NIFTY2571726250PE,NIFTY,0.00,17-07-2025,26250.00,0.05,75,PE,NFO-OPT,NFO
12125698,47366,NIFTY2571726300CE,NIFTY,0.00,17-07-2025,26300.00,0.05,75,CE,NFO-OPT,NFO
12125954,47367,NIFTY2571726300PE,NIFTY,0.00,17-07-2025,26300.00,0.05,75,PE,NFO-OPT,NFO
12126210,47368,NIFTY2571726350CE,NIFTY,0.00,17-07-2025,26350.00,0.05,75,CE,NFO-OPT,NFO
12126466,47369,NIFTY2571726350PE,NIFTY,0.00,17-07-2025,26350.00,0.05,75,PE,NFO-OPT,NFO
12126722,47370,NIFTY2571726400CE,NIFTY,0.00,17-07-2025,26400.00,0.05,75,CE,NFO-OPT,NFO
12126978,47371,NIFTY2571726400PE,NIFTY,0.00,17-07-2025,26400.00,0.05,75,PE,NFO-OPT,NFO
12127234,47372,NIFTY2571726450CE,NIFTY,0.00,17-07-2025,26450.00,0.05,75,CE,NFO-OPT,NFO
12127490,47373,NIFTY2571726450PE,NIFTY,0.00,17-07-2025,26450.00,0.05,75,PE,NFO-OPT,NFO
12127746,47374,NIFTY2571726500CE,NIFTY,0.00,17-07-2025,26500.00,0.05,75,CE,NFO-OPT,NFO
12128002,47375,NIFTY2571726500PE,NIFTY,0.00,17-07-2025,26500.00,0.05,75,PE,NFO-OPT,NFO
12128258,47376,NIFTY2571726550CE,NIFTY,0.00,17-07-2025,26550.00,0.05,75,CE,NFO-OPT,NFO
12128514,47377,NIFTY2571726550PE,NIFTY,0.00,17-07-2025,26550.00,0.05,75,PE,NFO-OPT,NFO
12128770,47378,NIFTY2571726600CE,NIFTY,0.00,17-07-2025,26600.00,0.05,75,CE,NFO-OPT,NFO
12129026,47379,NIFTY2571726600PE,NIFTY,0.00,17-07-2025,26600.00,0.05,75,PE,NFO-OPT,NFO
12129282,47380,NIFTY2571726650CE,NIFTY,0.00,17-07-2025,26650.00,0.05,75,CE,NFO-OPT,NFO
12129538,47381,NIFTY2571726650PE,NIFTY,0.00,17-07-2025,26650.00,0.05,75,PE,NFO-OPT,NFO
12129794,47382,NIFTY2571726700CE,NIFTY,0.00,17-07-2025,26700.00,0.05,75,CE,NFO-OPT,NFO
12130050,47383,NIFTY2571726700PE,NIFTY,0.00,17-07-2025,26700.00,0.05,75,PE,NFO-OPT,NFO
12130818,47386,NIFTY2571726750CE,NIFTY,0.00,17-07-2025,26750.00,0.05,75,CE,NFO-OPT,NFO
12131074,47387,NIFTY2571726750PE,NIFTY,0.00,17-07-2025,26750.00,0.05,75,PE,NFO-OPT,NFO
12131330,47388,NIFTY2571726800CE,NIFTY,0.00,17-07-2025,26800.00,0.05,75,CE,NFO-OPT,NFO
12132098,47391,NIFTY2571726800PE,NIFTY,0.00,17-07-2025,26800.00,0.05,75,PE,NFO-OPT,NFO
12132354,47392,NIFTY2571726850CE,NIFTY,0.00,17-07-2025,26850.00,0.05,75,CE,NFO-OPT,NFO
12132610,47393,NIFTY2571726850PE,NIFTY,0.00,17-07-2025,26850.00,0.05,75,PE,NFO-OPT,NFO
12132866,47394,NIFTY2571726900CE,NIFTY,0.00,17-07-2025,26900.00,0.05,75,CE,NFO-OPT,NFO
12133122,47395,NIFTY2571726900PE,NIFTY,0.00,17-07-2025,26900.00,0.05,75,PE,NFO-OPT,NFO
12133378,47396,NIFTY2571726950CE,NIFTY,0.00,17-07-2025,26950.00,0.05,75,CE,NFO-OPT,NFO
12133634,47397,NIFTY2571726950PE,NIFTY,0.00,17-07-2025,26950.00,0.05,75,PE,NFO-OPT,NFO
12134402,47400,NIFTY2571727000CE,NIFTY,0.00,17-07-2025,27000.00,0.05,75,CE,NFO-OPT,NFO
12134658,47401,NIFTY2571727000PE,NIFTY,0.00,17-07-2025,27000.00,0.05,75,PE,NFO-OPT,NFO
12134914,47402,NIFTY2571727050CE,NIFTY,0.00,17-07-2025,27050.00,0.05,75,CE,NFO-OPT,NFO
12135170,47403,NIFTY2571727050PE,NIFTY,0.00,17-07-2025,27050.00,0.05,75,PE,NFO-OPT,NFO
12135938,47406,NIFTY2571727100CE,NIFTY,0.00,17-07-2025,27100.00,0.05,75,CE,NFO-OPT,NFO
12136194,47407,NIFTY2571727100PE,NIFTY,0.00,17-07-2025,27100.00,0.05,75,PE,NFO-OPT,NFO
12136450,47408,NIFTY2571727150CE,NIFTY,0.00,17-07-2025,27150.00,0.05,75,CE,NFO-OPT,NFO
12136706,47409,NIFTY2571727150PE,NIFTY,0.00,17-07-2025,27150.00,0.05,75,PE,NFO-OPT,NFO
12136962,47410,NIFTY2571727200CE,NIFTY,0.00,17-07-2025,27200.00,0.05,75,CE,NFO-OPT,NFO
12137218,47411,NIFTY2571727200PE,NIFTY,0.00,17-07-2025,27200.00,0.05,75,PE,NFO-OPT,NFO
12137474,47412,NIFTY2571727250CE,NIFTY,0.00,17-07-2025,27250.00,0.05,75,CE,NFO-OPT,NFO
12137986,47414,NIFTY2571727250PE,NIFTY,0.00,17-07-2025,27250.00,0.05,75,PE,NFO-OPT,NFO
12138242,47415,NIFTY2571727300CE,NIFTY,0.00,17-07-2025,27300.00,0.05,75,CE,NFO-OPT,NFO
12138498,47416,NIFTY2571727300PE,NIFTY,0.00,17-07-2025,27300.00,0.05,75,PE,NFO-OPT,NFO
12138754,47417,NIFTY2571727350CE,NIFTY,0.00,17-07-2025,27350.00,0.05,75,CE,NFO-OPT,NFO
12139266,47419,NIFTY2571727350PE,NIFTY,0.00,17-07-2025,27350.00,0.05,75,PE,NFO-OPT,NFO
12139522,47420,NIFTY2571727400CE,NIFTY,0.00,17-07-2025,27400.00,0.05,75,CE,NFO-OPT,NFO
12139778,47421,NIFTY2571727400PE,NIFTY,0.00,17-07-2025,27400.00,0.05,75,PE,NFO-OPT,NFO
12588546,49174,NIFTY25DEC15000PE,NIFTY,0.00,24-12-2025,15000.00,0.05,75,PE,NFO-OPT,NFO
12589314,49177,NIFTY25DEC16000CE,NIFTY,0.00,24-12-2025,16000.00,0.05,75,CE,NFO-OPT,NFO
12589570,49178,NIFTY25DEC16000PE,NIFTY,0.00,24-12-2025,16000.00,0.05,75,PE,NFO-OPT,NFO
12590082,49180,NIFTY25DEC16500PE,NIFTY,0.00,24-12-2025,16500.00,0.05,75,PE,NFO-OPT,NFO
12636930,49363,NIFTY2572423050CE,NIFTY,0.00,24-07-2025,23050.00,0.05,75,CE,NFO-OPT,NFO
12637186,49364,NIFTY2572423050PE,NIFTY,0.00,24-07-2025,23050.00,0.05,75,PE,NFO-OPT,NFO
12637442,49365,NIFTY2572423100CE,NIFTY,0.00,24-07-2025,23100.00,0.05,75,CE,NFO-OPT,NFO
12637698,49366,NIFTY2572423100PE,NIFTY,0.00,24-07-2025,23100.00,0.05,75,PE,NFO-OPT,NFO
12637954,49367,NIFTY2572423150CE,NIFTY,0.00,24-07-2025,23150.00,0.05,75,CE,NFO-OPT,NFO
12638210,49368,NIFTY2572423150PE,NIFTY,0.00,24-07-2025,23150.00,0.05,75,PE,NFO-OPT,NFO
12638466,49369,NIFTY2572423200CE,NIFTY,0.00,24-07-2025,23200.00,0.05,75,CE,NFO-OPT,NFO
12638978,49371,NIFTY2572423200PE,NIFTY,0.00,24-07-2025,23200.00,0.05,75,PE,NFO-OPT,NFO
12640514,49377,NIFTY2572423250CE,NIFTY,0.00,24-07-2025,23250.00,0.05,75,CE,NFO-OPT,NFO
12640770,49378,NIFTY2572423250PE,NIFTY,0.00,24-07-2025,23250.00,0.05,75,PE,NFO-OPT,NFO
12642050,49383,NIFTY2572423300CE,NIFTY,0.00,24-07-2025,23300.00,0.05,75,CE,NFO-OPT,NFO
12642306,49384,NIFTY2572423300PE,NIFTY,0.00,24-07-2025,23300.00,0.05,75,PE,NFO-OPT,NFO
12642562,49385,NIFTY2572423350CE,NIFTY,0.00,24-07-2025,23350.00,0.05,75,CE,NFO-OPT,NFO
12642818,49386,NIFTY2572423350PE,NIFTY,0.00,24-07-2025,23350.00,0.05,75,PE,NFO-OPT,NFO
12643586,49389,NIFTY2572423400CE,NIFTY,0.00,24-07-2025,23400.00,0.05,75,CE,NFO-OPT,NFO
12643842,49390,NIFTY2572423400PE,NIFTY,0.00,24-07-2025,23400.00,0.05,75,PE,NFO-OPT,NFO
12644098,49391,NIFTY2572423450CE,NIFTY,0.00,24-07-2025,23450.00,0.05,75,CE,NFO-OPT,NFO
12644354,49392,NIFTY2572423450PE,NIFTY,0.00,24-07-2025,23450.00,0.05,75,PE,NFO-OPT,NFO
12644610,49393,NIFTY2572423500CE,NIFTY,0.00,24-07-2025,23500.00,0.05,75,CE,NFO-OPT,NFO
12644866,49394,NIFTY2572423500PE,NIFTY,0.00,24-07-2025,23500.00,0.05,75,PE,NFO-OPT,NFO
12645122,49395,NIFTY2572423550CE,NIFTY,0.00,24-07-2025,23550.00,0.05,75,CE,NFO-OPT,NFO
12645378,49396,NIFTY2572423550PE,NIFTY,0.00,24-07-2025,23550.00,0.05,75,PE,NFO-OPT,NFO
12645634,49397,NIFTY2572423600CE,NIFTY,0.00,24-07-2025,23600.00,0.05,75,CE,NFO-OPT,NFO
12646658,49401,NIFTY2572423600PE,NIFTY,0.00,24-07-2025,23600.00,0.05,75,PE,NFO-OPT,NFO
12647170,49403,NIFTY2572423650CE,NIFTY,0.00,24-07-2025,23650.00,0.05,75,CE,NFO-OPT,NFO
12647426,49404,NIFTY2572423650PE,NIFTY,0.00,24-07-2025,23650.00,0.05,75,PE,NFO-OPT,NFO
12647682,49405,NIFTY2572423700CE,NIFTY,0.00,24-07-2025,23700.00,0.05,75,CE,NFO-OPT,NFO
12647938,49406,NIFTY2572423700PE,NIFTY,0.00,24-07-2025,23700.00,0.05,75,PE,NFO-OPT,NFO
12649218,49411,NIFTY2572423750CE,NIFTY,0.00,24-07-2025,23750.00,0.05,75,CE,NFO-OPT,NFO
12649474,49412,NIFTY2572423750PE,NIFTY,0.00,24-07-2025,23750.00,0.05,75,PE,NFO-OPT,NFO
12649730,49413,NIFTY2572423800CE,NIFTY,0.00,24-07-2025,23800.00,0.05,75,CE,NFO-OPT,NFO
12649986,49414,NIFTY2572423800PE,NIFTY,0.00,24-07-2025,23800.00,0.05,75,PE,NFO-OPT,NFO
12650242,49415,NIFTY2572423850CE,NIFTY,0.00,24-07-2025,23850.00,0.05,75,CE,NFO-OPT,NFO
12650498,49416,NIFTY2572423850PE,NIFTY,0.00,24-07-2025,23850.00,0.05,75,PE,NFO-OPT,NFO
12650754,49417,NIFTY2572423900CE,NIFTY,0.00,24-07-2025,23900.00,0.05,75,CE,NFO-OPT,NFO
12651010,49418,NIFTY2572423900PE,NIFTY,0.00,24-07-2025,23900.00,0.05,75,PE,NFO-OPT,NFO
12651266,49419,NIFTY2572423950CE,NIFTY,0.00,24-07-2025,23950.00,0.05,75,CE,NFO-OPT,NFO
12651522,49420,NIFTY2572423950PE,NIFTY,0.00,24-07-2025,23950.00,0.05,75,PE,NFO-OPT,NFO
12651778,49421,NIFTY2572424000CE,NIFTY,0.00,24-07-2025,24000.00,0.05,75,CE,NFO-OPT,NFO
12652546,49424,NIFTY2572424000PE,NIFTY,0.00,24-07-2025,24000.00,0.05,75,PE,NFO-OPT,NFO
12652802,49425,NIFTY2572424050CE,NIFTY,0.00,24-07-2025,24050.00,0.05,75,CE,NFO-OPT,NFO
12653058,49426,NIFTY2572424050PE,NIFTY,0.00,24-07-2025,24050.00,0.05,75,PE,NFO-OPT,NFO
12653826,49429,NIFTY2572424100CE,NIFTY,0.00,24-07-2025,24100.00,0.05,75,CE,NFO-OPT,NFO
12654082,49430,NIFTY2572424100PE,NIFTY,0.00,24-07-2025,24100.00,0.05,75,PE,NFO-OPT,NFO
12654338,49431,NIFTY2572424150CE,NIFTY,0.00,24-07-2025,24150.00,0.05,75,CE,NFO-OPT,NFO
12654594,49432,NIFTY2572424150PE,NIFTY,0.00,24-07-2025,24150.00,0.05,75,PE,NFO-OPT,NFO
12655362,49435,NIFTY2572424200CE,NIFTY,0.00,24-07-2025,24200.00,0.05,75,CE,NFO-OPT,NFO
12655618,49436,NIFTY2572424200PE,NIFTY,0.00,24-07-2025,24200.00,0.05,75,PE,NFO-OPT,NFO
12658434,49447,NIFTY2572424250CE,NIFTY,0.00,24-07-2025,24250.00,0.05,75,CE,NFO-OPT,NFO
12658690,49448,NIFTY2572424250PE,NIFTY,0.00,24-07-2025,24250.00,0.05,75,PE,NFO-OPT,NFO
12658946,49449,NIFTY2572424300CE,NIFTY,0.00,24-07-2025,24300.00,0.05,75,CE,NFO-OPT,NFO
12659202,49450,NIFTY2572424300PE,NIFTY,0.00,24-07-2025,24300.00,0.05,75,PE,NFO-OPT,NFO
12659970,49453,NIFTY2572424350CE,NIFTY,0.00,24-07-2025,24350.00,0.05,75,CE,NFO-OPT,NFO
12661250,49458,NIFTY2572424350PE,NIFTY,0.00,24-07-2025,24350.00,0.05,75,PE,NFO-OPT,NFO
12661506,49459,NIFTY2572424400CE,NIFTY,0.00,24-07-2025,24400.00,0.05,75,CE,NFO-OPT,NFO
12661762,49460,NIFTY2572424400PE,NIFTY,0.00,24-07-2025,24400.00,0.05,75,PE,NFO-OPT,NFO
12662018,49461,NIFTY2572424450CE,NIFTY,0.00,24-07-2025,24450.00,0.05,75,CE,NFO-OPT,NFO
12662274,49462,NIFTY2572424450PE,NIFTY,0.00,24-07-2025,24450.00,0.05,75,PE,NFO-OPT,NFO
12662530,49463,NIFTY2572424500CE,NIFTY,0.00,24-07-2025,24500.00,0.05,75,CE,NFO-OPT,NFO
12662786,49464,NIFTY2572424500PE,NIFTY,0.00,24-07-2025,24500.00,0.05,75,PE,NFO-OPT,NFO
12663042,49465,NIFTY2572424550CE,NIFTY,0.00,24-07-2025,24550.00,0.05,75,CE,NFO-OPT,NFO
12663810,49468,NIFTY2572424550PE,NIFTY,0.00,24-07-2025,24550.00,0.05,75,PE,NFO-OPT,NFO
12664066,49469,NIFTY2572424600CE,NIFTY,0.00,24-07-2025,24600.00,0.05,75,CE,NFO-OPT,NFO
12664322,49470,NIFTY2572424600PE,NIFTY,0.00,24-07-2025,24600.00,0.05,75,PE,NFO-OPT,NFO
12664578,49471,NIFTY2572424650CE,NIFTY,0.00,24-07-2025,24650.00,0.05,75,CE,NFO-OPT,NFO
12664834,49472,NIFTY2572424650PE,NIFTY,0.00,24-07-2025,24650.00,0.05,75,PE,NFO-OPT,NFO
12665090,49473,NIFTY2572424700CE,NIFTY,0.00,24-07-2025,24700.00,0.05,75,CE,NFO-OPT,NFO
12665346,49474,NIFTY2572424700PE,NIFTY,0.00,24-07-2025,24700.00,0.05,75,PE,NFO-OPT,NFO
12665602,49475,NIFTY2572424750CE,NIFTY,0.00,24-07-2025,24750.00,0.05,75,CE,NFO-OPT,NFO
12666370,49478,NIFTY2572424750PE,NIFTY,0.00,24-07-2025,24750.00,0.05,75,PE,NFO-OPT,NFO
12666626,49479,NIFTY2572424800CE,NIFTY,0.00,24-07-2025,24800.00,0.05,75,CE,NFO-OPT,NFO
12666882,49480,NIFTY2572424800PE,NIFTY,0.00,24-07-2025,24800.00,0.05,75,PE,NFO-OPT,NFO
12667138,49481,NIFTY2572424850CE,NIFTY,0.00,24-07-2025,24850.00,0.05,75,CE,NFO-OPT,NFO
12667394,49482,NIFTY2572424850PE,NIFTY,0.00,24-07-2025,24850.00,0.05,75,PE,NFO-OPT,NFO
12667650,49483,NIFTY2572424900CE,NIFTY,0.00,24-07-2025,24900.00,0.05,75,CE,NFO-OPT,NFO
12667906,49484,NIFTY2572424900PE,NIFTY,0.00,24-07-2025,24900.00,0.05,75,PE,NFO-OPT,NFO
12668162,49485,NIFTY2572424950CE,NIFTY,0.00,24-07-2025,24950.00,0.05,75,CE,NFO-OPT,NFO
12668418,49486,NIFTY2572424950PE,NIFTY,0.00,24-07-2025,24950.00,0.05,75,PE,NFO-OPT,NFO
12668674,49487,NIFTY2572425000CE,NIFTY,0.00,24-07-2025,25000.00,0.05,75,CE,NFO-OPT,NFO
12669186,49489,NIFTY2572425000PE,NIFTY,0.00,24-07-2025,25000.00,0.05,75,PE,NFO-OPT,NFO
12669442,49490,NIFTY2572425050CE,NIFTY,0.00,24-07-2025,25050.00,0.05,75,CE,NFO-OPT,NFO
12669698,49491,NIFTY2572425050PE,NIFTY,0.00,24-07-2025,25050.00,0.05,75,PE,NFO-OPT,NFO
12669954,49492,NIFTY2572425100CE,NIFTY,0.00,24-07-2025,25100.00,0.05,75,CE,NFO-OPT,NFO
12670722,49495,NIFTY2572425100PE,NIFTY,0.00,24-07-2025,25100.00,0.05,75,PE,NFO-OPT,NFO
12670978,49496,NIFTY2572425150CE,NIFTY,0.00,24-07-2025,25150.00,0.05,75,CE,NFO-OPT,NFO
12676610,49518,NIFTY2572425150PE,NIFTY,0.00,24-07-2025,25150.00,0.05,75,PE,NFO-OPT,NFO
12676866,49519,NIFTY2572425200CE,NIFTY,0.00,24-07-2025,25200.00,0.05,75,CE,NFO-OPT,NFO
12677122,49520,NIFTY2572425200PE,NIFTY,0.00,24-07-2025,25200.00,0.05,75,PE,NFO-OPT,NFO
12677378,49521,NIFTY2572425250CE,NIFTY,0.00,24-07-2025,25250.00,0.05,75,CE,NFO-OPT,NFO
12677634,49522,NIFTY2572425250PE,NIFTY,0.00,24-07-2025,25250.00,0.05,75,PE,NFO-OPT,NFO
12677890,49523,NIFTY2572425300CE,NIFTY,0.00,24-07-2025,25300.00,0.05,75,CE,NFO-OPT,NFO
12678402,49525,NIFTY2572425300PE,NIFTY,0.00,24-07-2025,25300.00,0.05,75,PE,NFO-OPT,NFO
12678658,49526,NIFTY2572425350CE,NIFTY,0.00,24-07-2025,25350.00,0.05,75,CE,NFO-OPT,NFO
12678914,49527,NIFTY2572425350PE,NIFTY,0.00,24-07-2025,25350.00,0.05,75,PE,NFO-OPT,NFO
12679170,49528,NIFTY2572425400CE,NIFTY,0.00,24-07-2025,25400.00,0.05,75,CE,NFO-OPT,NFO
12679426,49529,NIFTY2572425400PE,NIFTY,0.00,24-07-2025,25400.00,0.05,75,PE,NFO-OPT,NFO
12683010,49543,NIFTY2572425450CE,NIFTY,0.00,24-07-2025,25450.00,0.05,75,CE,NFO-OPT,NFO
12683266,49544,NIFTY2572425450PE,NIFTY,0.00,24-07-2025,25450.00,0.05,75,PE,NFO-OPT,NFO
12683522,49545,NIFTY2572425500CE,NIFTY,0.00,24-07-2025,25500.00,0.05,75,CE,NFO-OPT,NFO
12684290,49548,NIFTY2572425500PE,NIFTY,0.00,24-07-2025,25500.00,0.05,75,PE,NFO-OPT,NFO
12684546,49549,NIFTY2572425550CE,NIFTY,0.00,24-07-2025,25550.00,0.05,75,CE,NFO-OPT,NFO
12685826,49554,NIFTY2572425550PE,NIFTY,0.00,24-07-2025,25550.00,0.05,75,PE,NFO-OPT,NFO
12686082,49555,NIFTY2572425600CE,NIFTY,0.00,24-07-2025,25600.00,0.05,75,CE,NFO-OPT,NFO
12686850,49558,NIFTY2572425600PE,NIFTY,0.00,24-07-2025,25600.00,0.05,75,PE,NFO-OPT,NFO
12687106,49559,NIFTY2572425650CE,NIFTY,0.00,24-07-2025,25650.00,0.05,75,CE,NFO-OPT,NFO
12687362,49560,NIFTY2572425650PE,NIFTY,0.00,24-07-2025,25650.00,0.05,75,PE,NFO-OPT,NFO
12687618,49561,NIFTY2572425700CE,NIFTY,0.00,24-07-2025,25700.00,0.05,75,CE,NFO-OPT,NFO
12689154,49567,NIFTY2572425700PE,NIFTY,0.00,24-07-2025,25700.00,0.05,75,PE,NFO-OPT,NFO
12689410,49568,NIFTY2572425750CE,NIFTY,0.00,24-07-2025,25750.00,0.05,75,CE,NFO-OPT,NFO
12689922,49570,NIFTY2572425750PE,NIFTY,0.00,24-07-2025,25750.00,0.05,75,PE,NFO-OPT,NFO
12690690,49573,NIFTY2572425800CE,NIFTY,0.00,24-07-2025,25800.00,0.05,75,CE,NFO-OPT,NFO
12690946,49574,NIFTY2572425800PE,NIFTY,0.00,24-07-2025,25800.00,0.05,75,PE,NFO-OPT,NFO
12691202,49575,NIFTY2572425850CE,NIFTY,0.00,24-07-2025,25850.00,0.05,75,CE,NFO-OPT,NFO
12691458,49576,NIFTY2572425850PE,NIFTY,0.00,24-07-2025,25850.00,0.05,75,PE,NFO-OPT,NFO
12691714,49577,NIFTY2572425900CE,NIFTY,0.00,24-07-2025,25900.00,0.05,75,CE,NFO-OPT,NFO
12692482,49580,NIFTY2572425900PE,NIFTY,0.00,24-07-2025,25900.00,0.05,75,PE,NFO-OPT,NFO
12692738,49581,NIFTY2572425950CE,NIFTY,0.00,24-07-2025,25950.00,0.05,75,CE,NFO-OPT,NFO
12693506,49584,NIFTY2572425950PE,NIFTY,0.00,24-07-2025,25950.00,0.05,75,PE,NFO-OPT,NFO
12693762,49585,NIFTY2572426000CE,NIFTY,0.00,24-07-2025,26000.00,0.05,75,CE,NFO-OPT,NFO
12694018,49586,NIFTY2572426000PE,NIFTY,0.00,24-07-2025,26000.00,0.05,75,PE,NFO-OPT,NFO
12694274,49587,NIFTY2572426050CE,NIFTY,0.00,24-07-2025,26050.00,0.05,75,CE,NFO-OPT,NFO
12695554,49592,NIFTY2572426050PE,NIFTY,0.00,24-07-2025,26050.00,0.05,75,PE,NFO-OPT,NFO
12695810,49593,NIFTY2572426100CE,NIFTY,0.00,24-07-2025,26100.00,0.05,75,CE,NFO-OPT,NFO
12696578,49596,NIFTY2572426100PE,NIFTY,0.00,24-07-2025,26100.00,0.05,75,PE,NFO-OPT,NFO
12696834,49597,NIFTY2572426150CE,NIFTY,0.00,24-07-2025,26150.00,0.05,75,CE,NFO-OPT,NFO
12698114,49602,NIFTY2572426150PE,NIFTY,0.00,24-07-2025,26150.00,0.05,75,PE,NFO-OPT,NFO
12698370,49603,NIFTY2572426200CE,NIFTY,0.00,24-07-2025,26200.00,0.05,75,CE,NFO-OPT,NFO
12698626,49604,NIFTY2572426200PE,NIFTY,0.00,24-07-2025,26200.00,0.05,75,PE,NFO-OPT,NFO
12698882,49605,NIFTY2572426250CE,NIFTY,0.00,24-07-2025,26250.00,0.05,75,CE,NFO-OPT,NFO
12700162,49610,NIFTY2572426250PE,NIFTY,0.00,24-07-2025,26250.00,0.05,75,PE,NFO-OPT,NFO
12700418,49611,NIFTY2572426300CE,NIFTY,0.00,24-07-2025,26300.00,0.05,75,CE,NFO-OPT,NFO
12700674,49612,NIFTY2572426300PE,NIFTY,0.00,24-07-2025,26300.00,0.05,75,PE,NFO-OPT,NFO
12700930,49613,NIFTY2572426350CE,NIFTY,0.00,24-07-2025,26350.00,0.05,75,CE,NFO-OPT,NFO
12701698,49616,NIFTY2572426350PE,NIFTY,0.00,24-07-2025,26350.00,0.05,75,PE,NFO-OPT,NFO
12701954,49617,NIFTY2572426400CE,NIFTY,0.00,24-07-2025,26400.00,0.05,75,CE,NFO-OPT,NFO
12702210,49618,NIFTY2572426400PE,NIFTY,0.00,24-07-2025,26400.00,0.05,75,PE,NFO-OPT,NFO
12702466,49619,NIFTY2572426450CE,NIFTY,0.00,24-07-2025,26450.00,0.05,75,CE,NFO-OPT,NFO
12702722,49620,NIFTY2572426450PE,NIFTY,0.00,24-07-2025,26450.00,0.05,75,PE,NFO-OPT,NFO
12702978,49621,NIFTY2572426500CE,NIFTY,0.00,24-07-2025,26500.00,0.05,75,CE,NFO-OPT,NFO
12703746,49624,NIFTY2572426500PE,NIFTY,0.00,24-07-2025,26500.00,0.05,75,PE,NFO-OPT,NFO
12704002,49625,NIFTY2572426550CE,NIFTY,0.00,24-07-2025,26550.00,0.05,75,CE,NFO-OPT,NFO
12704258,49626,NIFTY2572426550PE,NIFTY,0.00,24-07-2025,26550.00,0.05,75,PE,NFO-OPT,NFO
12704514,49627,NIFTY2572426600CE,NIFTY,0.00,24-07-2025,26600.00,0.05,75,CE,NFO-OPT,NFO
12705282,49630,NIFTY2572426600PE,NIFTY,0.00,24-07-2025,26600.00,0.05,75,PE,NFO-OPT,NFO
12705538,49631,NIFTY2572426650CE,NIFTY,0.00,24-07-2025,26650.00,0.05,75,CE,NFO-OPT,NFO
12705794,49632,NIFTY2572426650PE,NIFTY,0.00,24-07-2025,26650.00,0.05,75,PE,NFO-OPT,NFO
12706050,49633,NIFTY2572426700CE,NIFTY,0.00,24-07-2025,26700.00,0.05,75,CE,NFO-OPT,NFO
12706306,49634,NIFTY2572426700PE,NIFTY,0.00,24-07-2025,26700.00,0.05,75,PE,NFO-OPT,NFO
12706562,49635,NIFTY2572426750CE,NIFTY,0.00,24-07-2025,26750.00,0.05,75,CE,NFO-OPT,NFO
12706818,49636,NIFTY2572426750PE,NIFTY,0.00,24-07-2025,26750.00,0.05,75,PE,NFO-OPT,NFO
12707074,49637,NIFTY2572426800CE,NIFTY,0.00,24-07-2025,26800.00,0.05,75,CE,NFO-OPT,NFO
12708354,49642,NIFTY2572426800PE,NIFTY,0.00,24-07-2025,26800.00,0.05,75,PE,NFO-OPT,NFO
12708610,49643,NIFTY2572426850CE,NIFTY,0.00,24-07-2025,26850.00,0.05,75,CE,NFO-OPT,NFO
12709378,49646,NIFTY2572426850PE,NIFTY,0.00,24-07-2025,26850.00,0.05,75,PE,NFO-OPT,NFO
12709634,49647,NIFTY2572426900CE,NIFTY,0.00,24-07-2025,26900.00,0.05,75,CE,NFO-OPT,NFO
12710402,49650,NIFTY2572426900PE,NIFTY,0.00,24-07-2025,26900.00,0.05,75,PE,NFO-OPT,NFO
12710658,49651,NIFTY2572426950CE,NIFTY,0.00,24-07-2025,26950.00,0.05,75,CE,NFO-OPT,NFO
12710914,49652,NIFTY2572426950PE,NIFTY,0.00,24-07-2025,26950.00,0.05,75,PE,NFO-OPT,NFO
12711170,49653,NIFTY2572427000CE,NIFTY,0.00,24-07-2025,27000.00,0.05,75,CE,NFO-OPT,NFO
12711426,49654,NIFTY2572427000PE,NIFTY,0.00,24-07-2025,27000.00,0.05,75,PE,NFO-OPT,NFO
12711682,49655,NIFTY2572427050CE,NIFTY,0.00,24-07-2025,27050.00,0.05,75,CE,NFO-OPT,NFO
12711938,49656,NIFTY2572427050PE,NIFTY,0.00,24-07-2025,27050.00,0.05,75,PE,NFO-OPT,NFO
12712194,49657,NIFTY2572427100CE,NIFTY,0.00,24-07-2025,27100.00,0.05,75,CE,NFO-OPT,NFO
12713474,49662,NIFTY2572427100PE,NIFTY,0.00,24-07-2025,27100.00,0.05,75,PE,NFO-OPT,NFO
12713730,49663,NIFTY2572427150CE,NIFTY,0.00,24-07-2025,27150.00,0.05,75,CE,NFO-OPT,NFO
12713986,49664,NIFTY2572427150PE,NIFTY,0.00,24-07-2025,27150.00,0.05,75,PE,NFO-OPT,NFO
12714242,49665,NIFTY2572427200CE,NIFTY,0.00,24-07-2025,27200.00,0.05,75,CE,NFO-OPT,NFO
12714498,49666,NIFTY2572427200PE,NIFTY,0.00,24-07-2025,27200.00,0.05,75,PE,NFO-OPT,NFO
12714754,49667,NIFTY2572427250CE,NIFTY,0.00,24-07-2025,27250.00,0.05,75,CE,NFO-OPT,NFO
12716034,49672,NIFTY2572427250PE,NIFTY,0.00,24-07-2025,27250.00,0.05,75,PE,NFO-OPT,NFO
12716290,49673,NIFTY2572427300CE,NIFTY,0.00,24-07-2025,27300.00,0.05,75,CE,NFO-OPT,NFO
12716546,49674,NIFTY2572427300PE,NIFTY,0.00,24-07-2025,27300.00,0.05,75,PE,NFO-OPT,NFO
12716802,49675,NIFTY2572427350CE,NIFTY,0.00,24-07-2025,27350.00,0.05,75,CE,NFO-OPT,NFO
12717058,49676,NIFTY2572427350PE,NIFTY,0.00,24-07-2025,27350.00,0.05,75,PE,NFO-OPT,NFO
12717314,49677,NIFTY2572427400CE,NIFTY,0.00,24-07-2025,27400.00,0.05,75,CE,NFO-OPT,NFO
12717570,49678,NIFTY2572427400PE,NIFTY,0.00,24-07-2025,27400.00,0.05,75,PE,NFO-OPT,NFO
12913666,50444,NIFTY26JUN14000PE,NIFTY,0.00,25-06-2026,14000.00,0.05,75,PE,NFO-OPT,NFO
12914690,50448,NIFTY26JUN15000PE,NIFTY,0.00,25-06-2026,15000.00,0.05,75,PE,NFO-OPT,NFO
12918274,50462,NIFTY26JUN16000PE,NIFTY,0.00,25-06-2026,16000.00,0.05,75,PE,NFO-OPT,NFO
12939010,50543,NIFTY25DEC28000CE,NIFTY,0.00,24-12-2025,28000.00,0.05,75,CE,NFO-OPT,NFO
12939266,50544,NIFTY25DEC28000PE,NIFTY,0.00,24-12-2025,28000.00,0.05,75,PE,NFO-OPT,NFO
12939522,50545,NIFTY26JUN28000CE,NIFTY,0.00,25-06-2026,28000.00,0.05,75,CE,NFO-OPT,NFO
12939778,50546,NIFTY26JUN28000PE,NIFTY,0.00,25-06-2026,28000.00,0.05,75,PE,NFO-OPT,NFO
12940034,50547,NIFTY26DEC28000CE,NIFTY,0.00,31-12-2026,28000.00,0.05,75,CE,NFO-OPT,NFO
12940290,50548,NIFTY26DEC28000PE,NIFTY,0.00,31-12-2026,28000.00,0.05,75,PE,NFO-OPT,NFO
12940546,50549,NIFTY27JUN28000CE,NIFTY,0.00,24-06-2027,28000.00,0.05,75,CE,NFO-OPT,NFO
12940802,50550,NIFTY27JUN28000PE,NIFTY,0.00,24-06-2027,28000.00,0.05,75,PE,NFO-OPT,NFO
12942338,50556,NIFTY26JUN18000CE,NIFTY,0.00,25-06-2026,18000.00,0.05,75,CE,NFO-OPT,NFO
13048578,50971,NIFTY25DEC27000CE,NIFTY,0.00,24-12-2025,27000.00,0.05,75,CE,NFO-OPT,NFO
13048834,50972,NIFTY25DEC27000PE,NIFTY,0.00,24-12-2025,27000.00,0.05,75,PE,NFO-OPT,NFO
13049090,50973,NIFTY26JUN27000CE,NIFTY,0.00,25-06-2026,27000.00,0.05,75,CE,NFO-OPT,NFO
13049858,50976,NIFTY26JUN27000PE,NIFTY,0.00,25-06-2026,27000.00,0.05,75,PE,NFO-OPT,NFO
13050370,50978,NIFTY26DEC27000CE,NIFTY,0.00,31-12-2026,27000.00,0.05,75,CE,NFO-OPT,NFO
13050626,50979,NIFTY26DEC27000PE,NIFTY,0.00,31-12-2026,27000.00,0.05,75,PE,NFO-OPT,NFO
13051138,50981,NIFTY27JUN27000CE,NIFTY,0.00,24-06-2027,27000.00,0.05,75,CE,NFO-OPT,NFO
13051906,50984,NIFTY27JUN27000PE,NIFTY,0.00,24-06-2027,27000.00,0.05,75,PE,NFO-OPT,NFO
13171458,51451,NIFTY25DEC21000CE,NIFTY,0.00,24-12-2025,21000.00,0.05,75,CE,NFO-OPT,NFO
13171714,51452,NIFTY25DEC21000PE,NIFTY,0.00,24-12-2025,21000.00,0.05,75,PE,NFO-OPT,NFO
13171970,51453,NIFTY26JUN21000CE,NIFTY,0.00,25-06-2026,21000.00,0.05,75,CE,NFO-OPT,NFO
13172482,51455,NIFTY26JUN21000PE,NIFTY,0.00,25-06-2026,21000.00,0.05,75,PE,NFO-OPT,NFO
13568258,53001,NIFTY25SEPFUT,NIFTY,0.00,25-09-2025,0.00,0.10,75,FUT,NFO-FUT,NFO
13623298,53216,NIFTY25JULFUT,NIFTY,0.00,31-07-2025,0.00,0.10,75,FUT,NFO-FUT,NFO
13720322,53595,NIFTY27DEC15000PE,NIFTY,0.00,30-12-2027,15000.00,0.05,75,PE,NFO-OPT,NFO
13722114,53602,NIFTY27DEC17000PE,NIFTY,0.00,30-12-2027,17000.00,0.05,75,PE,NFO-OPT,NFO
13722626,53604,NIFTY27DEC18000PE,NIFTY,0.00,30-12-2027,18000.00,0.05,75,PE,NFO-OPT,NFO
13723138,53606,NIFTY27DEC19000PE,NIFTY,0.00,30-12-2027,19000.00,0.05,75,PE,NFO-OPT,NFO
13723394,53607,NIFTY27DEC20000CE,NIFTY,0.00,30-12-2027,20000.00,0.05,75,CE,NFO-OPT,NFO
13724418,53611,NIFTY27DEC20000PE,NIFTY,0.00,30-12-2027,20000.00,0.05,75,PE,NFO-OPT,NFO
13724930,53613,NIFTY27DEC21000CE,NIFTY,0.00,30-12-2027,21000.00,0.05,75,CE,NFO-OPT,NFO
13725442,53615,NIFTY27DEC21000PE,NIFTY,0.00,30-12-2027,21000.00,0.05,75,PE,NFO-OPT,NFO
13725698,53616,NIFTY27DEC22000CE,NIFTY,0.00,30-12-2027,22000.00,0.05,75,CE,NFO-OPT,NFO
13725954,53617,NIFTY27DEC22000PE,NIFTY,0.00,30-12-2027,22000.00,0.05,75,PE,NFO-OPT,NFO
13726210,53618,NIFTY27DEC23000CE,NIFTY,0.00,30-12-2027,23000.00,0.05,75,CE,NFO-OPT,NFO
13726466,53619,NIFTY27DEC23000PE,NIFTY,0.00,30-12-2027,23000.00,0.05,75,PE,NFO-OPT,NFO
13727746,53624,NIFTY27DEC24000CE,NIFTY,0.00,30-12-2027,24000.00,0.05,75,CE,NFO-OPT,NFO
13728002,53625,NIFTY27DEC24000PE,NIFTY,0.00,30-12-2027,24000.00,0.05,75,PE,NFO-OPT,NFO
13728258,53626,NIFTY27DEC25000CE,NIFTY,0.00,30-12-2027,25000.00,0.05,75,CE,NFO-OPT,NFO
13728514,53627,NIFTY27DEC25000PE,NIFTY,0.00,30-12-2027,25000.00,0.05,75,PE,NFO-OPT,NFO
13728770,53628,NIFTY27DEC26000CE,NIFTY,0.00,30-12-2027,26000.00,0.05,75,CE,NFO-OPT,NFO
13729282,53630,NIFTY27DEC26000PE,NIFTY,0.00,30-12-2027,26000.00,0.05,75,PE,NFO-OPT,NFO
13729538,53631,NIFTY27DEC27000CE,NIFTY,0.00,30-12-2027,27000.00,0.05,75,CE,NFO-OPT,NFO
13729794,53632,NIFTY27DEC27000PE,NIFTY,0.00,30-12-2027,27000.00,0.05,75,PE,NFO-OPT,NFO
13730050,53633,NIFTY27DEC28000CE,NIFTY,0.00,30-12-2027,28000.00,0.05,75,CE,NFO-OPT,NFO
13730562,53635,NIFTY27DEC28000PE,NIFTY,0.00,30-12-2027,28000.00,0.05,75,PE,NFO-OPT,NFO
14110978,55121,NIFTY25DEC18000CE,NIFTY,0.00,24-12-2025,18000.00,0.05,75,CE,NFO-OPT,NFO
14111234,55122,NIFTY25DEC18000PE,NIFTY,0.00,24-12-2025,18000.00,0.05,75,PE,NFO-OPT,NFO
14251778,55671,NIFTY25JUL22250CE,NIFTY,0.00,31-07-2025,22250.00,0.05,75,CE,NFO-OPT,NFO
14252034,55672,NIFTY25JUL22250PE,NIFTY,0.00,31-07-2025,22250.00,0.05,75,PE,NFO-OPT,NFO
14252290,55673,NIFTY25JUL22300CE,NIFTY,0.00,31-07-2025,22300.00,0.05,75,CE,NFO-OPT,NFO
14252546,55674,NIFTY25JUL22300PE,NIFTY,0.00,31-07-2025,22300.00,0.05,75,PE,NFO-OPT,NFO
14252802,55675,NIFTY25JUL22350CE,NIFTY,0.00,31-07-2025,22350.00,0.05,75,CE,NFO-OPT,NFO
14253058,55676,NIFTY25JUL22350PE,NIFTY,0.00,31-07-2025,22350.00,0.05,75,PE,NFO-OPT,NFO
14253314,55677,NIFTY25JUL22400CE,NIFTY,0.00,31-07-2025,22400.00,0.05,75,CE,NFO-OPT,NFO
14253570,55678,NIFTY25JUL22400PE,NIFTY,0.00,31-07-2025,22400.00,0.05,75,PE,NFO-OPT,NFO
14253826,55679,NIFTY25JUL22450CE,NIFTY,0.00,31-07-2025,22450.00,0.05,75,CE,NFO-OPT,NFO
14254082,55680,NIFTY25JUL22450PE,NIFTY,0.00,31-07-2025,22450.00,0.05,75,PE,NFO-OPT,NFO
14254338,55681,NIFTY25JUL22500CE,NIFTY,0.00,31-07-2025,22500.00,0.05,75,CE,NFO-OPT,NFO
14254594,55682,NIFTY25JUL22500PE,NIFTY,0.00,31-07-2025,22500.00,0.05,75,PE,NFO-OPT,NFO
14254850,55683,NIFTY25JUL22550CE,NIFTY,0.00,31-07-2025,22550.00,0.05,75,CE,NFO-OPT,NFO
14255106,55684,NIFTY25JUL22550PE,NIFTY,0.00,31-07-2025,22550.00,0.05,75,PE,NFO-OPT,NFO
14255362,55685,NIFTY25JUL22600CE,NIFTY,0.00,31-07-2025,22600.00,0.05,75,CE,NFO-OPT,NFO
14255618,55686,NIFTY25JUL22600PE,NIFTY,0.00,31-07-2025,22600.00,0.05,75,PE,NFO-OPT,NFO
14255874,55687,NIFTY25JUL22650CE,NIFTY,0.00,31-07-2025,22650.00,0.05,75,CE,NFO-OPT,NFO
14256130,55688,NIFTY25JUL22650PE,NIFTY,0.00,31-07-2025,22650.00,0.05,75,PE,NFO-OPT,NFO
14256386,55689,NIFTY25JUL22700CE,NIFTY,0.00,31-07-2025,22700.00,0.05,75,CE,NFO-OPT,NFO
14256642,55690,NIFTY25JUL22700PE,NIFTY,0.00,31-07-2025,22700.00,0.05,75,PE,NFO-OPT,NFO
14256898,55691,NIFTY25JUL22750CE,NIFTY,0.00,31-07-2025,22750.00,0.05,75,CE,NFO-OPT,NFO
14257154,55692,NIFTY25JUL22750PE,NIFTY,0.00,31-07-2025,22750.00,0.05,75,PE,NFO-OPT,NFO
14257410,55693,NIFTY25JUL22800CE,NIFTY,0.00,31-07-2025,22800.00,0.05,75,CE,NFO-OPT,NFO
14257666,55694,NIFTY25JUL22800PE,NIFTY,0.00,31-07-2025,22800.00,0.05,75,PE,NFO-OPT,NFO
14257922,55695,NIFTY25JUL22850CE,NIFTY,0.00,31-07-2025,22850.00,0.05,75,CE,NFO-OPT,NFO
14258178,55696,NIFTY25JUL22850PE,NIFTY,0.00,31-07-2025,22850.00,0.05,75,PE,NFO-OPT,NFO
14258946,55699,NIFTY25JUL22900CE,NIFTY,0.00,31-07-2025,22900.00,0.05,75,CE,NFO-OPT,NFO
14259202,55700,NIFTY25JUL22900PE,NIFTY,0.00,31-07-2025,22900.00,0.05,75,PE,NFO-OPT,NFO
14259458,55701,NIFTY25JUL22950CE,NIFTY,0.00,31-07-2025,22950.00,0.05,75,CE,NFO-OPT,NFO
14259714,55702,NIFTY25JUL22950PE,NIFTY,0.00,31-07-2025,22950.00,0.05,75,PE,NFO-OPT,NFO
14259970,55703,NIFTY25JUL23000CE,NIFTY,0.00,31-07-2025,23000.00,0.05,75,CE,NFO-OPT,NFO
14260226,55704,NIFTY25JUL23000PE,NIFTY,0.00,31-07-2025,23000.00,0.05,75,PE,NFO-OPT,NFO
14260482,55705,NIFTY25JUL23050CE,NIFTY,0.00,31-07-2025,23050.00,0.05,75,CE,NFO-OPT,NFO
14260738,55706,NIFTY25JUL23050PE,NIFTY,0.00,31-07-2025,23050.00,0.05,75,PE,NFO-OPT,NFO
14262018,55711,NIFTY25JUL23100CE,NIFTY,0.00,31-07-2025,23100.00,0.05,75,CE,NFO-OPT,NFO
14264322,55720,NIFTY25JUL23100PE,NIFTY,0.00,31-07-2025,23100.00,0.05,75,PE,NFO-OPT,NFO
14264578,55721,NIFTY25JUL23150CE,NIFTY,0.00,31-07-2025,23150.00,0.05,75,CE,NFO-OPT,NFO
14264834,55722,NIFTY25JUL23150PE,NIFTY,0.00,31-07-2025,23150.00,0.05,75,PE,NFO-OPT,NFO
14265090,55723,NIFTY25JUL23200CE,NIFTY,0.00,31-07-2025,23200.00,0.05,75,CE,NFO-OPT,NFO
14265346,55724,NIFTY25JUL23200PE,NIFTY,0.00,31-07-2025,23200.00,0.05,75,PE,NFO-OPT,NFO
14265602,55725,NIFTY25JUL23250CE,NIFTY,0.00,31-07-2025,23250.00,0.05,75,CE,NFO-OPT,NFO
14265858,55726,NIFTY25JUL23250PE,NIFTY,0.00,31-07-2025,23250.00,0.05,75,PE,NFO-OPT,NFO
14266114,55727,NIFTY25JUL23300CE,NIFTY,0.00,31-07-2025,23300.00,0.05,75,CE,NFO-OPT,NFO
14266370,55728,NIFTY25JUL23300PE,NIFTY,0.00,31-07-2025,23300.00,0.05,75,PE,NFO-OPT,NFO
14266626,55729,NIFTY25JUL23350CE,NIFTY,0.00,31-07-2025,23350.00,0.05,75,CE,NFO-OPT,NFO
14266882,55730,NIFTY25JUL23350PE,NIFTY,0.00,31-07-2025,23350.00,0.05,75,PE,NFO-OPT,NFO
14267138,55731,NIFTY25JUL23400CE,NIFTY,0.00,31-07-2025,23400.00,0.05,75,CE,NFO-OPT,NFO
14267394,55732,NIFTY25JUL23400PE,NIFTY,0.00,31-07-2025,23400.00,0.05,75,PE,NFO-OPT,NFO
14267650,55733,NIFTY25JUL23450CE,NIFTY,0.00,31-07-2025,23450.00,0.05,75,CE,NFO-OPT,NFO
14267906,55734,NIFTY25JUL23450PE,NIFTY,0.00,31-07-2025,23450.00,0.05,75,PE,NFO-OPT,NFO
14268162,55735,NIFTY25JUL23500CE,NIFTY,0.00,31-07-2025,23500.00,0.05,75,CE,NFO-OPT,NFO
14268418,55736,NIFTY25JUL23500PE,NIFTY,0.00,31-07-2025,23500.00,0.05,75,PE,NFO-OPT,NFO
14268674,55737,NIFTY25JUL23550CE,NIFTY,0.00,31-07-2025,23550.00,0.05,75,CE,NFO-OPT,NFO
14268930,55738,NIFTY25JUL23550PE,NIFTY,0.00,31-07-2025,23550.00,0.05,75,PE,NFO-OPT,NFO
14269186,55739,NIFTY25JUL23600CE,NIFTY,0.00,31-07-2025,23600.00,0.05,75,CE,NFO-OPT,NFO
14269442,55740,NIFTY25JUL23600PE,NIFTY,0.00,31-07-2025,23600.00,0.05,75,PE,NFO-OPT,NFO
14270210,55743,NIFTY25JUL23650CE,NIFTY,0.00,31-07-2025,23650.00,0.05,75,CE,NFO-OPT,NFO
14270466,55744,NIFTY25JUL23650PE,NIFTY,0.00,31-07-2025,23650.00,0.05,75,PE,NFO-OPT,NFO
14270722,55745,NIFTY25JUL23700CE,NIFTY,0.00,31-07-2025,23700.00,0.05,75,CE,NFO-OPT,NFO
14270978,55746,NIFTY25JUL23700PE,NIFTY,0.00,31-07-2025,23700.00,0.05,75,PE,NFO-OPT,NFO
14271234,55747,NIFTY25JUL23750CE,NIFTY,0.00,31-07-2025,23750.00,0.05,75,CE,NFO-OPT,NFO
14271490,55748,NIFTY25JUL23750PE,NIFTY,0.00,31-07-2025,23750.00,0.05,75,PE,NFO-OPT,NFO
14271746,55749,NIFTY25JUL23800CE,NIFTY,0.00,31-07-2025,23800.00,0.05,75,CE,NFO-OPT,NFO
14272002,55750,NIFTY25JUL23800PE,NIFTY,0.00,31-07-2025,23800.00,0.05,75,PE,NFO-OPT,NFO
14272258,55751,NIFTY25JUL23850CE,NIFTY,0.00,31-07-2025,23850.00,0.05,75,CE,NFO-OPT,NFO
14272514,55752,NIFTY25JUL23850PE,NIFTY,0.00,31-07-2025,23850.00,0.05,75,PE,NFO-OPT,NFO
14272770,55753,NIFTY25JUL23900CE,NIFTY,0.00,31-07-2025,23900.00,0.05,75,CE,NFO-OPT,NFO
14273026,55754,NIFTY25JUL23900PE,NIFTY,0.00,31-07-2025,23900.00,0.05,75,PE,NFO-OPT,NFO
14273282,55755,NIFTY25JUL23950CE,NIFTY,0.00,31-07-2025,23950.00,0.05,75,CE,NFO-OPT,NFO
14273538,55756,NIFTY25JUL23950PE,NIFTY,0.00,31-07-2025,23950.00,0.05,75,PE,NFO-OPT,NFO
14273794,55757,NIFTY25JUL24000CE,NIFTY,0.00,31-07-2025,24000.00,0.05,75,CE,NFO-OPT,NFO
14274050,55758,NIFTY25JUL24000PE,NIFTY,0.00,31-07-2025,24000.00,0.05,75,PE,NFO-OPT,NFO
14274306,55759,NIFTY25JUL24050CE,NIFTY,0.00,31-07-2025,24050.00,0.05,75,CE,NFO-OPT,NFO
14274562,55760,NIFTY25JUL24050PE,NIFTY,0.00,31-07-2025,24050.00,0.05,75,PE,NFO-OPT,NFO
14274818,55761,NIFTY25JUL24100CE,NIFTY,0.00,31-07-2025,24100.00,0.05,75,CE,NFO-OPT,NFO
14275074,55762,NIFTY25JUL24100PE,NIFTY,0.00,31-07-2025,24100.00,0.05,75,PE,NFO-OPT,NFO
14275330,55763,NIFTY25JUL24150CE,NIFTY,0.00,31-07-2025,24150.00,0.05,75,CE,NFO-OPT,NFO
14275586,55764,NIFTY25JUL24150PE,NIFTY,0.00,31-07-2025,24150.00,0.05,75,PE,NFO-OPT,NFO
14275842,55765,NIFTY25JUL24200CE,NIFTY,0.00,31-07-2025,24200.00,0.05,75,CE,NFO-OPT,NFO
14276098,55766,NIFTY25JUL24200PE,NIFTY,0.00,31-07-2025,24200.00,0.05,75,PE,NFO-OPT,NFO
14276354,55767,NIFTY25JUL24250CE,NIFTY,0.00,31-07-2025,24250.00,0.05,75,CE,NFO-OPT,NFO
14277122,55770,NIFTY25JUL24250PE,NIFTY,0.00,31-07-2025,24250.00,0.05,75,PE,NFO-OPT,NFO
14277378,55771,NIFTY25JUL24300CE,NIFTY,0.00,31-07-2025,24300.00,0.05,75,CE,NFO-OPT,NFO
14277634,55772,NIFTY25JUL24300PE,NIFTY,0.00,31-07-2025,24300.00,0.05,75,PE,NFO-OPT,NFO
14277890,55773,NIFTY25JUL24350CE,NIFTY,0.00,31-07-2025,24350.00,0.05,75,CE,NFO-OPT,NFO
14278146,55774,NIFTY25JUL24350PE,NIFTY,0.00,31-07-2025,24350.00,0.05,75,PE,NFO-OPT,NFO
14278402,55775,NIFTY25JUL24400CE,NIFTY,0.00,31-07-2025,24400.00,0.05,75,CE,NFO-OPT,NFO
14278658,55776,NIFTY25JUL24400PE,NIFTY,0.00,31-07-2025,24400.00,0.05,75,PE,NFO-OPT,NFO
14278914,55777,NIFTY25JUL24450CE,NIFTY,0.00,31-07-2025,24450.00,0.05,75,CE,NFO-OPT,NFO
14279170,55778,NIFTY25JUL24450PE,NIFTY,0.00,31-07-2025,24450.00,0.05,75,PE,NFO-OPT,NFO
14279426,55779,NIFTY25JUL24500CE,NIFTY,0.00,31-07-2025,24500.00,0.05,75,CE,NFO-OPT,NFO
14279682,55780,NIFTY25JUL24500PE,NIFTY,0.00,31-07-2025,24500.00,0.05,75,PE,NFO-OPT,NFO
14279938,55781,NIFTY25JUL24550CE,NIFTY,0.00,31-07-2025,24550.00,0.05,75,CE,NFO-OPT,NFO
14280194,55782,NIFTY25JUL24550PE,NIFTY,0.00,31-07-2025,24550.00,0.05,75,PE,NFO-OPT,NFO
14280450,55783,NIFTY25JUL24600CE,NIFTY,0.00,31-07-2025,24600.00,0.05,75,CE,NFO-OPT,NFO
14280706,55784,NIFTY25JUL24600PE,NIFTY,0.00,31-07-2025,24600.00,0.05,75,PE,NFO-OPT,NFO
14280962,55785,NIFTY25JUL24650CE,NIFTY,0.00,31-07-2025,24650.00,0.05,75,CE,NFO-OPT,NFO
14281218,55786,NIFTY25JUL24650PE,NIFTY,0.00,31-07-2025,24650.00,0.05,75,PE,NFO-OPT,NFO
14281474,55787,NIFTY25JUL24700CE,NIFTY,0.00,31-07-2025,24700.00,0.05,75,CE,NFO-OPT,NFO
14281730,55788,NIFTY25JUL24700PE,NIFTY,0.00,31-07-2025,24700.00,0.05,75,PE,NFO-OPT,NFO
14281986,55789,NIFTY25JUL24750CE,NIFTY,0.00,31-07-2025,24750.00,0.05,75,CE,NFO-OPT,NFO
14282242,55790,NIFTY25JUL24750PE,NIFTY,0.00,31-07-2025,24750.00,0.05,75,PE,NFO-OPT,NFO
14282498,55791,NIFTY25JUL24800CE,NIFTY,0.00,31-07-2025,24800.00,0.05,75,CE,NFO-OPT,NFO
14282754,55792,NIFTY25JUL24800PE,NIFTY,0.00,31-07-2025,24800.00,0.05,75,PE,NFO-OPT,NFO
14283010,55793,NIFTY25JUL24850CE,NIFTY,0.00,31-07-2025,24850.00,0.05,75,CE,NFO-OPT,NFO
14283266,55794,NIFTY25JUL24850PE,NIFTY,0.00,31-07-2025,24850.00,0.05,75,PE,NFO-OPT,NFO
14283522,55795,NIFTY25JUL24900CE,NIFTY,0.00,31-07-2025,24900.00,0.05,75,CE,NFO-OPT,NFO
14283778,55796,NIFTY25JUL24900PE,NIFTY,0.00,31-07-2025,24900.00,0.05,75,PE,NFO-OPT,NFO
14284034,55797,NIFTY25JUL24950CE,NIFTY,0.00,31-07-2025,24950.00,0.05,75,CE,NFO-OPT,NFO
14284290,55798,NIFTY25JUL24950PE,NIFTY,0.00,31-07-2025,24950.00,0.05,75,PE,NFO-OPT,NFO
14284546,55799,NIFTY25JUL25000CE,NIFTY,0.00,31-07-2025,25000.00,0.05,75,CE,NFO-OPT,NFO
14284802,55800,NIFTY25JUL25000PE,NIFTY,0.00,31-07-2025,25000.00,0.05,75,PE,NFO-OPT,NFO
14285058,55801,NIFTY25JUL25050CE,NIFTY,0.00,31-07-2025,25050.00,0.05,75,CE,NFO-OPT,NFO
14285314,55802,NIFTY25JUL25050PE,NIFTY,0.00,31-07-2025,25050.00,0.05,75,PE,NFO-OPT,NFO
14285570,55803,NIFTY25JUL25100CE,NIFTY,0.00,31-07-2025,25100.00,0.05,75,CE,NFO-OPT,NFO
14285826,55804,NIFTY25JUL25100PE,NIFTY,0.00,31-07-2025,25100.00,0.05,75,PE,NFO-OPT,NFO
14286082,55805,NIFTY25JUL25150CE,NIFTY,0.00,31-07-2025,25150.00,0.05,75,CE,NFO-OPT,NFO
14286338,55806,NIFTY25JUL25150PE,NIFTY,0.00,31-07-2025,25150.00,0.05,75,PE,NFO-OPT,NFO
14286594,55807,NIFTY25JUL25200CE,NIFTY,0.00,31-07-2025,25200.00,0.05,75,CE,NFO-OPT,NFO
14286850,55808,NIFTY25JUL25200PE,NIFTY,0.00,31-07-2025,25200.00,0.05,75,PE,NFO-OPT,NFO
14287106,55809,NIFTY25JUL25250CE,NIFTY,0.00,31-07-2025,25250.00,0.05,75,CE,NFO-OPT,NFO
14287362,55810,NIFTY25JUL25250PE,NIFTY,0.00,31-07-2025,25250.00,0.05,75,PE,NFO-OPT,NFO
14287618,55811,NIFTY25JUL25300CE,NIFTY,0.00,31-07-2025,25300.00,0.05,75,CE,NFO-OPT,NFO
14287874,55812,NIFTY25JUL25300PE,NIFTY,0.00,31-07-2025,25300.00,0.05,75,PE,NFO-OPT,NFO
14288642,55815,NIFTY25JUL25350CE,NIFTY,0.00,31-07-2025,25350.00,0.05,75,CE,NFO-OPT,NFO
14288898,55816,NIFTY25JUL25350PE,NIFTY,0.00,31-07-2025,25350.00,0.05,75,PE,NFO-OPT,NFO
14289154,55817,NIFTY25JUL25400CE,NIFTY,0.00,31-07-2025,25400.00,0.05,75,CE,NFO-OPT,NFO
14289922,55820,NIFTY25JUL25400PE,NIFTY,0.00,31-07-2025,25400.00,0.05,75,PE,NFO-OPT,NFO
14290178,55821,NIFTY25JUL25450CE,NIFTY,0.00,31-07-2025,25450.00,0.05,75,CE,NFO-OPT,NFO
14290946,55824,NIFTY25JUL25450PE,NIFTY,0.00,31-07-2025,25450.00,0.05,75,PE,NFO-OPT,NFO
14291202,55825,NIFTY25JUL25500CE,NIFTY,0.00,31-07-2025,25500.00,0.05,75,CE,NFO-OPT,NFO
14291458,55826,NIFTY25JUL25500PE,NIFTY,0.00,31-07-2025,25500.00,0.05,75,PE,NFO-OPT,NFO
14292226,55829,NIFTY25JUL25550CE,NIFTY,0.00,31-07-2025,25550.00,0.05,75,CE,NFO-OPT,NFO
14292482,55830,NIFTY25JUL25550PE,NIFTY,0.00,31-07-2025,25550.00,0.05,75,PE,NFO-OPT,NFO
14292738,55831,NIFTY25JUL25600CE,NIFTY,0.00,31-07-2025,25600.00,0.05,75,CE,NFO-OPT,NFO
14292994,55832,NIFTY25JUL25600PE,NIFTY,0.00,31-07-2025,25600.00,0.05,75,PE,NFO-OPT,NFO
14293250,55833,NIFTY25JUL25650CE,NIFTY,0.00,31-07-2025,25650.00,0.05,75,CE,NFO-OPT,NFO
14293506,55834,NIFTY25JUL25650PE,NIFTY,0.00,31-07-2025,25650.00,0.05,75,PE,NFO-OPT,NFO
14293762,55835,NIFTY25JUL25700CE,NIFTY,0.00,31-07-2025,25700.00,0.05,75,CE,NFO-OPT,NFO
14294018,55836,NIFTY25JUL25700PE,NIFTY,0.00,31-07-2025,25700.00,0.05,75,PE,NFO-OPT,NFO
14294274,55837,NIFTY25JUL25750CE,NIFTY,0.00,31-07-2025,25750.00,0.05,75,CE,NFO-OPT,NFO
14294530,55838,NIFTY25JUL25750PE,NIFTY,0.00,31-07-2025,25750.00,0.05,75,PE,NFO-OPT,NFO
14294786,55839,NIFTY25JUL25800CE,NIFTY,0.00,31-07-2025,25800.00,0.05,75,CE,NFO-OPT,NFO
14295042,55840,NIFTY25JUL25800PE,NIFTY,0.00,31-07-2025,25800.00,0.05,75,PE,NFO-OPT,NFO
14295298,55841,NIFTY25JUL25850CE,NIFTY,0.00,31-07-2025,25850.00,0.05,75,CE,NFO-OPT,NFO
14295810,55843,NIFTY25JUL25850PE,NIFTY,0.00,31-07-2025,25850.00,0.05,75,PE,NFO-OPT,NFO
14296066,55844,NIFTY25JUL25900CE,NIFTY,0.00,31-07-2025,25900.00,0.05,75,CE,NFO-OPT,NFO
14296578,55846,NIFTY25JUL25900PE,NIFTY,0.00,31-07-2025,25900.00,0.05,75,PE,NFO-OPT,NFO
14296834,55847,NIFTY25JUL25950CE,NIFTY,0.00,31-07-2025,25950.00,0.05,75,CE,NFO-OPT,NFO
14297090,55848,NIFTY25JUL25950PE,NIFTY,0.00,31-07-2025,25950.00,0.05,75,PE,NFO-OPT,NFO
14297346,55849,NIFTY25JUL26000CE,NIFTY,0.00,31-07-2025,26000.00,0.05,75,CE,NFO-OPT,NFO
14297602,55850,NIFTY25JUL26000PE,NIFTY,0.00,31-07-2025,26000.00,0.05,75,PE,NFO-OPT,NFO
14297858,55851,NIFTY25JUL26050CE,NIFTY,0.00,31-07-2025,26050.00,0.05,75,CE,NFO-OPT,NFO
14298114,55852,NIFTY25JUL26050PE,NIFTY,0.00,31-07-2025,26050.00,0.05,75,PE,NFO-OPT,NFO
14298370,55853,NIFTY25JUL26100CE,NIFTY,0.00,31-07-2025,26100.00,0.05,75,CE,NFO-OPT,NFO
14298626,55854,NIFTY25JUL26100PE,NIFTY,0.00,31-07-2025,26100.00,0.05,75,PE,NFO-OPT,NFO
14298882,55855,NIFTY25JUL26150CE,NIFTY,0.00,31-07-2025,26150.00,0.05,75,CE,NFO-OPT,NFO
14299138,55856,NIFTY25JUL26150PE,NIFTY,0.00,31-07-2025,26150.00,0.05,75,PE,NFO-OPT,NFO
14299394,55857,NIFTY25JUL26200CE,NIFTY,0.00,31-07-2025,26200.00,0.05,75,CE,NFO-OPT,NFO
14299650,55858,NIFTY25JUL26200PE,NIFTY,0.00,31-07-2025,26200.00,0.05,75,PE,NFO-OPT,NFO
14299906,55859,NIFTY25JUL26250CE,NIFTY,0.00,31-07-2025,26250.00,0.05,75,CE,NFO-OPT,NFO
14300162,55860,NIFTY25JUL26250PE,NIFTY,0.00,31-07-2025,26250.00,0.05,75,PE,NFO-OPT,NFO
14300418,55861,NIFTY25JUL26300CE,NIFTY,0.00,31-07-2025,26300.00,0.05,75,CE,NFO-OPT,NFO
14300674,55862,NIFTY25JUL26300PE,NIFTY,0.00,31-07-2025,26300.00,0.05,75,PE,NFO-OPT,NFO
14300930,55863,NIFTY25JUL26350CE,NIFTY,0.00,31-07-2025,26350.00,0.05,75,CE,NFO-OPT,NFO
14301186,55864,NIFTY25JUL26350PE,NIFTY,0.00,31-07-2025,26350.00,0.05,75,PE,NFO-OPT,NFO
14301442,55865,NIFTY25JUL26400CE,NIFTY,0.00,31-07-2025,26400.00,0.05,75,CE,NFO-OPT,NFO
14301698,55866,NIFTY25JUL26400PE,NIFTY,0.00,31-07-2025,26400.00,0.05,75,PE,NFO-OPT,NFO
14301954,55867,NIFTY25JUL26450CE,NIFTY,0.00,31-07-2025,26450.00,0.05,75,CE,NFO-OPT,NFO
14302210,55868,NIFTY25JUL26450PE,NIFTY,0.00,31-07-2025,26450.00,0.05,75,PE,NFO-OPT,NFO
14302466,55869,NIFTY25JUL26500CE,NIFTY,0.00,31-07-2025,26500.00,0.05,75,CE,NFO-OPT,NFO
14302722,55870,NIFTY25JUL26500PE,NIFTY,0.00,31-07-2025,26500.00,0.05,75,PE,NFO-OPT,NFO
14302978,55871,NIFTY25JUL26550CE,NIFTY,0.00,31-07-2025,26550.00,0.05,75,CE,NFO-OPT,NFO
14303234,55872,NIFTY25JUL26550PE,NIFTY,0.00,31-07-2025,26550.00,0.05,75,PE,NFO-OPT,NFO
14303490,55873,NIFTY25JUL26600CE,NIFTY,0.00,31-07-2025,26600.00,0.05,75,CE,NFO-OPT,NFO
14304002,55875,NIFTY25JUL26600PE,NIFTY,0.00,31-07-2025,26600.00,0.05,75,PE,NFO-OPT,NFO
14304258,55876,NIFTY25JUL26650CE,NIFTY,0.00,31-07-2025,26650.00,0.05,75,CE,NFO-OPT,NFO
14304770,55878,NIFTY25JUL26650PE,NIFTY,0.00,31-07-2025,26650.00,0.05,75,PE,NFO-OPT,NFO
14305026,55879,NIFTY25JUL26700CE,NIFTY,0.00,31-07-2025,26700.00,0.05,75,CE,NFO-OPT,NFO
14305282,55880,NIFTY25JUL26700PE,NIFTY,0.00,31-07-2025,26700.00,0.05,75,PE,NFO-OPT,NFO
14305538,55881,NIFTY25JUL26750CE,NIFTY,0.00,31-07-2025,26750.00,0.05,75,CE,NFO-OPT,NFO
14305794,55882,NIFTY25JUL26750PE,NIFTY,0.00,31-07-2025,26750.00,0.05,75,PE,NFO-OPT,NFO
14306050,55883,NIFTY25JUL26800CE,NIFTY,0.00,31-07-2025,26800.00,0.05,75,CE,NFO-OPT,NFO
14306306,55884,NIFTY25JUL26800PE,NIFTY,0.00,31-07-2025,26800.00,0.05,75,PE,NFO-OPT,NFO
14306562,55885,NIFTY25JUL26850CE,NIFTY,0.00,31-07-2025,26850.00,0.05,75,CE,NFO-OPT,NFO
14306818,55886,NIFTY25JUL26850PE,NIFTY,0.00,31-07-2025,26850.00,0.05,75,PE,NFO-OPT,NFO
14307074,55887,NIFTY25JUL26900CE,NIFTY,0.00,31-07-2025,26900.00,0.05,75,CE,NFO-OPT,NFO
14308354,55892,NIFTY25JUL26900PE,NIFTY,0.00,31-07-2025,26900.00,0.05,75,PE,NFO-OPT,NFO
14308610,55893,NIFTY25JUL26950CE,NIFTY,0.00,31-07-2025,26950.00,0.05,75,CE,NFO-OPT,NFO
14309378,55896,NIFTY25JUL26950PE,NIFTY,0.00,31-07-2025,26950.00,0.05,75,PE,NFO-OPT,NFO
14309634,55897,NIFTY25JUL27000CE,NIFTY,0.00,31-07-2025,27000.00,0.05,75,CE,NFO-OPT,NFO
14309890,55898,NIFTY25JUL27000PE,NIFTY,0.00,31-07-2025,27000.00,0.05,75,PE,NFO-OPT,NFO
14310146,55899,NIFTY25JUL27050CE,NIFTY,0.00,31-07-2025,27050.00,0.05,75,CE,NFO-OPT,NFO
14310402,55900,NIFTY25JUL27050PE,NIFTY,0.00,31-07-2025,27050.00,0.05,75,PE,NFO-OPT,NFO
14310658,55901,NIFTY25JUL27100CE,NIFTY,0.00,31-07-2025,27100.00,0.05,75,CE,NFO-OPT,NFO
14310914,55902,NIFTY25JUL27100PE,NIFTY,0.00,31-07-2025,27100.00,0.05,75,PE,NFO-OPT,NFO
14311170,55903,NIFTY25JUL27150CE,NIFTY,0.00,31-07-2025,27150.00,0.05,75,CE,NFO-OPT,NFO
14311426,55904,NIFTY25JUL27150PE,NIFTY,0.00,31-07-2025,27150.00,0.05,75,PE,NFO-OPT,NFO
14311682,55905,NIFTY25JUL27200CE,NIFTY,0.00,31-07-2025,27200.00,0.05,75,CE,NFO-OPT,NFO
14311938,55906,NIFTY25JUL27200PE,NIFTY,0.00,31-07-2025,27200.00,0.05,75,PE,NFO-OPT,NFO
14312194,55907,NIFTY25JUL27250CE,NIFTY,0.00,31-07-2025,27250.00,0.05,75,CE,NFO-OPT,NFO
14312450,55908,NIFTY25JUL27250PE,NIFTY,0.00,31-07-2025,27250.00,0.05,75,PE,NFO-OPT,NFO
14312706,55909,NIFTY25JUL27300CE,NIFTY,0.00,31-07-2025,27300.00,0.05,75,CE,NFO-OPT,NFO
14313474,55912,NIFTY25JUL27300PE,NIFTY,0.00,31-07-2025,27300.00,0.05,75,PE,NFO-OPT,NFO
14313730,55913,NIFTY25JUL27350CE,NIFTY,0.00,31-07-2025,27350.00,0.05,75,CE,NFO-OPT,NFO
14313986,55914,NIFTY25JUL27350PE,NIFTY,0.00,31-07-2025,27350.00,0.05,75,PE,NFO-OPT,NFO
14314242,55915,NIFTY25JUL27400CE,NIFTY,0.00,31-07-2025,27400.00,0.05,75,CE,NFO-OPT,NFO
14314498,55916,NIFTY25JUL27400PE,NIFTY,0.00,31-07-2025,27400.00,0.05,75,PE,NFO-OPT,NFO
15007234,58622,NIFTY25DEC22000CE,NIFTY,0.00,24-12-2025,22000.00,0.05,75,CE,NFO-OPT,NFO
15007490,58623,NIFTY25DEC22000PE,NIFTY,0.00,24-12-2025,22000.00,0.05,75,PE,NFO-OPT,NFO
15007746,58624,NIFTY26JUN12000CE,NIFTY,0.00,25-06-2026,12000.00,0.05,75,CE,NFO-OPT,NFO
15008002,58625,NIFTY26JUN12000PE,NIFTY,0.00,25-06-2026,12000.00,0.05,75,PE,NFO-OPT,NFO
15008258,58626,NIFTY26JUN22000CE,NIFTY,0.00,25-06-2026,22000.00,0.05,75,CE,NFO-OPT,NFO
15008514,58627,NIFTY26JUN22000PE,NIFTY,0.00,25-06-2026,22000.00,0.05,75,PE,NFO-OPT,NFO
15009026,58629,NIFTY26DEC12000PE,NIFTY,0.00,31-12-2026,12000.00,0.05,75,PE,NFO-OPT,NFO
15009538,58631,NIFTY26DEC13000PE,NIFTY,0.00,31-12-2026,13000.00,0.05,75,PE,NFO-OPT,NFO
15010050,58633,NIFTY26DEC14000PE,NIFTY,0.00,31-12-2026,14000.00,0.05,75,PE,NFO-OPT,NFO
15010562,58635,NIFTY26DEC15000PE,NIFTY,0.00,31-12-2026,15000.00,0.05,75,PE,NFO-OPT,NFO
15010818,58636,NIFTY26DEC16000CE,NIFTY,0.00,31-12-2026,16000.00,0.05,75,CE,NFO-OPT,NFO
15011074,58637,NIFTY26DEC16000PE,NIFTY,0.00,31-12-2026,16000.00,0.05,75,PE,NFO-OPT,NFO
15011586,58639,NIFTY26DEC17000PE,NIFTY,0.00,31-12-2026,17000.00,0.05,75,PE,NFO-OPT,NFO
15012098,58641,NIFTY26DEC18000PE,NIFTY,0.00,31-12-2026,18000.00,0.05,75,PE,NFO-OPT,NFO
15012354,58642,NIFTY26DEC19000CE,NIFTY,0.00,31-12-2026,19000.00,0.05,75,CE,NFO-OPT,NFO
15012610,58643,NIFTY26DEC19000PE,NIFTY,0.00,31-12-2026,19000.00,0.05,75,PE,NFO-OPT,NFO
15012866,58644,NIFTY26DEC20000CE,NIFTY,0.00,31-12-2026,20000.00,0.05,75,CE,NFO-OPT,NFO
15013122,58645,NIFTY26DEC20000PE,NIFTY,0.00,31-12-2026,20000.00,0.05,75,PE,NFO-OPT,NFO
