model,fold,n_train,n_test,chop,tau,feasible_any,chop_train_n,chop_train_mean,test_skipped,test_kept_share
hmm3,0,741,82,1,0.5,True,187,-841.16,24,0.7073
hmm3,1,741,83,0,0.5,True,362,-981.07,32,0.6145
hmm3,2,784,42,0,0.8,True,377,-906.96,15,0.6429
hmm3,3,742,76,0,0.8,True,346,-847.64,42,0.4474
hmm3,4,754,72,0,0.7,True,357,-862.41,38,0.4722
hmm3,5,747,73,0,0.8,True,351,-847.84,36,0.5068
hmm3,6,745,77,0,0.7,True,354,-897.67,39,0.4935
hmm3,7,775,51,1,0.5,True,196,-894.04,15,0.7059
hmm3,8,747,76,0,0.7,True,363,-890.74,30,0.6053
hmm3,9,746,80,1,0.5,True,188,-926.63,23,0.7125
hmm3,10,794,31,0,0.7,True,376,-836.06,17,0.4516
hmm3,11,743,83,0,0.8,True,355,-1003.89,36,0.5663
hmm4,0,741,82,3,0.9,True,115,-979.93,12,0.8537
hmm4,1,741,83,2,0.9,True,529,-844.46,61,0.2651
hmm4,2,784,42,2,0.9,True,561,-820.35,30,0.2857
hmm4,3,742,76,1,0.9,True,36,-1006.24,0,1.0
hmm4,4,754,72,1,0.9,True,34,-831.53,1,0.9861
hmm4,5,747,73,1,0.9,True,33,-989.42,2,0.9726
hmm4,6,745,77,2,0.9,True,534,-827.97,57,0.2597
hmm4,7,775,51,3,0.9,True,125,-965.58,7,0.8627
hmm4,8,747,76,1,0.9,True,33,-913.74,2,0.9737
hmm4,9,746,80,1,0.9,True,32,-1003.79,4,0.95
hmm4,10,794,31,1,0.9,True,37,-835.56,0,1.0
hmm4,11,743,83,2,0.9,True,536,-841.41,55,0.3373
gmm4,0,741,82,2,0.9,True,127,-984.55,18,0.7805
gmm4,1,741,83,2,0.9,True,130,-1139.98,12,0.8554
gmm4,2,784,42,1,0.5,True,382,-1035.68,16,0.619
gmm4,3,742,76,2,0.9,True,130,-1076.67,12,0.8421
gmm4,4,754,72,1,0.5,True,359,-987.56,39,0.4583
gmm4,5,747,73,1,0.5,True,352,-956.96,42,0.4247
gmm4,6,745,77,1,0.5,True,355,-1081.82,43,0.4416
gmm4,7,775,51,2,0.9,True,136,-1161.9,8,0.8431
gmm4,8,747,76,1,0.5,True,363,-1044.79,35,0.5395
gmm4,9,746,80,2,0.9,True,132,-938.84,13,0.8375
gmm4,10,794,31,2,0.9,True,143,-966.76,3,0.9032
gmm4,11,743,83,2,0.8,True,132,-1110.82,11,0.8675
jump4,0,741,82,1,0.9,True,291,-1122.54,30,0.6341
jump4,1,741,83,1,0.9,True,288,-975.06,33,0.6024
jump4,2,784,42,1,0.9,True,304,-1030.83,17,0.5952
jump4,3,742,76,1,0.9,True,284,-1073.32,34,0.5526
jump4,4,754,72,1,0.9,True,294,-1061.99,27,0.625
jump4,5,747,73,1,0.9,True,288,-995.09,31,0.5753
jump4,6,745,77,1,0.9,True,296,-1062.55,22,0.7143
jump4,7,775,51,1,0.9,True,299,-1136.53,22,0.5686
jump4,8,747,76,1,0.9,True,294,-901.48,25,0.6711
jump4,9,746,80,1,0.9,True,291,-925.83,30,0.625
jump4,10,794,31,1,0.9,True,305,-1007.45,15,0.5161
jump4,11,743,83,1,0.9,True,286,-1166.65,35,0.5783
jump3,0,741,82,2,0.9,True,520,-840.05,58,0.2927
jump3,1,741,83,1,0.9,True,161,-967.72,15,0.8193
jump3,2,784,42,2,0.9,True,550,-830.41,30,0.2857
jump3,3,742,76,1,0.9,True,157,-827.1,18,0.7632
jump3,4,754,72,1,0.9,True,163,-800.07,13,0.8194
jump3,5,747,73,1,0.9,True,154,-740.94,21,0.7123
jump3,6,745,77,1,0.9,True,155,-861.78,21,0.7273
jump3,7,775,51,1,0.9,True,168,-778.02,8,0.8431
jump3,8,747,76,0,0.9,True,65,-836.6,5,0.9342
jump3,9,746,80,1,0.9,True,155,-767.41,21,0.7375
jump3,10,794,31,2,0.9,True,557,-758.46,22,0.2903
jump3,11,743,83,2,0.9,True,520,-864.34,60,0.2771
