fold,n_tr,n_te,cap_p99,tau,oof_wlogloss,oof_diff,kept_share,oob_wlogloss_train
0,741,82,16029.2,0.05,0.71655,,1.0,0.76151
1,741,83,14989.1,0.05,0.71332,,1.0,0.77073
2,784,42,16746.1,0.35,0.70383,431.03,0.9286,0.73034
3,742,76,17645.5,0.42,0.81188,-451.18,0.8816,0.72829
4,754,72,17388.5,0.22,0.7428,,1.0,0.81702
5,747,73,17538.4,0.12,0.73973,,1.0,0.76417
6,745,77,15993.9,0.33,0.69817,-1839.19,0.961,0.83972
7,775,51,14972.0,0.35,0.69378,482.32,0.8431,0.77078
8,747,76,15251.0,0.05,0.75791,,1.0,0.76008
9,746,80,15279.1,0.05,0.75471,,1.0,0.81934
10,794,31,16532.0,0.4,0.8235,-301.11,0.9032,0.76121
11,743,83,17624.1,0.05,0.68586,,1.0,0.78233
