mda_rank,cluster,representative,n_members,mda_ll_mean,mda_ll_std,mda_ll_ratio,mda_ll_pass,mda_ll_folds_positive,mda_diff_mean,mda_diff_std,mda_diff_ratio,mda_diff_pass,mdi,sfi_oof_wlogloss,sfi_oof_auc,diff,kept_share,control_pct,perm_p,winner_recall_weighted,ledger_id,rank_H1_2021-10..2023-09,rank_H2_2023-10..2025-12,stab_top8_periods,stab_pass,shortlist_eligible,mda_ll_H1_2021-10..2023-09,mda_ll_H2_2023-10..2025-12,n_features,kept_n,loser_recall,sign_blocks,diff_top1_removed,rep_tier,rep_why,members
1,11,fz_block_reason=new,6,0.0015946042695443,0.0028950140126412,0.5508105531031885,False,9,-185.3472,401.65767084072974,-0.4614556460780158,False,0.0191338607538505,0.77389,0.4984,83.77,0.8692,,,0.8829,DRY,2,1,2,True,False,0.000327,0.00253,6,718,0.1323,4.0,-165.78,0,"tier 0 (integer/boolean/one-hot/card field), coverage 1.000, mean |rho| to members 0.434",room_behind_dist_atr; card_read=NEW; card_out_side=nan; card_last_reject_dir=nan; fz_gate=BLOCK; fz_block_reason=new
2,17,touch_room_last=broke,4,0.0014849173196025,0.0065293820456671,0.2274208047893225,False,6,259.41279999999995,1604.0841807221964,0.1617201909460925,False,0.0404738790320825,0.76879,0.526,567.87,0.8741,,,0.9183,DRY,1,4,2,True,False,0.003149,0.001631,4,722,0.1374,9.0,554.1,0,"tier 0 (integer/boolean/one-hot/card field), coverage 1.000, mean |rho| to members 0.391",room_ahead_dist_atr; touch_room_n; touch_room_last=broke; room_ahead_dist_atr__na
3,12,card_read=LEAVE,5,0.0011968624388984,0.0031689168435465,0.3776881811638081,False,5,23.549200000000013,209.38589023905124,0.112467941240522,False,0.0092551648107734,0.77793,0.5329,,1.0,,,,DRY,22,5,1,False,False,-9.8e-05,0.001523,5,826,,,,0,"tier 0 (integer/boolean/one-hot/card field), coverage 1.000, mean |rho| to members 0.483",card_read=LEAVE; card_leave_side=up; card_leave_kind=normal; fz_take_why=leave_vol_fail; fz_entered_read=REJECT
4,22,days_to_expiry,2,0.0005416303204395,0.0039068045958909,0.1386376787334731,False,4,-80.684,180.41490869659305,-0.447213595499958,False,0.0086121461351723,0.78372,0.4893,-557.95,0.9516,,,0.9505,DRY,26,8,1,False,False,-0.000454,0.000465,2,786,0.0436,2.0,-786.1,0,"tier 0 (integer/boolean/one-hot/card field), coverage 1.000, mean |rho| to members 0.151",days_to_expiry; n_rooms_alive
5,23,dow,2,1.21898371389469e-06,0.0060420530918375,0.0002017499176797,False,6,50.6292,113.21033284643237,0.4472135954999579,False,0.0171753299668853,0.77438,0.5247,278.37,0.9564,,,0.9768,DRY,30,6,1,False,False,-0.001132,0.00148,2,790,0.0452,1.0,51.85,0,"tier 0 (integer/boolean/one-hot/card field), coverage 1.000, mean |rho| to members 0.108",dow; gap_pts
6,15,fz_block_reason=hunt_fade,4,0.0,0.0,,False,0,0.0,0.0,,False,0.0,0.78445,0.5152,,1.0,,,,DRY,8,16,1,False,False,-0.0,-0.0,4,826,,,,0,"tier 0 (integer/boolean/one-hot/card field), coverage 1.000, mean |rho| to members 0.359",card_read=HUNT; card_last_hunt_dir=down; card_last_hunt_dir=up; fz_block_reason=hunt_fade
7,8,gap_pts__na,6,0.0,0.0,,False,0,0.0,0.0,,False,0.0,0.78522,0.5297,,1.0,,,,DRY,4,15,1,False,False,-0.0,-0.0,6,826,,,,0,"tier 0 (integer/boolean/one-hot/card field), coverage 1.000, mean |rho| to members 0.726 (missing indicator, the cluster's only member)",gap_pts__na; bars_since_prev_choch__na; sess_cumvol_ratio20s__na; bocpd_ret_h60_since_reset__na; bocpd_rng_h60_since_reset__na; nn_dist_prefix_long__na
8,35,hv2_dir=flat,1,0.0,0.0,,False,0,0.0,0.0,,False,0.0,0.78522,0.5297,,1.0,,,,DRY,17,25,0,False,False,-0.0,-0.0,1,826,,,,0,"tier 0 (integer/boolean/one-hot/card field), coverage 1.000, mean |rho| to members 1.000",hv2_dir=flat
9,32,fz_gate=REENTER,1,0.0,0.0,,False,0,0.0,0.0,,False,0.0,0.78522,0.5297,,1.0,,,,DRY,16,24,0,False,False,-0.0,-0.0,1,826,,,,0,"tier 0 (integer/boolean/one-hot/card field), coverage 1.000, mean |rho| to members 1.000",fz_gate=REENTER
10,33,hour_bin=10,1,0.0,0.0,,False,0,0.0,0.0,,False,0.0,0.78485,0.5354,317.84,0.8656,,,0.8529,DRY,15,23,0,False,False,-0.0,-0.0,1,715,0.1374,8.0,514.06,0,"tier 0 (integer/boolean/one-hot/card field), coverage 1.000, mean |rho| to members 1.000",hour_bin=10
11,34,hour_bin=11,1,0.0,0.0,,False,0,0.0,0.0,,False,0.0,0.78654,0.5056,-167.45,0.9116,,,0.9152,DRY,21,29,0,False,False,-0.0,-0.0,1,753,0.0888,5.0,-113.42,0,"tier 0 (integer/boolean/one-hot/card field), coverage 1.000, mean |rho| to members 1.000",hour_bin=11
12,37,room_behind_dist_atr__na,1,0.0,0.0,,False,0,0.0,0.0,,False,0.0,0.78522,0.5297,,1.0,,,,DRY,19,27,0,False,False,-0.0,-0.0,1,826,,,,0,"tier 0 (integer/boolean/one-hot/card field), coverage 1.000, mean |rho| to members 1.000 (missing indicator, the cluster's only member)",room_behind_dist_atr__na
13,36,last_bos_dir=down,1,0.0,0.0,,False,0,0.0,0.0,,False,5.623157271951904e-05,0.78395,0.492,,1.0,,,,DRY,20,28,0,False,False,-0.0,-0.0,1,826,,,,0,"tier 0 (integer/boolean/one-hot/card field), coverage 1.000, mean |rho| to members 1.000",last_bos_dir=down
14,38,touch_prot_last=broke,1,0.0,0.0,,False,0,0.0,0.0,,False,0.0,0.78522,0.5297,,1.0,,,,DRY,18,26,0,False,False,-0.0,-0.0,1,826,,,,0,"tier 0 (integer/boolean/one-hot/card field), coverage 1.000, mean |rho| to members 1.000",touch_prot_last=broke
15,18,touch_prot_last=na,4,0.0,0.0,,False,0,0.0,0.0,,False,0.0,0.78469,0.5037,369.72,0.908,,,0.9076,DRY,13,11,0,False,False,-0.0,-0.0,4,750,0.0888,7.0,131.23,0,"tier 0 (integer/boolean/one-hot/card field), coverage 1.000, mean |rho| to members 0.483",touch_prot_last=na; touch_prot_last=none; dist_prot_dir_atr__na; touch_prot_bars_ago__na
16,31,fz_entered_read=FIRST_PRINT,1,0.0,0.0,,False,0,0.0,0.0,,False,0.0,0.78522,0.5297,,1.0,,,,DRY,14,21,0,False,False,-0.0,-0.0,1,826,,,,0,"tier 0 (integer/boolean/one-hot/card field), coverage 1.000, mean |rho| to members 1.000",fz_entered_read=FIRST_PRINT
17,30,fz_entered_read=ACCEPTED,1,0.0,0.0,,False,0,0.0,0.0,,False,0.0,0.78522,0.5297,,1.0,,,,DRY,5,17,1,False,False,-0.0,-0.0,1,826,,,,0,"tier 0 (integer/boolean/one-hot/card field), coverage 1.000, mean |rho| to members 1.000",fz_entered_read=ACCEPTED
18,28,card_read=REJECT,1,0.0,0.0,,False,0,0.0,0.0,,False,0.0,0.78522,0.5297,,1.0,,,,DRY,12,20,0,False,False,-0.0,-0.0,1,826,,,,0,"tier 0 (integer/boolean/one-hot/card field), coverage 1.000, mean |rho| to members 1.000",card_read=REJECT
19,29,csw_sign_dir,1,0.0,0.0,,False,0,0.0,0.0,,False,0.0,0.78522,0.5297,,1.0,,,,DRY,7,22,1,False,False,-0.0,-0.0,1,826,,,,0,"tier 0 (integer/boolean/one-hot/card field), coverage 0.939, mean |rho| to members 1.000",csw_sign_dir
20,27,card_read=FIRST_PRINT,1,0.0,0.0,,False,0,0.0,0.0,,False,0.0,0.78522,0.5297,,1.0,,,,DRY,11,19,0,False,False,-0.0,-0.0,1,826,,,,0,"tier 0 (integer/boolean/one-hot/card field), coverage 1.000, mean |rho| to members 1.000",card_read=FIRST_PRINT
21,26,touch_swing_last=none,2,0.0,0.0,,False,0,0.0,0.0,,False,0.0,0.78522,0.5297,,1.0,,,,DRY,10,18,0,False,False,-0.0,-0.0,2,826,,,,0,"tier 0 (integer/boolean/one-hot/card field), coverage 1.000, mean |rho| to members 1.000",touch_swing_last=none; touch_swing_bars_ago__na
22,24,card_read=RECYCLE,2,0.0,0.0,,False,0,0.0,0.0,,False,0.0,0.78522,0.5297,,1.0,,,,DRY,9,13,0,False,False,-0.0,-0.0,2,826,,,,0,"tier 0 (integer/boolean/one-hot/card field), coverage 1.000, mean |rho| to members 0.127",hour_bin=>=15:20; card_read=RECYCLE
23,19,card_read=ACCEPTED,3,0.0,0.0,,False,0,0.0,0.0,,False,0.0,0.78522,0.5297,,1.0,,,,DRY,6,12,1,False,False,-0.0,-0.0,3,826,,,,0,"tier 0 (integer/boolean/one-hot/card field), coverage 1.000, mean |rho| to members 0.603",card_read=ACCEPTED; fz_take_why=accepted_no_defend; fz_take_why=defend_wrong_half
24,16,touch_prot_last=held,4,-0.0002173848941431,0.007409430885251,-0.0293389462038006,False,7,-135.0768,139.55945957619642,-0.9678799302475874,False,0.0251459216789942,0.78275,0.4962,1834.63,0.9988,,,1.0,DRY,36,2,1,False,False,-0.003786,0.002516,4,825,0.0017,1.0,1617.71,0,"tier 0 (integer/boolean/one-hot/card field), coverage 1.000, mean |rho| to members 0.390",last_sh_bars_ago; last_sl_bars_ago; touch_prot_last=held; touch_prot_bars_ago
25,20,touch_prot_last=pending,3,-0.0002802338685506,0.0009369050574423,-0.2991059406976062,False,2,0.0,0.0,,False,0.002413601566904,0.77869,0.4991,-398.58,0.9395,,,0.9316,DRY,24,32,0,False,False,-0.000208,-0.000415,3,776,0.057,3.0,94.57,0,"tier 0 (integer/boolean/one-hot/card field), coverage 1.000, mean |rho| to members 0.292",n_swings_1h; touch_prot_n; touch_prot_last=pending
26,7,fz_gate=TAKE,6,-0.0003196012723785,0.0090949657187524,-0.0351404592674405,False,6,-24.485600000000044,688.0890231988883,-0.0355849304006737,False,0.0328214090066724,0.78155,0.5149,186.0,0.8995,,,0.9322,DRY,32,9,0,False,False,-0.002685,0.000411,6,743,0.0988,3.0,-54.95,0,"tier 0 (integer/boolean/one-hot/card field), coverage 1.000, mean |rho| to members 0.453",card_last_hunt_dir=nan; fz_gate=TAKE; fz_block_reason=nan; fz_branch=leave; fz_take_why=nan; fz_entered_read=nan
27,21,n_events_asof,3,-0.0004304737042109,0.0015402112922925,-0.2794900325462214,False,1,0.0,0.0,,False,0.0107808775491839,0.77834,0.4831,,1.0,,,,DRY,28,14,0,False,False,-0.000902,-0.0,3,826,,,,0,"tier 0 (integer/boolean/one-hot/card field), coverage 1.000, mean |rho| to members 0.930",sl; n_events_asof; ffd_close_dstar
28,10,touch_swing_last=pending,6,-0.0004737039193596,0.0012659775996812,-0.3741803326369333,False,4,9.322000000000005,20.84462568625305,0.4472135954999579,False,0.0074706778248546,0.77045,0.508,,1.0,,,,DRY,25,33,0,False,False,-0.000416,-0.000575,6,826,,,,0,"tier 0 (integer/boolean/one-hot/card field), coverage 1.000, mean |rho| to members 0.326",hv2_bars_since; swing_ahead_dist_atr; touch_room_last=pending; touch_swing_last=pending; card_cluster_sit; cusum_bars_since
29,13,last_choch_dir=down,5,-0.0004818514670524,0.0024045859524948,-0.2003885394707828,False,4,105.3856,321.4683344387127,0.3278257567234559,False,0.0061359618009718,0.77312,0.5477,973.68,0.8898,,,0.9402,DRY,23,35,0,False,False,-0.000129,-0.00094,5,735,0.1273,7.0,981.95,0,"tier 0 (integer/boolean/one-hot/card field), coverage 1.000, mean |rho| to members 0.736",dir=down; last_choch_dir=down; dist_sh_atr; card_out_side=down; card_leave_side=down
30,4,swing_near_kind=H,16,-0.0007409127271712,0.0101435133890179,-0.0730430077583776,False,6,-398.6075,1089.5509255763357,-0.3658456806772479,False,0.1129332510487919,0.75465,0.5262,12.42,0.9455,,,0.9542,DRY,35,10,0,False,False,-0.003452,0.000166,16,781,0.0536,4.0,195.38,0,"tier 0 (integer/boolean/one-hot/card field), coverage 1.000, mean |rho| to members 0.495",bar_body_pts; close_pos_in_bar; close_vs_sess_open_pts; pos_in_session_range; ret_1h_pts; hv2_dir=up; hv3_dir=up; dist_sl_atr; swing_near_kind=H; room_edge_kind=hi; card_read=PENDING; card_out_side=up; card_last_reject_dir=down; fz_watch_kind=WATCH_EDGE; ffd_close_dstar_z60; rv_ret36_atr
31,25,jump3_run,2,-0.00080103372015,0.0010513151504352,-0.7619349153471981,False,1,-101.6744,237.73133352757685,-0.4276861551706467,False,0.0061734321195377,0.79125,0.4901,888.12,0.8947,,,0.9441,DRY,27,36,0,False,False,-0.000598,-0.001166,2,739,0.1139,8.0,646.77,0,"tier 0 (integer/boolean/one-hot/card field), coverage 1.000, mean |rho| to members 0.436",jump3_state; jump3_run
32,14,touch_room_last=held,5,-0.0009076160463637,0.0028812544815221,-0.3150072484691782,False,6,5.751200000000006,598.1032091965399,0.0096157317191557,False,0.0197940002497144,0.75569,0.5255,1823.56,0.9782,,,0.9946,DRY,33,7,1,False,False,-0.002904,0.000601,5,808,0.0268,2.0,1602.45,0,"tier 0 (integer/boolean/one-hot/card field), coverage 1.000, mean |rho| to members 0.128",touch_room_last=held; bsadf_close_win; nn_dist_prefix_short; p1_dist_prefix_short; win_dd_extreme_atr
33,6,fz_watch_kind=WATCH,12,-0.0010274506656852,0.0036810806552447,-0.2791165861093949,False,5,-164.31640000000002,283.55304608626585,-0.5794908651766334,False,0.0346926703844499,0.75548,0.5145,316.51,0.8983,,,0.921,DRY,31,30,0,False,False,-0.002238,-0.00013,12,742,0.1072,5.0,308.96,0,"tier 0 (integer/boolean/one-hot/card field), coverage 1.000, mean |rho| to members 0.431",room_edge_dist_dir_atr; touch_room_last=none; card_read=THIN; card_last_reject_dir=up; fz_zone_kind=B; fz_gate=WATCH; fz_block_reason=leave_into_recycle; fz_branch=nan; fz_entered_read=RECYCLE; fz_entered_read=THIN; fz_watch_kind=WATCH; card_in_room
34,5,n_bos_since_choch,14,-0.0012872290719653,0.0026503952678001,-0.4856743775556603,False,2,-215.2852,481.3923417496377,-0.4472135954999579,False,0.0213153907706574,0.76603,0.4988,-51.07,0.9479,,,0.9446,DRY,3,37,1,False,False,5.7e-05,-0.002249,14,783,0.0503,3.0,248.02,0,"tier 0 (integer/boolean/one-hot/card field), coverage 1.000, mean |rho| to members 0.730",bars_since_choch; n_bos_since_choch; alt_kind6; n_bos_1h; n_bos_3h; touch_swing_last=held; touch_swing_bars_ago; gmm3_p1; gmm4_p0; gmm4_p2; hmm3_p1; hmm4_p0; hmm4_p1; hmm4_p3
35,1,n_events_today,26,-0.0018988626266509,0.0165866999102658,-0.1144810382368884,False,7,-296.86760000000004,1248.4380844610596,-0.2377912078260215,False,0.1413347292539407,0.74766,0.5163,164.61,0.9044,,,0.934,DRY,34,31,0,False,False,-0.003366,-0.000173,26,747,0.0988,6.0,-75.08,0,"tier 0 (integer/boolean/one-hot/card field), coverage 1.000, mean |rho| to members 0.442",session_bar; hour; hour_bin=13; hour_bin=14; hour_bin=15; choch_same_session; sess_range_atr; last_bos_same_session; n_events_today; n_choch_today; n_bos_today; hv2_dir=down; hv3_dir=down; today_n_closed_asof; today_n_stops_asof; last_closed_reason_asof=next_choch; last_closed_reason_asof=stop_loss; bocpd_ret_h60_map; bocpd_ret_h60_since_reset; bocpd_ret_h240_map; bocpd_ret_h240_since_reset; bocpd_rng_h60_map; bocpd_rng_h60_since_reset; bocpd_rng_h240_map; bocpd_rng_h240_since_reset; rv_ev36
36,2,hv2_dir=none,18,-0.0020912898285294,0.00842142558282,-0.2483296691234512,False,5,-76.3176,279.14725108945635,-0.2733954918135412,False,0.04731034208133,0.7698,0.5111,-48.32,0.9358,,,0.935,DRY,38,3,1,False,False,-0.006995,0.002361,18,773,0.067,3.0,163.11,0,"tier 0 (integer/boolean/one-hot/card field), coverage 1.000, mean |rho| to members 0.423",hour_bin=09; hour_bin=<09:25; hv2_dir=none; hv3_dir=none; today_net_asof; today_pts_asof; last_closed_reason_asof=nan; card_leave_kind=gap; fz_block_reason=open_pierce; fz_take_why=leave_gap_quiet; bocpd_rng_h60_p10; bocpd_rng_h240_p10; ret_1h_pts__na; er_1h__na; hv2_bars_since__na; vol_ratio20_at_choch__na; vol_max_ratio20_choch_to_k__na; csw_max_abs__na
37,3,n_choch_since_bos,17,-0.003241587418745,0.0058618913233684,-0.552993435040742,False,3,36.58950000000002,602.0571777773686,0.0607741280239835,False,0.0696971969058384,0.75822,0.4875,405.74,0.9407,,,0.9602,DRY,37,34,0,False,False,-0.006705,-0.000886,17,777,0.062,5.0,175.52,0,"tier 0 (integer/boolean/one-hot/card field), coverage 1.000, mean |rho| to members 0.496",n_choch_since_bos; bars_since_bos; n_choch_since_bos_today; alt_dir6; n_choch_1h; n_choch_3h; touch_swing_n; touch_swing_last=broke; gmm3_p0; gmm4_p1; hmm3_p0; hmm3_map_run; hmm4_p2; hmm4_map_run; jump4_state; nn_dist_prefix_long; p1_dist_prefix_long
38,9,cusum_events_60,6,-0.0032753690643153,0.0114210501146645,-0.2867835296607088,False,5,-395.07573333333335,765.4629096233352,-0.5161265534442943,False,0.0635764320640649,0.76566,0.4877,-582.73,0.9588,,,0.938,DRY,29,38,0,False,False,-0.001027,-0.00614,6,792,0.0385,4.0,-809.09,0,"tier 0 (integer/boolean/one-hot/card field), coverage 1.000, mean |rho| to members 0.186",hour_bin=12; range_3h_pts; range_3h_atr; sess_cumvol_ratio20s; sess_vol_vs_prev_sess; cusum_events_60
39,0,gmm4_map,43,-0.0149981619490493,0.0212198757083551,-0.7067978227197597,False,3,-232.69800000000004,955.5973628364616,-0.2435105087662568,False,0.3036974934226092,0.74842,0.472,933.05,0.9891,,,0.9978,DRY,39,39,0,False,False,-0.010427,-0.011953,43,817,0.0134,1.0,714.07,0,"tier 0 (integer/boolean/one-hot/card field), coverage 1.000, mean |rho| to members 0.348",sl_dist_pts; sl_dist_atr; atr14; atr_bps; range_1h_pts; range_1h_atr; range_since_choch_atr; bar_range_pts; bar_range_atr; er_1h; bars_since_prev_choch; vol_ratio20; vol_ratio60; vol_max_ratio20_5; vol_max_ratio20_15; hv2_dir_agree; hv2_ratio; vol_ratio20_at_choch; vol_max_ratio20_choch_to_k; dist_prot_dir_atr; dist_choch_lvl_atr; choch_bar_range_atr; move_since_choch_pts; ffd_vol_dstar; ffd_vol_dstar_z60; bsadf_close; csw_max_abs; csw_max_exceed; bocpd_ret_h60_p10; bocpd_ret_h240_p10; rv_absret; rv_body_frac; rv_logvol_rel20; gmm3_p2; gmm3_map; gmm4_p3; gmm4_map; hmm3_p2; hmm3_map; hmm4_map; jump4_run; win_sign_agree10; win_range_slope
