model,skip_q,path,id,kept_n,kept_share,kept_mean,skipped_mean,diff,control_pct,perm_p,winner_recall_weighted,loser_recall,sign_blocks
rocket,0.3,0,a6102e96d2b09007,3174,0.7129,-972.47,-1101.83,129.36,0.0,0.1509,0.8885,0.3063,7
rocket,0.3,1,886339d4d8692aa2,3201,0.719,-965.58,-1122.27,156.69,0.0,0.0675,0.8972,0.3018,8
rocket,0.3,2,4371980daba1eff6,3194,0.7174,-976.22,-1094.39,118.17,0.0,0.1634,0.8849,0.3007,9
rocket,0.3,3,ca4316f0f61d7ffc,3056,0.6864,-974.82,-1085.76,110.94,0.0,0.1804,0.8599,0.3294,8
rocket,0.3,4,8c10aac1ac202f67,3012,0.6765,-958.37,-1116.77,158.4,0.1,0.0565,0.8728,0.3462,9
rocket,0.3,5,4242dc694cf509ed,2993,0.6723,-965.68,-1099.72,134.04,0.0,0.1209,0.8603,0.3475,9
rocket,0.3,6,144ed5067b6379b5,3034,0.6815,-965.44,-1104.12,138.69,0.0,0.099,0.8662,0.3385,7
rocket,0.3,7,2aa47f7eb29adc23,3103,0.697,-980.42,-1076.76,96.34,0.0,0.2489,0.8698,0.3212,7
rocket,0.3,8,63c58954d73afbaa,3101,0.6965,-976.35,-1085.94,109.59,0.0,0.2049,0.8714,0.322,8
rocket,0.3,9,a5d994bca1aefdbb,3015,0.6772,-963.76,-1105.79,142.03,0.0,0.092,0.868,0.3443,9
rocket,0.3,10,877438ae4a9e9228,2963,0.6655,-954.5,-1119.28,164.78,0.0,0.05,0.8683,0.3563,8
rocket,0.5,0,b21801c1b0384198,2328,0.5229,-964.74,-1058.78,94.04,0.0,0.2234,0.7493,0.4968,8
rocket,0.5,1,fcac7dc2f7600bff,2375,0.5335,-975.03,-1049.14,74.11,0.0,0.3503,0.75,0.4854,7
rocket,0.5,2,e43aee70a94e2843,2336,0.5247,-969.68,-1053.68,84.0,0.0,0.2864,0.7463,0.4947,8
rocket,0.5,3,e0b50d61814fd1c8,2192,0.4924,-937.13,-1079.91,142.78,0.0,0.0735,0.7335,0.5271,8
rocket,0.5,4,5cbdf34a44e6c897,2141,0.4809,-962.01,-1053.7,91.68,0.0,0.2589,0.7098,0.5383,6
rocket,0.5,5,c02e33eba0d04fd6,2128,0.478,-960.23,-1054.82,94.6,0.0,0.2129,0.707,0.542,7
rocket,0.5,6,2ac5c01e5f288258,2197,0.4935,-976.42,-1041.94,65.51,0.0,0.4303,0.7128,0.5258,7
rocket,0.5,7,643ed51f43ea008d,2226,0.5,-962.0,-1057.21,95.21,0.0,0.2274,0.7316,0.5189,7
rocket,0.5,8,6770f362fbb5e11c,2215,0.4975,-975.22,-1043.66,68.45,0.0,0.4063,0.7168,0.521,7
rocket,0.5,9,8d919ac9235cb9b2,2173,0.4881,-959.68,-1057.21,97.53,0.0,0.2184,0.717,0.5319,8
rocket,0.5,10,0fb381f51a265262,2128,0.478,-973.6,-1042.58,68.99,0.0,0.3893,0.6976,0.541,8
rocket,0.7,0,fdad77cce2eda93d,1462,0.3284,-951.75,-1037.9,86.15,0.0,0.3123,0.5537,0.6897,6
rocket,0.7,1,9fb7667ef40f9fda,1538,0.3455,-982.17,-1024.09,41.92,0.0,0.6327,0.5626,0.6711,5
rocket,0.7,2,03aa89737bbc56dc,1414,0.3176,-994.71,-1016.54,21.84,0.0,0.8131,0.5258,0.6977,4
rocket,0.7,3,4a8f98cfd7d2d189,1275,0.2864,-1005.91,-1011.09,5.18,0.0,0.9555,0.4793,0.7265,5
rocket,0.7,4,86ae74abcedb52f4,1292,0.2902,-920.16,-1046.18,126.02,0.0,0.1269,0.5249,0.727,6
rocket,0.7,5,04b20435ea9396f4,1294,0.2907,-957.33,-1031.03,73.7,0.0,0.3953,0.5154,0.7246,5
rocket,0.7,6,122159c1d6fa4b32,1381,0.3102,-973.04,-1026.05,53.01,0.0,0.5482,0.5312,0.7041,5
rocket,0.7,7,a9645418730f7b5b,1353,0.3039,-983.65,-1020.94,37.29,0.0,0.6622,0.5141,0.7102,4
rocket,0.7,8,a8e326a87b6f1b9e,1344,0.3019,-1003.16,-1012.4,9.24,0.0,0.9225,0.5019,0.7129,4
rocket,0.7,9,958e66078cd216af,1367,0.3071,-973.54,-1025.59,52.04,0.0,0.5637,0.5261,0.7081,4
rocket,0.7,10,6f672be7e6a42a4b,1311,0.2945,-974.08,-1024.44,50.36,0.0,0.5587,0.5091,0.7201,4
pca16,0.3,0,cb90ef4a929da4e7,3178,0.7138,-1029.36,-960.33,-69.03,0.0,0.4238,0.7819,0.2924,5
pca16,0.3,1,1658dfdb4652bb9e,3185,0.7154,-1012.06,-1003.44,-8.63,0.0,0.9195,0.8068,0.2911,5
pca16,0.3,2,49cbc92b71096ce0,3169,0.7118,-1015.72,-994.52,-21.2,0.0,0.8091,0.793,0.2946,5
pca16,0.3,3,a7a1ccd2ed9aa49e,3194,0.7174,-1019.12,-985.46,-33.65,0.1,0.7086,0.7723,0.2887,5
pca16,0.3,4,9588fbff5e6251b9,3189,0.7163,-1007.17,-1015.75,8.58,0.0,0.9275,0.8037,0.2903,7
pca16,0.3,5,d5c68ba247a7d9f0,3150,0.7075,-1024.85,-972.73,-52.12,0.0,0.5337,0.7816,0.297,4
pca16,0.3,6,a6d9edc44dab3f41,3155,0.7087,-979.67,-1082.43,102.76,1.0,0.2354,0.8255,0.301,8
pca16,0.3,7,09a49533f4d14e9f,3127,0.7024,-1026.55,-969.63,-56.92,0.0,0.4998,0.7817,0.3015,6
pca16,0.3,8,949bdd01d7add1ca,3120,0.7008,-989.01,-1057.87,68.86,0.1,0.4233,0.809,0.306,6
pca16,0.3,9,5e48e0a568b0c8ea,3144,0.7062,-1029.09,-962.78,-66.3,0.0,0.4418,0.7813,0.2972,5
pca16,0.3,10,d38ee958d7d51948,3171,0.7123,-1017.37,-990.39,-26.98,0.0,0.7516,0.796,0.2911,6
pca16,0.5,0,4e9074c54f5bb5bd,2260,0.5076,-1054.1,-963.73,-90.37,0.0,0.2579,0.5946,0.5024,4
pca16,0.5,1,e8cf75ad516d94ac,2197,0.4935,-1013.26,-1006.05,-7.2,0.0,0.925,0.6202,0.5186,5
pca16,0.5,2,17223de8118aa07a,2222,0.4991,-995.89,-1023.27,27.38,0.0,0.7281,0.619,0.5138,7
pca16,0.5,3,984b62856d7c1a60,2256,0.5067,-978.82,-1041.23,62.41,0.1,0.4318,0.6302,0.5064,7
pca16,0.5,4,54ef38f4d71a5952,2248,0.5049,-999.36,-1020.06,20.69,0.0,0.8011,0.6307,0.508,6
pca16,0.5,5,95af38db956202bf,2188,0.4915,-1038.44,-981.75,-56.69,0.0,0.4728,0.5808,0.5189,5
pca16,0.5,6,47af50883c55df57,2223,0.4993,-980.24,-1038.9,58.66,0.0,0.4538,0.6414,0.5138,7
pca16,0.5,7,49a1bc6f6bc68706,2183,0.4903,-1037.75,-982.54,-55.21,0.0,0.4868,0.5961,0.5205,4
pca16,0.5,8,a2c44807e43c9277,2206,0.4955,-1039.3,-980.44,-58.87,0.0,0.4798,0.5878,0.5149,4
pca16,0.5,9,e8803859eb3cc7e5,2217,0.498,-1009.42,-1009.79,0.37,0.0,0.9975,0.6103,0.513,4
pca16,0.5,10,6ed91b11a8d41edf,2207,0.4957,-1038.81,-980.9,-57.91,0.0,0.4763,0.5857,0.5157,4
pca16,0.7,0,828ca68a0e92d117,1318,0.296,-1026.84,-1002.36,-24.48,0.0,0.7866,0.42,0.7161,6
pca16,0.7,1,605a3c06c3903e73,1272,0.2857,-973.67,-1023.98,50.32,0.0,0.5692,0.4436,0.7275,6
pca16,0.7,2,a423e6044141543e,1278,0.2871,-979.48,-1021.74,42.25,0.0,0.6342,0.4288,0.728,5
pca16,0.7,3,0728d5c860f6aaf9,1341,0.3012,-1047.13,-993.44,-53.69,0.0,0.5287,0.3978,0.7123,5
pca16,0.7,4,121588d217770fa5,1307,0.2936,-984.66,-1019.98,35.32,0.0,0.6887,0.4406,0.7203,6
pca16,0.7,5,3cae42cc8da79cbb,1277,0.2868,-1037.38,-998.44,-38.94,0.0,0.6427,0.4079,0.7238,6
pca16,0.7,6,16a42706abceb13f,1299,0.2918,-942.0,-1037.46,95.45,0.0,0.2924,0.4509,0.7225,7
pca16,0.7,7,9bbcc4e65171120f,1277,0.2868,-1005.19,-1011.39,6.2,0.0,0.9535,0.4253,0.7265,6
pca16,0.7,8,1cd0bc09083b14c9,1307,0.2936,-956.36,-1031.74,75.38,0.0,0.3858,0.4402,0.7214,7
pca16,0.7,9,67c9dc828439efd4,1273,0.2859,-1012.95,-1008.27,-4.68,0.0,0.956,0.4122,0.7272,6
pca16,0.7,10,5f26f37e42eeafcf,1315,0.2954,-992.62,-1016.73,24.11,0.0,0.7766,0.4364,0.7182,7
tabular,0.3,0,9394cfaee4e1a691,3260,0.7323,-983.37,-1081.38,98.01,15.4,0.2709,0.8524,0.2858,9
tabular,0.3,1,ad49272e9b8e74e5,3318,0.7453,-971.89,-1119.97,148.09,37.5,0.1059,0.8902,0.2722,9
tabular,0.3,2,55e7d279fd38a9db,3244,0.7287,-976.48,-1098.56,122.07,26.3,0.1809,0.8673,0.2879,9
tabular,0.3,3,e09cd6b4fd20562c,3226,0.7246,-1007.49,-1015.19,7.7,4.0,0.9445,0.8194,0.2882,6
tabular,0.3,4,2381314395d8beee,3127,0.7024,-986.03,-1065.24,79.21,3.5,0.3433,0.8376,0.3135,8
tabular,0.3,5,7b8f45e3deaeaa52,3226,0.7246,-972.83,-1106.39,133.56,20.4,0.1264,0.8613,0.2956,10
tabular,0.3,6,668176802b350379,3221,0.7235,-994.9,-1048.1,53.2,7.2,0.5432,0.8247,0.2938,8
tabular,0.3,7,4e80ca8d47ffcca2,3300,0.7412,-1008.42,-1013.02,4.6,0.1,0.954,0.8248,0.2735,5
tabular,0.3,8,82afab9c4ddbddfa,3177,0.7136,-1004.44,-1022.49,18.05,0.6,0.8321,0.8199,0.3028,7
tabular,0.3,9,ecd5c217e8c539f1,3199,0.7186,-974.95,-1098.09,123.14,22.2,0.1614,0.8553,0.3004,9
tabular,0.3,10,0248ea11ea4c0acf,3224,0.7242,-975.1,-1100.19,125.09,27.7,0.1594,0.8725,0.2924,10
tabular,0.5,0,465eb39fbf96a455,2326,0.5225,-1012.24,-1006.73,-5.51,0.1,0.9395,0.6498,0.4928,7
tabular,0.5,1,cb1e8f22cbdd0703,2414,0.5422,-1005.09,-1014.96,9.87,0.3,0.8956,0.6806,0.479,6
tabular,0.5,2,249f797b00151d9f,2336,0.5247,-951.21,-1074.07,122.86,10.7,0.1134,0.696,0.4979,8
tabular,0.5,3,178efcc2bdf32b65,2271,0.5101,-1028.39,-990.05,-38.35,0.0,0.6167,0.6229,0.5043,6
tabular,0.5,4,660fd5cc809dcd13,2204,0.4951,-1008.67,-1010.52,1.85,0.1,0.988,0.633,0.5226,5
tabular,0.5,5,4f35a4b5258aabef,2304,0.5175,-942.65,-1081.43,138.78,6.2,0.0785,0.7034,0.5051,8
tabular,0.5,6,676ce051714edf76,2257,0.507,-984.57,-1035.35,50.78,3.0,0.5382,0.6424,0.5128,8
tabular,0.5,7,a4e119614f2cdbcb,2407,0.5407,-1014.61,-1003.72,-10.9,0.1,0.8826,0.6537,0.4758,6
tabular,0.5,8,aa175013bf5cc4b1,2229,0.5007,-963.78,-1055.56,91.78,0.3,0.2559,0.6601,0.5213,7
tabular,0.5,9,b35fe47d0fdd84fb,2264,0.5085,-1009.34,-1009.89,0.55,0.0,0.9945,0.6415,0.5104,6
tabular,0.5,10,8523c89fde46860f,2257,0.507,-986.18,-1033.7,47.52,3.5,0.5437,0.6549,0.5114,9
tabular,0.7,0,77fa2b6ad40342df,1342,0.3014,-942.73,-1038.47,95.74,0.5,0.2689,0.4458,0.7155,7
tabular,0.7,1,3ece27752c610f63,1450,0.3257,-949.92,-1038.44,88.52,0.3,0.2959,0.4859,0.6932,9
tabular,0.7,2,4fefebf99147548c,1367,0.3071,-869.27,-1071.79,202.53,23.6,0.0165,0.4884,0.7145,8
tabular,0.7,3,19a27a5aeb1275db,1291,0.29,-930.94,-1041.74,110.8,0.1,0.1934,0.4462,0.7262,6
tabular,0.7,4,cd3dd0d90f47f869,1226,0.2754,-952.54,-1031.3,78.75,0.0,0.3808,0.4315,0.7392,7
tabular,0.7,5,663bf59d1537f2e3,1388,0.3118,-966.29,-1029.23,62.94,0.6,0.4523,0.4522,0.7068,7
tabular,0.7,6,cb9a2d1a7eb5a596,1336,0.3001,-973.94,-1024.9,50.96,0.5,0.5437,0.425,0.7179,5
tabular,0.7,7,1a12f36c4be3d934,1401,0.3147,-945.68,-1038.96,93.29,0.1,0.2824,0.4602,0.7022,9
tabular,0.7,8,8f1c8936b1aa3c26,1282,0.288,-869.03,-1066.46,197.43,1.1,0.0185,0.4762,0.7344,8
tabular,0.7,9,fe6292c5a1cb8a4a,1264,0.2839,-958.27,-1029.96,71.7,0.4,0.4158,0.4216,0.7315,7
tabular,0.7,10,0e1a4e00d1fc992b,1290,0.2898,-960.98,-1029.45,68.47,0.5,0.4198,0.433,0.7272,7
stacked,0.3,0,87199d34d5d3ffbc,3200,0.7188,-998.24,-1038.67,40.44,5.4,0.6432,0.8299,0.2988,7
stacked,0.3,1,bec4f15076d8b8a1,3286,0.7381,-996.36,-1046.94,50.57,3.2,0.5737,0.8612,0.2789,7
stacked,0.3,2,87a97db0710adf55,3242,0.7282,-1012.57,-1001.67,-10.89,0.8,0.902,0.826,0.2858,5
stacked,0.3,3,4f21635a2142965e,3161,0.71,-1012.53,-1002.46,-10.06,4.5,0.911,0.8092,0.3031,5
stacked,0.3,4,1403fc049d5e6e4f,3133,0.7037,-987.44,-1062.25,74.81,3.5,0.3828,0.8353,0.3156,9
stacked,0.3,5,1d5d71c41cfe47ce,3198,0.7183,-990.39,-1058.62,68.24,8.1,0.4253,0.8342,0.2991,7
stacked,0.3,6,90edc28a25c2c1d0,3233,0.7262,-995.7,-1046.5,50.8,10.7,0.5742,0.8363,0.2906,6
stacked,0.3,7,797682c418e047f5,3293,0.7397,-991.34,-1061.51,70.18,6.2,0.4293,0.8405,0.2781,7
stacked,0.3,8,83e331460b4119ed,3196,0.7179,-991.99,-1054.45,62.46,0.5,0.4948,0.8388,0.297,7
stacked,0.3,9,cd0e8d7bcbf443ca,3201,0.719,-1000.13,-1033.85,33.72,2.6,0.7116,0.8291,0.2991,7
stacked,0.3,10,be8818b013fdb7ff,3200,0.7188,-984.08,-1074.85,90.77,15.4,0.2949,0.8516,0.2964,8
stacked,0.5,0,3e7bdf5d62611f2f,2260,0.5076,-1028.86,-989.76,-39.1,0.1,0.6112,0.6283,0.509,5
stacked,0.5,1,25c07214ec9061ff,2372,0.5328,-1023.38,-993.9,-29.48,0.0,0.7261,0.6522,0.4848,6
stacked,0.5,2,f36735f20e75e075,2330,0.5234,-977.87,-1044.46,66.59,3.0,0.3988,0.6765,0.4971,6
stacked,0.5,3,3ac026fa831634c7,2207,0.4957,-1021.65,-997.77,-23.89,0.1,0.7626,0.6134,0.5208,8
stacked,0.5,4,284d5739ff2da62b,2192,0.4924,-982.81,-1035.6,52.78,1.1,0.5197,0.6474,0.5301,7
stacked,0.5,5,e9b85e9623ada05b,2304,0.5175,-950.89,-1072.59,121.71,2.8,0.1169,0.693,0.5032,9
stacked,0.5,6,4013b28b296ae871,2294,0.5153,-1004.48,-1015.06,10.58,1.8,0.8906,0.6383,0.5035,6
stacked,0.5,7,8d3174266ca76d8b,2391,0.5371,-1007.6,-1011.94,4.35,0.1,0.9555,0.6522,0.4816,4
stacked,0.5,8,dbe9e91522dd215e,2287,0.5137,-970.27,-1051.16,80.88,1.6,0.2924,0.6804,0.5096,7
stacked,0.5,9,08da6594e68d633f,2220,0.4987,-1027.55,-991.76,-35.79,0.1,0.6507,0.6041,0.5202,6
stacked,0.5,10,bfd539e07cdd587e,2250,0.5054,-942.2,-1078.48,136.28,10.5,0.086,0.6875,0.5141,9
stacked,0.7,0,94eca0f9a215333b,1310,0.2942,-1078.45,-980.9,-97.55,0.0,0.2574,0.3766,0.719,6
stacked,0.7,1,a8c2d134663764f3,1417,0.3183,-1013.01,-1008.02,-4.99,0.0,0.9515,0.4327,0.699,6
stacked,0.7,2,0f2d1e5e8e47969e,1397,0.3138,-909.38,-1055.44,146.06,6.3,0.0915,0.4746,0.7073,6
stacked,0.7,3,8020fd64cd4f17c1,1274,0.2862,-1033.22,-1000.14,-33.08,0.0,0.7006,0.3939,0.7299,5
stacked,0.7,4,8fde7daf71568bc8,1255,0.2819,-1030.66,-1001.34,-29.32,0.0,0.7326,0.3961,0.7318,6
stacked,0.7,5,8edd15bb94f2c879,1379,0.3097,-915.57,-1051.8,136.23,1.1,0.1164,0.4753,0.7123,6
stacked,0.7,6,2dc011b8fd86d79f,1333,0.2994,-960.74,-1030.49,69.75,0.2,0.4208,0.4412,0.7195,6
stacked,0.7,7,f23c38447ad3aaba,1426,0.3203,-950.43,-1037.49,87.06,0.1,0.3048,0.48,0.6996,8
stacked,0.7,8,2bc87ecc6c745954,1347,0.3026,-906.42,-1054.37,147.95,0.5,0.0855,0.484,0.7206,7
stacked,0.7,9,f2ff0468e5593df9,1281,0.2877,-1013.91,-1007.87,-6.05,0.0,0.9405,0.4034,0.7275,6
stacked,0.7,10,27a8d4806c672011,1304,0.2929,-953.58,-1032.82,79.24,0.1,0.3753,0.4446,0.7241,5
