path,auc_rocket,ap_rocket,mean_block_auc_rocket,auc_pca16,ap_pca16,mean_block_auc_pca16,auc_tabular,ap_tabular,mean_block_auc_tabular,auc_stacked,ap_stacked,mean_block_auc_stacked,gain_stacked,gain_rocket,gain_pca16
0,0.58956186456405,0.19861868699952634,0.5790025213936488,0.5505166308033735,0.185816137554982,0.5485982418055607,0.5899790341603618,0.21496183674273672,0.5854559948575232,0.5883540665600225,0.20392752739430375,0.5855961325307278,-0.0016249676003392555,-0.00041716959631177275,-0.03946240335698825
1,0.5904161420094384,0.2017103598973046,0.5764219357309087,0.5461925222349862,0.18582874552974107,0.5481379121835169,0.5935391625627097,0.20737449820312678,0.5882400768753401,0.5868790192833578,0.20122232484864744,0.5873290775066928,-0.006660143279351827,-0.003123020553271294,-0.04734664032772351
2,0.5874495600547842,0.20231275327153478,0.5768462747205924,0.5571338301536932,0.18930508491214365,0.55417228877818,0.6036873497921054,0.20812550526893708,0.6018426071397963,0.595790651413392,0.20468477479655467,0.5884070189252003,-0.007896698378713318,-0.01623778973732115,-0.046553519638412144
3,0.5782967517518823,0.19754772429455064,0.5692925614870261,0.5475719042411731,0.18519440233463136,0.5528477532455512,0.5741940728175665,0.19441245791038414,0.5671688235110227,0.5766384259209556,0.19613078086868418,0.5724244983878657,0.0024443531033890853,0.004102678934315818,-0.026622168576393435
4,0.5816793530190348,0.19945314572143863,0.5782569958866812,0.5495862429123346,0.18795625395620547,0.5499174454970591,0.5854729890354946,0.20248052522107735,0.5756234090847899,0.5930556599331608,0.2061929326334307,0.5883437352103063,0.007582670897666177,-0.003793636016459767,-0.03588674612316001
5,0.5843790691289897,0.19926458804029154,0.5757143546369844,0.5399462894144749,0.18437525599612561,0.5443462780081486,0.5987882910310071,0.204977227223417,0.5956952745877099,0.6011176157530601,0.2055288630780838,0.5976396666860051,0.00232932472205305,-0.014409221902017322,-0.05884200161653219
6,0.5845598554016561,0.20089408491277336,0.5772770162985733,0.5497708634643789,0.18418467306843148,0.5523815604424882,0.5927243781949133,0.21695476468763658,0.5891804107159532,0.5900748911448085,0.21203740959120254,0.5897031637956547,-0.002649487050104815,-0.00816452279325719,-0.04295351473053444
7,0.5876324551811084,0.20265669735350608,0.5756824831043467,0.5458136954324531,0.1898510009667302,0.5442095191122068,0.5886504563559316,0.21247215985150975,0.5840727395138011,0.5948819272008381,0.20697306874389937,0.5903897059528568,0.006231470844906495,-0.001018001174823202,-0.042836760923478545
8,0.5825399570253967,0.20002144578196707,0.5754016186789989,0.5467791669797994,0.18488237915165984,0.5462297894838964,0.5992334508667772,0.21179711540042487,0.5937002369447594,0.602680468027478,0.21367021682898066,0.595632923744271,0.003447017160700838,-0.016693493841380413,-0.052454283886977704
9,0.5877731732342759,0.20085890434265602,0.5780437510327073,0.5440269212423678,0.1830227323530248,0.5490389913959168,0.5940579405625348,0.20817302405731233,0.5891648815292548,0.5896883957835196,0.2045382817870996,0.5876540864566229,-0.004369544779015189,-0.006284767328258889,-0.05003101932016696
10,0.5826087823402294,0.20047597318968652,0.5749088860810302,0.5456267743127821,0.18542343054954716,0.5457213214513104,0.5903007302001647,0.20720234464916207,0.5917923556802139,0.5850615708582497,0.2017571050735615,0.5884804953878238,-0.0052391593419149896,-0.007691947859935322,-0.044673955887382655
