setup_i,time,dir,hour_bin,read,gate_at,outcome_gate,block_reason,block_key,branch,take_why,visit_n,pts,net,exit_reason,bars_held,hold_bucket,exit_time,kept,pos_kind,fz_net,fz_exit_reason,mfe,mae,sl_dist_pts
9782,2022-04-19 14:30:00,down,14,THIN,WATCH,WATCH,none,WATCH,none,none,3.0,336.0,20848.74,eod,11.0,6-15,2022-04-19 15:25:00,0,none,20848.74,none,402.7,-26.7,38.0
44790,2024-03-13 09:35:00,down,09,LEAVE,WATCH,WATCH,none,WATCH,none,leave_vol_fail,5.0,335.35,20718.16,eod,70.0,61-120,2024-03-13 15:25:00,0,none,20718.16,none,383.7,-29.7,53.9
10403,2022-05-04 10:00:00,down,10,LEAVE,WATCH,WATCH,none,WATCH,none,leave_vol_fail,6.0,327.6,20306.19,eod,65.0,61-120,2022-05-04 15:25:00,0,none,20306.19,none,399.4,-10.5,38.2
11070,2022-05-17 09:20:00,up,<09:25,LEAVE,BLOCK,BLOCK,new,BLOCK:new,none,leave_gap_quiet,2.0,316.2,19578.41,eod,73.0,61-120,2022-05-17 15:25:00,0,none,19578.41,none,323.05,-36.7,66.95
2701,2021-11-26 09:20:00,down,<09:25,NEW,BLOCK,BLOCK,new,BLOCK:new,none,none,,300.25,18523.42,eod,73.0,61-120,2021-11-26 15:25:00,0,none,18523.42,none,316.95,-38.95,95.95
47488,2024-05-09 09:25:00,down,09,LEAVE,BLOCK,BLOCK,new,BLOCK:new,none,leave_vol_fail,,255.05,15499.83,eod,72.0,61-120,2024-05-09 15:25:00,0,none,15499.83,none,276.3,-40.75,54.35
26256,2023-03-13 10:35:00,down,10,NEW,BLOCK,BLOCK,new,BLOCK:new,none,none,,245.45,14958.97,eod,58.0,31-60,2023-03-13 15:25:00,0,none,14958.97,none,307.05,-26.25,41.3
10975,2022-05-13 13:55:00,down,13,LEAVE,WATCH,WATCH,leave_into_recycle,WATCH:leave_into_recycle,none,leave_into_recycle,2.0,237.85,14489.65,eod,18.0,16-30,2022-05-13 15:25:00,0,none,14489.65,none,278.25,-12.65,25.85
43376,2024-02-14 12:20:00,up,12,LEAVE,WATCH,WATCH,leave_into_recycle,WATCH:leave_into_recycle,none,leave_into_recycle,6.0,235.85,14258.7,eod,37.0,31-60,2024-02-14 15:25:00,0,none,14258.7,none,263.1,0.0,20.2
3150,2021-12-06 09:15:00,down,<09:25,PENDING,BLOCK,BLOCK,open_pierce,BLOCK:open_pierce,none,none,2.0,228.1,13836.11,eod,74.0,61-120,2021-12-06 15:25:00,0,none,13836.11,none,236.05,-51.9,65.35
55020,2024-10-03 10:15:00,down,10,NEW,BLOCK,BLOCK,new,BLOCK:new,none,none,,213.0,12708.9,eod,62.0,61-120,2024-10-03 15:25:00,0,none,12708.9,none,253.0,-27.35,37.0
55124,2024-10-04 12:40:00,down,12,NEW,BLOCK,BLOCK,new,BLOCK:new,none,none,,210.9,12577.39,eod,33.0,31-60,2024-10-04 15:25:00,0,none,12577.39,none,270.8,-56.05,178.8
18443,2022-10-11 09:30:00,down,09,LEAVE,WATCH,WATCH,none,WATCH,none,leave_vol_fail,1.0,205.7,12380.27,eod,71.0,61-120,2022-10-11 15:25:00,0,none,12380.27,none,214.2,-32.8,73.8
47925,2024-05-16 14:35:00,up,14,LEAVE,WATCH,WATCH,leave_into_recycle,WATCH:leave_into_recycle,none,leave_into_recycle,12.0,196.45,11688.2,eod,10.0,6-15,2024-05-16 15:25:00,0,none,11688.2,none,208.9,-5.05,56.1
73621,2025-11-04 09:15:00,down,<09:25,THIN,BLOCK,BLOCK,open_pierce,BLOCK:open_pierce,none,none,4.0,184.7,10866.12,eod,74.0,61-120,2025-11-04 15:25:00,0,none,10866.12,none,187.0,0.0,32.8
75353,2025-12-08 09:50:00,down,09,LEAVE,WATCH,WATCH,leave_into_recycle,WATCH:leave_into_recycle,none,leave_into_recycle,2.0,184.0,10814.57,eod,67.0,61-120,2025-12-08 15:25:00,0,none,10814.57,none,200.1,-26.0,47.0
3826,2021-12-17 09:20:00,down,<09:25,LEAVE,BLOCK,BLOCK,new,BLOCK:new,none,leave_gap_quiet,,183.75,10952.72,eod,73.0,61-120,2021-12-17 15:25:00,0,none,10952.72,none,208.25,-3.9,101.8
58764,2024-12-17 09:45:00,down,09,NEW,BLOCK,BLOCK,new,BLOCK:new,none,none,,180.75,10631.52,eod,68.0,61-120,2024-12-17 15:25:00,0,none,10631.52,none,205.0,-13.6,71.8
73957,2025-11-11 12:15:00,up,12,LEAVE,WATCH,WATCH,none,WATCH,none,leave_vol_fail,7.0,171.9,10034.91,eod,38.0,31-60,2025-11-11 15:25:00,0,none,10034.91,none,174.9,-1.0,24.9
45086,2024-03-19 09:15:00,down,<09:25,PENDING,BLOCK,BLOCK,open_pierce,BLOCK:open_pierce,none,none,1.0,171.4,10067.02,eod,74.0,61-120,2024-03-19 15:25:00,0,none,10067.02,none,186.7,-0.95,92.0
42876,2024-02-05 14:25:00,down,14,LEAVE,WATCH,WATCH,none,WATCH,none,leave_vol_fail,2.0,167.4,9808.7,eod,12.0,6-15,2024-02-05 15:25:00,0,none,9808.7,none,191.4,-8.15,40.6
11295,2022-05-20 09:20:00,up,<09:25,LEAVE,BLOCK,BLOCK,open_pierce,BLOCK:open_pierce,none,none,,163.2,9632.9,eod,73.0,61-120,2022-05-20 15:25:00,0,none,9632.9,none,164.2,-20.85,142.3
58652,2024-12-13 12:55:00,up,12,THIN,WATCH,WATCH,none,WATCH,none,none,6.0,162.95,9469.76,eod,30.0,16-30,2024-12-13 15:25:00,0,none,9469.76,none,171.95,-56.95,72.05
53926,2024-09-11 12:50:00,down,12,LEAVE,BLOCK,BLOCK,new,BLOCK:new,none,leave_vol_fail,,154.85,8939.14,eod,31.0,31-60,2024-09-11 15:25:00,0,none,8939.14,none,189.9,-7.9,19.7
24396,2023-02-03 11:50:00,up,11,LEAVE,WATCH,WATCH,leave_into_recycle,WATCH:leave_into_recycle,none,leave_into_recycle,2.0,153.3,8961.95,eod,43.0,31-60,2023-02-03 15:25:00,0,none,8961.95,none,203.3,-23.35,42.55
13566,2022-07-06 09:20:00,up,<09:25,LEAVE,BLOCK,BLOCK,open_pierce,BLOCK:open_pierce,none,none,,147.4,8610.35,eod,73.0,61-120,2022-07-06 15:25:00,0,none,8610.35,none,149.6,-82.2,82.95
2065,2021-11-12 12:35:00,up,12,LEAVE,WATCH,WATCH,leave_into_recycle,WATCH:leave_into_recycle,none,leave_into_recycle,2.0,144.35,8375.65,eod,34.0,31-60,2021-11-12 15:25:00,0,none,8375.65,none,163.1,-2.2,18.85
24270,2023-02-01 13:50:00,down,13,LEAVE,WATCH,WATCH,leave_into_recycle,WATCH:leave_into_recycle,none,leave_into_recycle,7.0,137.9,7962.17,eod,19.0,16-30,2023-02-01 15:25:00,0,none,7962.17,none,330.5,-22.15,85.1
4285,2021-12-27 10:05:00,up,10,LEAVE,BLOCK,BLOCK,new,BLOCK:new,none,leave_vol_fail,,128.5,7362.83,eod,64.0,61-120,2021-12-27 15:25:00,0,none,7362.83,none,137.5,-31.0,54.95
63161,2025-03-10 13:40:00,down,13,LEAVE,BLOCK,BLOCK,new,BLOCK:new,none,leave_vol_fail,3.0,126.7,7151.65,eod,21.0,16-30,2025-03-10 15:25:00,0,none,7151.65,none,136.95,-2.75,23.65
68768,2025-07-29 12:10:00,up,12,LEAVE,BLOCK,BLOCK,new,BLOCK:new,none,leave_vol_fail,,124.3,6957.69,eod,39.0,31-60,2025-07-29 15:25:00,0,none,6957.69,none,140.0,-12.1,30.9
21894,2022-12-19 09:35:00,up,09,LEAVE,WATCH,WATCH,leave_into_recycle,WATCH:leave_into_recycle,none,leave_into_recycle,3.0,123.95,7043.48,eod,70.0,61-120,2022-12-19 15:25:00,0,none,7043.48,none,143.95,-30.05,66.45
57860,2024-11-29 09:25:00,up,09,RECYCLE,WATCH,WATCH,none,WATCH,none,none,7.0,122.95,6879.01,eod,72.0,61-120,2024-11-29 15:25:00,0,none,6879.01,none,177.0,-62.35,65.85
22795,2023-01-04 09:40:00,down,09,LEAVE,WATCH,WATCH,leave_into_recycle,WATCH:leave_into_recycle,none,leave_into_recycle,8.0,122.65,6963.65,eod,69.0,61-120,2023-01-04 15:25:00,0,none,6963.65,none,142.4,-2.1,59.45
1252,2021-10-26 13:35:00,up,13,LEAVE,WATCH,WATCH,leave_into_recycle,WATCH:leave_into_recycle,none,leave_into_recycle,2.0,121.4,6880.27,eod,22.0,16-30,2021-10-26 15:25:00,0,none,6880.27,none,121.4,-17.1,57.25
25866,2023-03-03 09:20:00,up,<09:25,LEAVE,BLOCK,BLOCK,open_pierce,BLOCK:open_pierce,none,none,8.0,121.4,6892.05,eod,73.0,61-120,2023-03-03 15:25:00,0,none,6892.05,none,185.05,-8.85,65.0
44645,2024-03-11 10:00:00,down,10,LEAVE,BLOCK,BLOCK,new,BLOCK:new,none,leave_vol_fail,,120.9,6776.35,eod,65.0,61-120,2024-03-11 15:25:00,0,none,6776.35,none,132.5,-15.5,22.9
70562,2025-09-03 11:40:00,up,11,LEAVE,WATCH,WATCH,leave_into_recycle,WATCH:leave_into_recycle,none,leave_into_recycle,6.0,120.2,6691.58,eod,45.0,31-60,2025-09-03 15:25:00,0,none,6691.58,none,137.2,-11.8,28.8
23348,2023-01-13 12:00:00,up,12,PENDING,BLOCK,BLOCK,hunt_fade,BLOCK:hunt_fade,none,none,7.0,117.2,6612.87,eod,41.0,31-60,2023-01-13 15:25:00,0,none,6612.87,none,183.35,-4.75,14.95
37357,2023-10-18 10:45:00,down,10,THIN,WATCH,WATCH,none,WATCH,none,none,6.0,114.8,6426.78,eod,56.0,31-60,2023-10-18 15:25:00,0,none,6426.78,none,114.8,-1.95,46.6
33869,2023-08-09 13:50:00,up,13,NEW,BLOCK,BLOCK,new,BLOCK:new,none,none,,114.8,6428.27,eod,19.0,16-30,2023-08-09 15:25:00,0,none,6428.27,none,123.4,-3.5,22.2
35019,2023-09-01 09:40:00,up,09,PENDING,WATCH,WATCH,none,WATCH,none,none,1.0,111.1,6190.72,eod,69.0,61-120,2023-09-01 15:25:00,0,none,6190.72,none,119.6,-29.0,31.95
36898,2023-10-10 10:00:00,up,10,THIN,WATCH,WATCH,none,WATCH,none,none,4.0,105.3,5809.86,eod,65.0,61-120,2023-10-10 15:25:00,0,none,5809.86,none,109.0,0.0,42.7
11964,2022-06-03 13:20:00,down,13,LEAVE,BLOCK,BLOCK,new,BLOCK:new,none,leave_vol_fail,,103.5,5744.87,eod,25.0,16-30,2022-06-03 15:25:00,0,none,5744.87,none,126.5,-18.5,28.5
74653,2025-11-24 14:00:00,down,14,LEAVE,BLOCK,BLOCK,new,BLOCK:new,none,leave_vol_fail,,103.4,5578.14,eod,17.0,16-30,2025-11-24 15:25:00,0,none,5578.14,none,110.9,-8.0,36.5
11604,2022-05-26 10:05:00,down,10,LEAVE,BLOCK,BLOCK,new,BLOCK:new,none,leave_vol_fail,,102.55,5694.91,expiry,11.0,6-15,2022-05-26 11:00:00,0,none,5694.91,none,121.45,-14.0,19.55
53828,2024-09-10 10:55:00,up,10,LEAVE,BLOCK,BLOCK,new,BLOCK:new,none,leave_vol_fail,,101.7,5484.29,eod,54.0,31-60,2024-09-10 15:25:00,0,none,5484.29,none,178.65,-16.55,19.0
60495,2025-01-20 10:15:00,up,10,LEAVE,WATCH,WATCH,none,WATCH,none,leave_vol_fail,3.0,101.1,5474.44,eod,62.0,61-120,2025-01-20 15:25:00,0,none,5474.44,none,157.1,-11.9,43.75
11241,2022-05-19 11:05:00,down,11,LEAVE,WATCH,WATCH,leave_into_recycle,WATCH:leave_into_recycle,none,leave_into_recycle,9.0,99.0,5466.45,eod,52.0,31-60,2022-05-19 15:25:00,0,none,5466.45,none,141.0,-10.0,38.0
22023,2022-12-20 14:05:00,up,14,LEAVE,BLOCK,BLOCK,new,BLOCK:new,none,leave_vol_fail,,97.25,5309.12,eod,16.0,16-30,2022-12-20 15:25:00,0,none,5309.12,none,118.05,-3.0,33.35
78,2021-10-04 09:30:00,up,09,NEW,BLOCK,BLOCK,new,BLOCK:new,none,none,,95.0,5175.15,eod,71.0,61-120,2021-10-04 15:25:00,0,none,5175.15,none,130.0,-4.0,54.95
6197,2022-02-02 09:15:00,up,<09:25,LEAVE,BLOCK,BLOCK,new,BLOCK:new,none,leave_gap_quiet,,91.95,4975.2,eod,74.0,61-120,2022-02-02 15:25:00,0,none,4975.2,none,92.85,-36.9,125.2
18977,2022-10-20 10:15:00,up,10,LEAVE,BLOCK,BLOCK,new,BLOCK:new,none,leave_vol_fail,,91.75,4966.71,eod,62.0,61-120,2022-10-20 15:25:00,0,none,4966.71,none,107.0,-16.35,40.6
6340,2022-02-03 14:55:00,down,14,LEAVE,WATCH,WATCH,leave_into_recycle,WATCH:leave_into_recycle,none,leave_into_recycle,5.0,91.25,4933.33,eod,6.0,6-15,2022-02-03 15:25:00,0,none,4933.33,none,96.1,-17.55,20.9
13441,2022-07-04 11:25:00,up,11,LEAVE,WATCH,WATCH,none,WATCH,none,leave_vol_fail,7.0,89.9,4875.78,eod,48.0,31-60,2022-07-04 15:25:00,0,none,4875.78,none,112.45,-13.75,26.0
18141,2022-10-04 09:20:00,up,<09:25,LEAVE,BLOCK,BLOCK,open_pierce,BLOCK:open_pierce,none,none,,89.55,4827.81,eod,73.0,61-120,2022-10-04 15:25:00,0,none,4827.81,none,93.55,-24.45,90.45
59712,2025-01-03 13:45:00,down,13,LEAVE,WATCH,WATCH,none,WATCH,none,leave_vol_fail,2.0,85.25,4430.87,eod,20.0,16-30,2025-01-03 15:25:00,0,none,4430.87,none,97.0,-5.95,23.5
14136,2022-07-15 13:05:00,up,13,THIN,WATCH,WATCH,none,WATCH,none,none,4.0,84.0,4488.1,eod,28.0,16-30,2022-07-15 15:25:00,0,none,4488.1,none,93.9,-35.0,38.95
2235,2021-11-16 14:15:00,down,14,LEAVE,WATCH,WATCH,leave_into_recycle,WATCH:leave_into_recycle,none,leave_into_recycle,5.0,83.85,4444.27,eod,14.0,6-15,2021-11-16 15:25:00,0,none,4444.27,none,87.95,0.0,56.7
23093,2023-01-10 09:30:00,down,09,RECYCLE,WATCH,WATCH,none,WATCH,none,none,6.0,81.45,4288.09,eod,71.0,61-120,2023-01-10 15:25:00,0,none,4288.09,none,151.3,-28.1,51.35
76408,2025-12-29 10:15:00,down,10,PENDING,WATCH,WATCH,none,WATCH,none,none,1.0,78.6,3966.7,eod,62.0,61-120,2025-12-29 15:25:00,0,none,3966.7,none,99.4,-9.8,39.3
75797,2025-12-16 09:20:00,down,<09:25,THIN,BLOCK,BLOCK,open_pierce,BLOCK:open_pierce,none,none,2.0,78.0,3928.11,eod,73.0,61-120,2025-12-16 15:25:00,0,none,3928.11,none,80.4,-16.7,27.7
60832,2025-01-24 13:20:00,down,13,PENDING,BLOCK,BLOCK,hunt_fade,BLOCK:hunt_fade,none,none,5.0,77.35,3934.08,eod,25.0,16-30,2025-01-24 15:25:00,0,none,3934.08,none,118.35,-48.4,48.45
72710,2025-10-15 09:25:00,up,09,LEAVE,WATCH,WATCH,leave_into_recycle,WATCH:leave_into_recycle,none,leave_into_recycle,2.0,76.8,3859.97,eod,72.0,61-120,2025-10-15 15:25:00,0,none,3859.97,none,103.2,-51.2,106.8
25216,2023-02-20 11:25:00,down,11,LEAVE,WATCH,WATCH,leave_into_recycle,WATCH:leave_into_recycle,none,leave_into_recycle,2.0,76.35,3958.88,eod,48.0,31-60,2023-02-20 15:25:00,0,none,3958.88,none,106.4,-16.0,35.85
74401,2025-11-19 11:45:00,up,11,LEAVE,WATCH,WATCH,leave_into_recycle,WATCH:leave_into_recycle,none,leave_into_recycle,10.0,76.0,3796.94,eod,44.0,31-60,2025-11-19 15:25:00,0,none,3796.94,none,88.0,-6.6,24.9
11546,2022-05-25 11:30:00,down,11,NEW,BLOCK,BLOCK,new,BLOCK:new,none,none,,75.35,3925.49,eod,47.0,31-60,2022-05-25 15:25:00,0,none,3925.49,none,112.05,-7.95,47.3
27188,2023-03-29 13:15:00,up,13,PENDING,WATCH,WATCH,none,WATCH,none,none,8.0,75.1,3892.35,expiry,26.0,16-30,2023-03-29 15:25:00,0,none,3892.35,none,84.4,-16.05,28.25
29588,2023-05-19 13:20:00,up,13,NEW,BLOCK,BLOCK,new,BLOCK:new,none,none,,75.0,3866.2,eod,25.0,16-30,2023-05-19 15:25:00,0,none,3866.2,none,87.0,-13.9,23.0
52057,2024-08-06 13:20:00,down,13,PENDING,WATCH,WATCH,none,WATCH,none,none,1.0,74.3,3719.16,eod,25.0,16-30,2024-08-06 15:25:00,0,none,3719.16,none,164.3,-37.0,44.55
52204,2024-08-08 13:05:00,down,13,LEAVE,WATCH,WATCH,leave_into_recycle,WATCH:leave_into_recycle,none,leave_into_recycle,4.0,73.25,3650.43,eod,28.0,16-30,2024-08-08 15:25:00,0,none,3650.43,none,82.2,-22.1,59.9
55976,2024-10-21 14:55:00,down,14,LEAVE,BLOCK,BLOCK,new,BLOCK:new,none,leave_vol_fail,,73.1,3629.78,eod,6.0,6-15,2024-10-21 15:25:00,0,none,3629.78,none,78.0,-8.9,32.95
74734,2025-11-25 14:30:00,down,14,LEAVE,WATCH,WATCH,leave_into_recycle,WATCH:leave_into_recycle,none,leave_into_recycle,3.0,70.3,3428.56,expiry,11.0,6-15,2025-11-25 15:25:00,0,none,3428.56,none,86.0,-14.6,36.6
73334,2025-10-29 10:20:00,up,10,PENDING,BLOCK,BLOCK,hunt_fade,BLOCK:hunt_fade,none,none,1.0,69.3,3358.29,eod,61.0,61-120,2025-10-29 15:25:00,0,none,3358.29,none,89.0,-2.0,56.4
56714,2024-11-05 13:55:00,up,13,NEW,BLOCK,BLOCK,new,BLOCK:new,none,none,,69.0,3372.39,eod,18.0,16-30,2024-11-05 15:25:00,0,none,3372.39,none,92.0,-9.0,53.85
18027,2022-09-30 12:20:00,up,12,LEAVE,WATCH,WATCH,none,WATCH,none,leave_vol_fail,8.0,66.6,3339.38,eod,37.0,31-60,2022-09-30 15:25:00,0,none,3339.38,none,168.8,-7.25,26.4
14038,2022-07-14 11:10:00,down,11,LEAVE,BLOCK,BLOCK,new,BLOCK:new,none,leave_vol_fail,5.0,66.3,3338.76,eod,51.0,31-60,2022-07-14 15:25:00,0,none,3338.76,none,143.4,-1.6,26.6
29900,2023-05-25 14:20:00,up,14,NEW,BLOCK,BLOCK,new,BLOCK:new,none,none,,64.9,3208.05,expiry,13.0,6-15,2023-05-25 15:25:00,0,none,3208.05,none,72.4,-14.55,26.4
34610,2023-08-24 13:05:00,down,13,NEW,BLOCK,BLOCK,new,BLOCK:new,none,none,,64.15,3139.94,eod,28.0,16-30,2023-08-24 15:25:00,0,none,3139.94,none,79.95,-7.6,22.85
33814,2023-08-09 09:15:00,down,<09:25,THIN,WATCH,WATCH,none,WATCH,none,none,3.0,64.05,3131.19,next_choch,12.0,6-15,2023-08-09 10:15:00,0,none,3131.19,none,66.9,-5.45,23.1
2917,2021-11-30 14:50:00,down,14,PENDING,BLOCK,BLOCK,new,BLOCK:new,none,none,2.0,60.5,2943.11,eod,7.0,6-15,2021-11-30 15:25:00,0,none,2943.11,none,90.05,-29.15,52.05
12277,2022-06-09 14:25:00,up,14,NEW,BLOCK,BLOCK,new,BLOCK:new,none,none,,60.0,2921.01,eod,12.0,6-15,2022-06-09 15:25:00,0,none,2921.01,none,71.8,-9.25,31.0
45463,2024-03-27 09:25:00,up,09,PENDING,BLOCK,BLOCK,hunt_fade,BLOCK:hunt_fade,none,none,20.0,58.0,2693.35,eod,72.0,61-120,2024-03-27 15:25:00,0,none,2693.35,none,75.0,-5.8,49.95
3241,2021-12-07 10:35:00,up,10,LEAVE,WATCH,WATCH,leave_into_recycle,WATCH:leave_into_recycle,none,leave_into_recycle,2.0,57.85,2768.56,eod,58.0,31-60,2021-12-07 15:25:00,0,none,2768.56,none,139.95,-0.45,33.75
42602,2024-01-31 10:20:00,up,10,THIN,WATCH,WATCH,none,WATCH,none,none,2.0,55.0,2505.29,eod,61.0,61-120,2024-01-31 15:25:00,0,none,2505.29,none,108.0,-21.0,47.55
70735,2025-09-05 13:35:00,up,13,LEAVE,BLOCK,BLOCK,hunt_fade,BLOCK:hunt_fade,none,none,,54.6,2426.9,eod,22.0,16-30,2025-09-05 15:25:00,0,none,2426.9,none,104.0,-6.3,28.2
69869,2025-08-20 10:10:00,up,10,LEAVE,BLOCK,BLOCK,new,BLOCK:new,none,leave_vol_fail,,53.7,2364.54,eod,63.0,61-120,2025-08-20 15:25:00,0,none,2364.54,none,86.5,-10.5,17.8
1950,2021-11-11 09:15:00,down,<09:25,PENDING,BLOCK,BLOCK,open_pierce,BLOCK:open_pierce,none,none,6.0,52.95,2437.54,next_choch,72.0,61-120,2021-11-11 15:15:00,0,none,2437.54,none,150.85,-2.75,67.0
23743,2023-01-20 13:40:00,down,13,PENDING,WATCH,WATCH,none,WATCH,none,none,8.0,52.8,2425.21,eod,21.0,16-30,2023-01-20 15:25:00,0,none,2425.21,none,72.75,-11.3,20.15
70020,2025-08-22 10:15:00,down,10,LEAVE,WATCH,WATCH,leave_into_recycle,WATCH:leave_into_recycle,none,leave_into_recycle,2.0,52.5,2288.74,eod,62.0,61-120,2025-08-22 15:25:00,0,none,2288.74,none,58.8,-28.5,59.1
1579,2021-11-02 09:35:00,down,09,LEAVE,BLOCK,BLOCK,new,BLOCK:new,none,leave_vol_fail,,52.05,2378.75,eod,70.0,61-120,2021-11-02 15:25:00,0,none,2378.75,none,114.0,-22.8,57.0
36331,2023-09-27 12:45:00,up,12,PENDING,WATCH,WATCH,none,WATCH,none,none,2.0,51.75,2329.39,eod,32.0,31-60,2023-09-27 15:25:00,0,none,2329.39,none,73.75,-11.85,39.25
34955,2023-08-31 10:35:00,down,10,LEAVE,BLOCK,BLOCK,new,BLOCK:new,none,leave_vol_fail,9.0,51.7,2333.25,expiry,58.0,31-60,2023-08-31 15:25:00,0,none,2333.25,none,68.25,-15.45,30.4
71716,2025-09-24 14:05:00,down,14,PENDING,WATCH,WATCH,none,WATCH,none,none,1.0,51.0,2187.51,eod,16.0,16-30,2025-09-24 15:25:00,0,none,2187.51,none,72.9,-8.1,20.0
56817,2024-11-07 10:00:00,down,10,NEW,BLOCK,BLOCK,new,BLOCK:new,none,none,,50.15,2146.52,eod,65.0,61-120,2024-11-07 15:25:00,0,none,2146.52,none,50.15,-35.35,118.6
