hour_bin,n,kept,kept_share,net,mean,win_rate,winners,pts,big,big_skipped,huge,huge_skipped,kept_net,skipped_net,kept_mean,skipped_mean,kept_win_rate,skipped_win_rate,kept_minus_skipped
09,96,38,0.3958,-87079.02,-907.07,0.3021,29,220.35,21,14,13,9,-49866.05,-37212.97,-1312.26,-641.6,0.2895,0.3103,-670.66
10,123,50,0.4065,-133288.57,-1083.65,0.252,31,-49.6,25,19,12,10,-85303.08,-47985.49,-1706.06,-657.34,0.2,0.2877,-1048.72
11,100,45,0.45,-108255.09,-1082.55,0.24,24,-53.65,13,8,6,2,-46929.17,-61325.92,-1042.87,-1115.02,0.2222,0.2545,72.15
12,126,52,0.4127,-124464.22,-987.81,0.2222,28,119.8,19,10,10,8,-56695.22,-67769.0,-1090.29,-915.8,0.25,0.2027,-174.49
13,149,64,0.4295,-78152.48,-524.51,0.302,45,1199.35,33,17,15,6,-37556.42,-40596.06,-586.82,-477.6,0.3125,0.2941,-109.22
14,132,51,0.3864,-45684.18,-346.09,0.3485,46,1425.2,22,13,7,4,-20381.63,-25302.55,-399.64,-312.38,0.3922,0.321,-87.26
15,45,23,0.5111,-49044.96,-1089.89,0.1556,7,-33.1,0,0,0,0,-25206.46,-23838.5,-1095.93,-1083.57,0.1739,0.1364,-12.36
<09:25,50,2,0.04,6349.45,126.99,0.38,19,900.8,15,14,10,9,3824.22,2525.23,1912.11,52.61,0.5,0.375,1859.5
>=15:20,5,0,0.0,-5706.09,-1141.22,0.0,0,-8.25,0,0,0,0,0.0,-5706.09,,-1141.22,,0.0,
