hour_bin,count_BLOCK,count_REENTER,count_TAKE,count_WATCH,sum_BLOCK,sum_REENTER,sum_TAKE,sum_WATCH,mean_BLOCK,mean_REENTER,mean_TAKE,mean_WATCH,winners_BLOCK,winners_REENTER,winners_TAKE,winners_WATCH
09,131,3,70,165,-115236.92,-4990.08,-22943.92,-150207.07,-879.67,-1663.36,-327.77,-910.35,26,0,20,28
10,177,13,82,320,-12831.35,-17887.15,-101581.67,-249911.22,-72.49,-1375.93,-1238.8,-780.97,34,2,15,54
11,181,24,94,378,-258265.78,-31815.28,-47410.31,-418315.65,-1426.88,-1325.64,-504.37,-1106.66,14,3,18,46
12,235,26,105,374,-306768.52,-31436.08,-138886.08,-387512.31,-1305.4,-1209.08,-1322.72,-1036.13,24,4,11,51
13,252,24,93,395,-304039.03,-25539.4,-91837.24,-312892.83,-1206.5,-1064.14,-987.5,-792.13,29,3,17,48
14,222,36,110,440,-229798.98,-32139.61,-57134.64,-265711.51,-1035.13,-892.77,-519.41,-603.89,35,6,10,67
15,79,14,48,117,-48364.8,-30532.59,-127607.32,-79874.99,-612.21,-2180.9,-2658.49,-682.69,16,2,11,16
<09:25,124,0,3,62,-55828.02,0.0,-5522.41,-71509.17,-450.23,0.0,-1840.8,-1153.37,29,0,0,12
>=15:20,105,0,0,0,-115754.02,0.0,0.0,0.0,-1102.42,0.0,0.0,0.0,33,0,0,0
