read,count_BLOCK,count_REENTER,count_TAKE,count_WATCH,sum_BLOCK,sum_REENTER,sum_TAKE,sum_WATCH,mean_BLOCK,mean_REENTER,mean_TAKE,mean_WATCH,winners_BLOCK,winners_REENTER,winners_TAKE,winners_WATCH
ACCEPTED,6,2,76,57,-6974.04,-1994.15,-89646.35,-63023.04,-1162.34,-997.08,-1179.56,-1105.67,0,1,9,5
FIRST_PRINT,4,3,56,58,-6484.66,-5630.02,-65677.85,-65861.16,-1621.16,-1876.67,-1172.82,-1135.54,0,0,9,5
HUNT,0,0,0,2,0.0,0.0,0.0,-4045.99,0.0,0.0,0.0,-2023.0,0,0,0,0
LEAVE,659,61,473,541,-660846.63,-74613.03,-444508.04,-461308.7,-1002.8,-1223.16,-939.76,-852.7,112,9,86,102
NEW,298,8,0,0,-250885.81,-3329.81,0.0,0.0,-841.9,-416.23,0.0,0.0,37,2,0,0
PENDING,472,38,0,849,-584305.43,-48495.4,0.0,-839278.81,-1237.94,-1276.19,0.0,-988.55,67,6,0,156
RECYCLE,3,2,0,88,-3030.79,-3386.41,0.0,-43693.88,-1010.26,-1693.2,0.0,-496.52,0,0,0,12
REJECT,4,8,0,146,-4423.65,-10776.16,0.0,-154153.09,-1105.91,-1347.02,0.0,-1055.84,0,1,0,17
THIN,10,18,0,510,-11425.36,-16329.0,0.0,-570645.53,-1142.54,-907.17,0.0,-1118.91,0,3,0,55
