read,n,kept,kept_share,net,mean,win_rate,winners,pts,big,big_skipped,huge,huge_skipped,kept_net,skipped_net,kept_mean,skipped_mean,kept_win_rate,skipped_win_rate,kept_minus_skipped
ACCEPTED,150,78,0.52,-136122.1,-907.48,0.14,21,319.8,7,5,2,0,-58069.04,-78053.06,-744.47,-1084.07,0.1282,0.1528,339.6
FIRST_PRINT,127,59,0.4646,-172640.6,-1359.37,0.1181,15,-597.05,5,3,3,1,-59607.2,-113033.4,-1010.29,-1662.26,0.1695,0.0735,651.97
HUNT,2,0,0.0,-4045.99,-2023.0,0.0,0,-29.3,0,0,0,0,0.0,-4045.99,,-2023.0,,0.0,
LEAVE,1748,534,0.3055,-1674608.96,-958.01,0.1722,301,2396.9,137,100,70,52,-565822.79,-1108786.17,-1059.59,-913.33,0.1704,0.173,-146.26
NEW,311,8,0.0257,-154123.67,-495.57,0.1318,41,2661.3,20,20,10,10,-12110.03,-142013.64,-1513.75,-468.69,0.125,0.132,-1045.06
PENDING,1364,38,0.0279,-1292246.0,-947.39,0.1562,213,2087.0,85,84,37,36,-50431.21,-1241814.79,-1327.14,-936.51,0.1579,0.1561,-390.63
RECYCLE,95,2,0.0211,-67057.45,-705.87,0.1368,13,498.0,7,7,5,5,-3386.41,-63671.04,-1693.2,-684.63,0.0,0.1398,-1008.57
REJECT,163,8,0.0491,-101761.84,-624.31,0.1166,19,1059.95,9,9,6,6,-10776.16,-90985.68,-1347.02,-587.0,0.125,0.1161,-760.02
THIN,542,18,0.0332,-547479.34,-1010.11,0.1125,61,322.45,24,22,13,11,-7060.94,-540418.4,-392.27,-1031.33,0.1667,0.1107,639.06
