hour_bin,count_0,count_1,sum_0,sum_1,mean_0,mean_1,winners_0,winners_1
09,296,73,-267531.02,-19552.35,-903.82,-267.84,56,21
10,497,95,-409521.19,-104797.72,-823.99,-1103.13,89,18
11,559,118,-667291.75,-87173.32,-1193.72,-738.76,60,21
12,609,131,-702466.7,-170461.59,-1153.48,-1301.23,75,15
13,647,117,-650289.41,-104962.63,-1005.08,-897.12,85,23
14,662,146,-608701.19,-204200.08,-919.49,-1398.63,121,20
15,196,62,-211763.37,-67716.12,-1080.43,-1092.2,35,8
<09:25,186,3,-153808.41,-5522.41,-826.93,-1840.8,47,0
>=15:20,55,0,-59013.53,0.0,-1072.97,0.0,0,0
