direction,id,rule,refused,flags,protocol_clean,untestable,ledger_id,kept_n,skipped_n,kept_share,kept_mean,skipped_mean,diff,diff_top1_removed,perm_p,control_pct,loser_recall,loser_precision,winner_recall_weighted,top_decile_winners_skipped,kept_mean_slip8,sign_blocks,L0_diff,L0_control_pct,maxt_t,maxt_fw_p,holm_p_round,holm_p_family,boot_diff_ci,blocks_positive,blocks_defined,dsr_p
A->B,r1A_m1,"[[""fz_read"", ""in"", [""THIN"", ""REJECT"", ""ACCEPTED""]]]",False,,True,False,9486f9ece0a6d7d0,1665,379,0.8146,-1069.17,-1076.86,7.69,-52.31,0.965,5.4,0.1919,0.876,0.8737,0.1562,-1459.14,4.0,116.91,23.1,0.046,1.0,1.0,1.0,"[-228.75, 222.44]",4.0,6.0,0.9949
A->B,r1A_m2,"[[""hour_bin"", ""=="", ""11""]]",False,,True,False,99ee767ffbfcb0bc,1723,321,0.843,-1058.47,-1135.73,77.27,100.91,0.6757,24.4,0.1584,0.8536,0.8814,0.125,-1448.43,2.0,184.75,35.6,0.434,1.0,1.0,1.0,"[-206.71, 351.34]",2.0,6.0,0.9951
A->B,r1A_m3,"[[""hour_bin"", ""in"", [""11"", ""12""]], [""fz_read"", ""in"", [""NEW"", ""FIRST_PRINT"", ""RECYCLE""]]]",False,,True,False,04c389cc8c5f4f69,1978,66,0.9677,-1061.09,-1355.66,294.57,83.02,0.4088,75.0,0.0347,0.9091,0.9954,0.0,-1451.05,5.0,428.82,73.8,0.804,1.0,1.0,1.0,"[12.98, 628.29]",5.0,6.0,0.9861
A->B,r1A_m4,"[[""n_choch_since_bos"", ""=="", 0]]",False,,True,False,180567a92a79568f,1511,533,0.7392,-1072.8,-1064.36,-8.44,25.43,0.9515,74.2,0.2659,0.863,0.7236,0.3125,-1462.77,3.0,-24.75,48.9,-0.057,1.0,1.0,1.0,"[-242.31, 215.37]",3.0,6.0,0.9976
A->B,r1A_m5,"[[""hv3_dir_agree"", ""=="", true], [""hv3_bars_since"", "">="", 6]]",False,,True,False,02900b275f97e097,1496,548,0.7319,-1087.13,-1025.47,-61.66,-213.94,0.6812,1.9,0.2711,0.8558,0.7747,0.1875,-1477.09,3.0,-77.39,5.1,-0.421,1.0,1.0,1.0,"[-274.94, 173.78]",3.0,6.0,0.997
A->B,r1A_m6,"[[""fz_visit_n"", ""=="", 3], [""fz_read"", ""!="", ""LEAVE""]]",False,,True,False,01ded11f8cec3b97,1887,157,0.9232,-1051.4,-1301.42,250.02,28.27,0.3063,78.0,0.0798,0.879,0.9625,0.0,-1441.36,6.0,470.46,96.3,1.027,1.0,1.0,1.0,"[97.44, 408.17]",6.0,6.0,0.9862
A->B,r1A_m7,"[[""room_ahead_dist_atr"", "">="", 1.4782], [""room_ahead_dist_atr"", ""<"", 2.4394]]",False,,True,False,d67b003cf69acea7,1730,314,0.8464,-1057.38,-1143.41,86.02,-9.35,0.6227,76.0,0.1595,0.879,0.8882,0.0938,-1447.35,4.0,281.11,71.5,0.479,1.0,1.0,1.0,"[-208.18, 357.28]",4.0,6.0,0.9973
A->B,r1A_m8,"[[""hour_bin"", ""=="", "">=15:20""]]",False,,True,False,2e465ec9d9a8062c,2018,26,0.9873,-1069.16,-1182.44,113.28,-94.11,0.8381,18.1,0.015,1.0,1.0,0.0,-1459.12,6.0,51.9,9.2,0.196,1.0,1.0,1.0,"[10.43, 220.06]",6.0,6.0,0.989
A->B,union_round1,,,,,,de1662598749599e,629,1415,0.3077,-1088.4,-1062.69,-25.71,-52.6,0.8551,17.2,0.704,0.8608,0.36,0.6875,-1478.36,3.0,,,,,,,,,,
A->B,r0_m1 (round 0),"[[""n_choch_since_bos"", "">="", 2], [""range_since_choch_atr"", ""<="", 2.0]]",,,,,6c69cb72a07bf021,1604,440,0.7847,-1058.53,-1114.6,56.08,-93.65,0.7376,33.1,0.2179,0.8568,0.8672,0.0938,-1448.49,3.0,,,,,,,,,,
A->B,r0_m2 (round 0),"[[""choch_run"", "">="", 3], [""n_bos_1h"", ""=="", 0]]",,,,,2366c457a4ba3176,2032,12,0.9941,-1069.05,-1332.97,263.92,57.97,0.7241,42.4,0.0064,0.9167,0.9969,0.0,-1459.02,3.0,,,,,,,,,,
A->B,r0_m3 (round 0),"[[""alt_dir6"", "">="", 4], [""er_1h"", ""<="", 0.3]]",,,,,705d36b9224ec3e2,1622,422,0.7935,-1053.02,-1138.17,85.15,-126.36,0.5747,0.7,0.2081,0.8531,0.8769,0.0312,-1442.98,2.0,,,,,,,,,,
A->B,r0_m4 (round 0),"[[""fz_read"", ""in"", [""RECYCLE"", ""THIN""]], [""room_ahead_dist_atr"", "">"", 0], [""room_ahead_dist_atr"", ""<="", 1.0]]",,,,,8e73cec17b092c01,1878,166,0.9188,-1086.43,-891.48,-194.95,-30.04,0.4073,10.1,0.0809,0.8434,0.9077,0.1562,-1476.4,3.0,,,,,,,,,,
A->B,r0_m5 (round 0),"[[""hv3_dir_agree"", ""=="", false], [""hv3_bars_since"", ""<="", 60]]",,,,,ed25a34d119ff559,1352,692,0.6614,-1068.59,-1074.52,5.93,-120.05,0.9635,0.1,0.3428,0.8569,0.7382,0.25,-1458.56,3.0,,,,,,,,,,
A->B,r0_m6 (round 0),"[[""touch_swing_last"", ""=="", ""held""], [""swing_ahead_dist_atr"", "">"", 0], [""swing_ahead_dist_atr"", ""<="", 1.0]]",,,,,a565ae714ff947e1,2043,1,0.9995,-1070.27,-1734.9,664.63,459.78,0.6537,75.2,0.0006,1.0,1.0,0.0,-1460.24,1.0,,,,,,,,,,
A->B,r0_m7 (round 0),"[[""hour"", ""in"", [12, 13]], [""n_choch_since_bos_today"", "">="", 2]]",,,,,ef922129dbaab7ed,1782,262,0.8718,-1052.08,-1196.59,144.52,-30.8,0.4423,25.4,0.1324,0.874,0.9369,0.0312,-1442.04,4.0,,,,,,,,,,
A->B,r0_m8 (round 0),"[[""session_bar"", "">="", 60], [""n_bos_today"", ""=="", 0], [""sess_range_atr"", ""<="", 2.5]]",,,,,4a862af1a78b0cf6,2044,0,1.0,-1070.6,,,,,,,,,,,,,,,,,,,,,
B->A,r1B_m1,"[[""hour_bin"", ""=="", ""<09:25""], [""fz_read"", ""!="", ""LEAVE""]]",False,,True,False,a6e37c1d1033559b,2356,52,0.9784,-986.45,338.82,-1325.28,-349.36,0.002,100.0,0.0168,0.6538,0.9016,0.1579,-1376.42,2.0,-1217.05,100.0,-4.025,0.1449,0.096,0.394,"[-2922.88, 37.47]",2.0,6.0,0.9988
B->A,r1B_m2,"[[""hour_bin"", ""=="", "">=15:20""]]",False,,True,False,6b0de2d11705c8c5,2379,29,0.988,-957.63,-974.83,17.2,-139.6,0.9625,3.0,0.0143,1.0,1.0,0.0,-1347.59,3.0,321.17,14.8,0.039,1.0,1.0,1.0,"[-90.78, 127.55]",3.0,6.0,0.9818
B->A,r1B_m3,"[[""fz_read"", ""=="", ""FIRST_PRINT""]]",False,,True,False,89e097218440cfff,2346,62,0.9743,-955.9,-1030.96,75.06,-83.95,0.8056,15.9,0.0256,0.8387,0.9866,0.0,-1345.87,3.0,338.14,49.2,0.248,1.0,1.0,1.0,"[-259.3, 381.07]",3.0,6.0,0.983
B->A,r1B_m4,"[[""fz_read"", ""=="", ""ACCEPTED""], [""hour_bin"", ""in"", [""11"", ""12"", ""13""]]]",False,,True,False,e900342e50104684,2362,46,0.9809,-953.12,-1200.12,247.0,89.11,0.4793,34.9,0.0202,0.8913,0.9955,0.0,-1343.08,4.0,299.88,67.5,0.706,1.0,1.0,1.0,"[32.38, 476.3]",4.0,6.0,0.9823
B->A,r1B_m5,"[[""fz_read"", ""=="", ""LEAVE""], [""hour_bin"", ""=="", ""12""]]",False,,True,False,31e444ec72e0ecec,2257,151,0.9373,-949.38,-1084.23,134.86,50.7,0.5017,34.7,0.0626,0.8411,0.9558,0.0526,-1339.34,4.0,190.63,46.5,0.683,1.0,1.0,1.0,"[-65.92, 333.29]",4.0,6.0,0.9832
B->A,r1B_m6,"[[""hv3_bars_since"", ""<="", 0.0], [""hv3_dir_agree"", ""=="", ""True""]]",False,,True,False,0ff091e7372de925,1970,438,0.8181,-969.78,-904.12,-65.66,-107.7,0.5962,1.1,0.176,0.8151,0.7871,0.1579,-1359.74,2.0,-286.96,2.4,-0.529,1.0,1.0,1.0,"[-293.32, 169.71]",2.0,6.0,0.994
B->A,r1B_m7,"[[""n_choch_since_bos"", "">="", 2.0], [""dir"", ""=="", ""up""]]",False,,True,False,9b8b193661cf7c71,1989,419,0.826,-988.38,-812.82,-175.57,-64.29,0.1594,4.5,0.1706,0.8258,0.7938,0.1842,-1378.35,2.0,-383.48,2.8,-1.391,1.0,1.0,1.0,"[-388.47, 20.79]",2.0,6.0,0.9985
B->A,r1B_m8,"[[""touch_room_bars_ago"", "">="", 38.0]]",False,,True,False,68f4cc8c1e02dfdb,2197,211,0.9124,-969.66,-834.72,-134.94,-50.45,0.4278,18.8,0.0873,0.8389,0.8863,0.1053,-1359.62,3.0,-328.36,42.1,-0.797,1.0,1.0,1.0,"[-418.99, 135.6]",3.0,6.0,0.9925
B->A,union_round1,,,,,,3f7e85e910c63d1e,1274,1134,0.5291,-1034.32,-871.91,-162.41,-100.52,0.0975,4.2,0.4625,0.8272,0.4457,0.5526,-1424.28,1.0,,,,,,,,,,
B->A,r0_m1 (round 0),"[[""n_choch_since_bos"", "">="", 2], [""range_since_choch_atr"", ""<="", 2.0]]",,,,,1485dc5d83c14d34,1945,463,0.8077,-971.25,-901.48,-69.76,38.5,0.5677,2.5,0.1963,0.8596,0.8106,0.2105,-1361.21,2.0,,,,,,,,,,
B->A,r0_m2 (round 0),"[[""choch_run"", "">="", 3], [""n_bos_1h"", ""=="", 0]]",,,,,cf5fde85c9d3e5e5,2377,31,0.9871,-958.36,-917.57,-40.79,293.13,0.9275,53.5,0.0138,0.9032,0.9847,0.0263,-1348.33,4.0,,,,,,,,,,
B->A,r0_m3 (round 0),"[[""alt_dir6"", "">="", 4], [""er_1h"", ""<="", 0.3]]",,,,,b71da929fd20d0fc,1910,498,0.7932,-973.83,-896.49,-77.34,-57.12,0.5257,0.0,0.2071,0.8434,0.7966,0.1579,-1363.79,3.0,,,,,,,,,,
B->A,r0_m4 (round 0),"[[""fz_read"", ""in"", [""RECYCLE"", ""THIN""]], [""room_ahead_dist_atr"", "">"", 0], [""room_ahead_dist_atr"", ""<="", 1.0]]",,,,,46c5a9216b7a7271,2227,181,0.9248,-958.55,-949.04,-9.51,118.2,0.9565,77.0,0.0814,0.9116,0.9193,0.0789,-1348.51,4.0,,,,,,,,,,
B->A,r0_m5 (round 0),"[[""hv3_dir_agree"", ""=="", false], [""hv3_bars_since"", ""<="", 60]]",,,,,1ff56308d0a09217,1663,745,0.6906,-949.41,-976.65,27.24,-74.05,0.7781,2.2,0.3077,0.8376,0.75,0.1316,-1339.37,2.0,,,,,,,,,,
B->A,r0_m6 (round 0),"[[""touch_swing_last"", ""=="", ""held""], [""swing_ahead_dist_atr"", "">"", 0], [""swing_ahead_dist_atr"", ""<="", 1.0]]",,,,,8095b3e9670478b9,2408,0,1.0,-957.84,,,,,,,,,,,,,,,,,,,,,
B->A,r0_m7 (round 0),"[[""hour"", ""in"", [12, 13]], [""n_choch_since_bos_today"", "">="", 2]]",,,,,d8d06918e4c9d14e,2099,309,0.8717,-969.07,-881.49,-87.59,-77.77,0.5297,0.5,0.1307,0.8576,0.878,0.1053,-1359.04,3.0,,,,,,,,,,
B->A,r0_m8 (round 0),"[[""session_bar"", "">="", 60], [""n_bos_today"", ""=="", 0], [""sess_range_atr"", ""<="", 2.5]]",,,,,20ae3f57dc61c9dd,2408,0,1.0,-957.84,,,,,,,,,,,,,,,,,,,,,
crossfit (all IS rows),oof12,,,,,,188e8939ee98df0e,4452,0,1.0,-1009.61,,,,,,,,,,,,,,,,,,,,,
