feature,source,mean_abs_shap,mean_early,mean_late,std_shift,ks,nan_share_early,nan_share_late,shap_x_corr,direction,rank
atr_bps,atr_bps,2.803819439279071,12.74251699029126,10.53748309178744,-0.5082352686513508,0.24849913231086723,0.0,0.0,-0.855629252725319,lower in IS-late,1
atr14,atr14,2.657227408433341,22.256887621359223,24.766317391304348,0.3039889521273881,0.17339712021012146,0.0,0.0,0.7697095489147225,higher in IS-late,2
range_3h_pts,range_3h_pts,0.2030191536920777,111.5757281553398,127.90471014492755,0.2678440280361101,0.16238684864687397,0.0,0.0,0.7829767729382152,higher in IS-late,3
n_rooms_alive,n_rooms_alive,0.14840869511928728,10.16747572815534,10.219806763285025,0.018816701322293065,0.0595656864124572,0.0,0.0,-0.6795090446168769,higher in IS-late,4
hv3_ratio,hv3_ratio,0.14612293201513638,4.132005952380952,4.34028735632184,0.11754697552357155,0.18308702791461412,0.5922330097087378,0.5797101449275363,0.3109416666864743,higher in IS-late,5
sess_cumvol_ratio20s,sess_cumvol_ratio20s,0.14041437300917334,1.0485220843672456,1.1296176328502416,0.1750590497549663,0.10324139005765934,0.021844660194174748,0.0,-0.17674788758094737,higher in IS-late,6
days_to_expiry,days_to_expiry,0.13579366303937102,13.808252427184467,15.417874396135266,0.18008450552787775,0.15224426621640635,0.0,0.0,0.6783064269114272,higher in IS-late,7
sess_vol_vs_prev_sess,sess_vol_vs_prev_sess,0.12363945380059264,1.0516075980392157,1.132822463768116,0.16069169988589202,0.10237283319124751,0.009708737864077666,0.0,0.6342865250744557,higher in IS-late,8
choch_bar_range_atr,choch_bar_range_atr,0.11392720097516013,1.3922019417475726,1.3574591787439612,-0.06002158563133172,0.05805309319450307,0.0,0.0,-0.3275501668881562,lower in IS-late,9
hv2_ratio,hv2_ratio,0.11045645960521203,2.9496756756756755,3.255721189591078,0.19312726044587963,0.11529904838455024,0.3713592233009708,0.3502415458937198,0.240166328069975,higher in IS-late,10
close_vs_sess_open_pts,close_vs_sess_open_pts,0.1104020359114867,-1.9495145631067956,-5.742632850241545,-0.042062829536736714,0.07567656301299189,0.0,0.0,0.6945267413739576,lower in IS-late,11
n_bos_today,n_bos_today,0.10974468941293661,2.1553398058252426,1.8019323671497585,-0.20637322904321176,0.09693494676609915,0.0,0.0,-0.7924203950383532,lower in IS-late,12
sl_dist_atr,sl_dist_atr,0.10749001596203504,1.890648300970874,1.8471917874396135,-0.05383726296731397,0.059659490643028,0.0,0.0,-0.6838484474519716,lower in IS-late,13
room_behind_dist_atr,room_behind_dist_atr,0.10729481713563381,0.6775735436893204,0.7028273607748183,0.02982737942308762,0.05952185053715414,0.0,0.0024154589371980784,-0.5348687961454767,higher in IS-late,14
er_1h,er_1h,0.10660798450787065,0.38682209944751383,0.37434173669467785,-0.05966603234286541,0.05154990172864726,0.12135922330097082,0.1376811594202898,-0.7921358159373666,lower in IS-late,15
dist_choch_lvl_atr,dist_choch_lvl_atr,0.08245470798219257,1.1990016990291261,1.1314915458937198,-0.056561266868980234,0.0929248159091975,0.0,0.0,-0.6386906931093886,lower in IS-late,16
gap_pts,gap_pts,0.0753206533746062,4.636887254901961,5.818115942028985,0.013341693030912252,0.07068769536800228,0.009708737864077666,0.0,0.3549287089787954,higher in IS-late,17
range_1h_atr,range_1h_atr,0.07077044713700138,3.444395873786408,3.420811352657005,-0.02276588236102641,0.06616715913887716,0.0,0.0,-0.025953751243821595,lower in IS-late,18
card_first_bars,card_first_bars,0.06967815752174614,5.4,6.449579831932773,0.33288159255167743,0.10532212885154062,0.3810679611650486,0.4251207729468599,0.7790531023067906,higher in IS-late,19
vol_max_ratio20_5,vol_max_ratio20_5,0.06673274721756248,2.256103591160221,2.534904201680672,0.156842960072223,0.07975455375520374,0.12135922330097082,0.1376811594202898,0.4330807205185823,higher in IS-late,20
touch_swing_last=broke,touch_swing_last,0.06594262111886862,0.587378640776699,0.4975845410628019,-0.18097633823306683,0.0897940997138971,0.0,0.0,-0.8605617319783031,lower in IS-late,21
n_choch_since_bos,n_choch_since_bos,0.06409117366339427,1.2305825242718447,1.4251207729468598,0.13726600894414892,0.05290558604193049,0.0,0.0,0.6889511684124207,higher in IS-late,22
card_prev_bars,card_prev_bars,0.061717680333816846,3.618834080717489,3.3115577889447234,-0.11565430324292549,0.06870676251211214,0.4587378640776699,0.5193236714975845,-0.5254765704078426,lower in IS-late,23
close_pos_in_bar,close_pos_in_bar,0.05376171980445491,0.4904956310679612,0.5231789855072463,0.09373385990829826,0.07878382815064959,0.0,0.0,0.30870582325674106,higher in IS-late,24
range_since_choch_atr,range_since_choch_atr,0.053738700091890135,2.278276213592233,2.263174879227053,-0.016591360360992867,0.06381032784578584,0.0,0.0,0.5616000623353993,lower in IS-late,25
sl_dist_pts,sl_dist_pts,0.0530790536178237,42.452427184466025,47.0493961352657,0.15924351562953776,0.12126541907040007,0.0,0.0,0.3882905689384095,higher in IS-late,26
bar_range_pts,bar_range_pts,0.05096930372564899,26.455703883495147,30.768840579710144,0.2671500172406564,0.15450729327892687,0.0,0.0,0.6497458844329622,higher in IS-late,27
card_visit_n,card_visit_n,0.04997153755575423,4.317647058823529,3.96218487394958,-0.10652434867420894,0.0700280112044818,0.3810679611650486,0.4251207729468599,-0.7375469473329656,lower in IS-late,28
ret_1h_pts,ret_1h_pts,0.04960921555704367,-0.36717791411042944,1.6581210191082816,0.03277183173133957,0.05871204720409519,0.20873786407766992,0.24154589371980673,-0.5844305694396865,higher in IS-late,29
vol_max_ratio20_choch_to_k,vol_max_ratio20_choch_to_k,0.04714781868144685,2.3156697860962563,2.65180406504065,0.1753364566330794,0.10032172514238512,0.09223300970873782,0.10869565217391308,0.6846781235639556,higher in IS-late,30
range_1h_pts,range_1h_pts,0.04544030124055986,76.50606796116504,86.13019323671497,0.2252659657403988,0.11510951643919141,0.0,0.0,0.6675832942622875,higher in IS-late,31
touch_prot_bars_ago,touch_prot_bars_ago,0.04447926833248238,4.752043596730245,4.938992042440319,0.07544776524769205,0.041695878114181226,0.10922330097087374,0.08937198067632846,-0.5765102600190949,higher in IS-late,32
vol_ratio60,vol_ratio60,0.04428691078813931,1.6296129834254147,1.6857767507002799,0.04072053850987771,0.08156522277419255,0.12135922330097082,0.1376811594202898,-0.24297894172492104,higher in IS-late,33
range_3h_atr,range_3h_atr,0.04312860449275617,5.115072087378641,5.14758695652174,0.018463738910870667,0.05269452652314619,0.0,0.0,-0.7105214493473168,higher in IS-late,34
room_edge_dist_dir_atr,room_edge_dist_dir_atr,0.04218073891772347,-0.1951635922330097,-0.25885169082125603,-0.07403800558884138,0.06705829932929976,0.0,0.0,-0.42372224269123937,lower in IS-late,35
bar_range_atr,bar_range_atr,0.03922539668455076,1.195998058252427,1.2271705314009664,0.06455993486623408,0.056024576708409546,0.0,0.0,-0.020567505036914683,higher in IS-late,36
bars_since_prev_choch,bars_since_prev_choch,0.03921356848881745,60.070559610705594,70.90338164251207,0.039425026518452894,0.033216968158256636,0.0024271844660194164,0.0,0.4202377903201206,higher in IS-late,37
room_ahead_dist_atr,room_ahead_dist_atr,0.038697828136424944,0.7602832386363635,0.8554416201117319,0.08295384411664597,0.05475495175215846,0.1456310679611651,0.13526570048309183,0.5983994602754577,higher in IS-late,38
vol_ratio20,vol_ratio20,0.03721481522520238,1.805481767955801,2.061019607843137,0.1603946863701377,0.10712351238838076,0.12135922330097082,0.1376811594202898,0.5713221452146486,higher in IS-late,39
fz_band_width_atr,fz_band_width_atr,0.03610404490405822,0.7997047058823531,0.7380953781512605,-0.18320028105940733,0.15406162464985995,0.3810679611650486,0.4251207729468599,0.15136465451306705,lower in IS-late,40
card_vol_ratio,card_vol_ratio,0.03583441855391735,0.5734658823529413,0.5333558823529412,-0.0764824745257341,0.07142857142857142,0.3810679611650486,0.4251207729468599,-0.07888471568643633,lower in IS-late,41
move_since_choch_pts,move_since_choch_pts,0.03258568597755926,19.814563106796115,21.575241545893725,0.08937902838167262,0.07839688569954505,0.0,0.0,0.3319990266660315,higher in IS-late,42
pos_in_session_range,pos_in_session_range,0.03183184296458835,0.5015711165048544,0.5264171497584542,0.06999954290148595,0.05914356737488861,0.0,0.0,0.2732460136714554,higher in IS-late,43
vol_max_ratio20_15,vol_max_ratio20_15,0.030034372290853067,2.8605389502762435,3.0960854341736694,0.110265845085504,0.07047680950833372,0.12135922330097082,0.1376811594202898,-0.18153565979998396,higher in IS-late,44
fz_band_width,fz_band_width,0.027921374641128698,15.376666666666667,15.483193277310924,0.02928619745046904,0.07478991596638655,0.3810679611650486,0.4251207729468599,0.6647870123153307,higher in IS-late,45
swing_ahead_dist_atr,swing_ahead_dist_atr,0.024913926538372717,-1.072471359223301,-1.1329253623188407,-0.042936118010295975,0.0639862107781061,0.0,0.0,0.5594383473464771,lower in IS-late,46
vol_ratio20_at_choch,vol_ratio20_at_choch,0.023452730094003848,1.7412600566572238,1.8263490084985834,0.0542527881566287,0.0708215297450425,0.14320388349514568,0.1473429951690821,-0.15075642952050133,higher in IS-late,47
card_bars_since_reject,card_bars_since_reject,0.022933843181212037,49.48765432098765,56.4203821656051,0.08457066985699774,0.1272312652355115,0.6067961165048543,0.6207729468599034,0.49029094041951643,higher in IS-late,48
n_bos_3h,n_bos_3h,0.022927551823057925,2.0655339805825244,1.8792270531400965,-0.15877825877810112,0.0853970264058909,0.0,0.0,0.463023497467038,lower in IS-late,49
bars_since_bos,bars_since_bos,0.02218074931901493,13.00242718446602,14.951690821256038,0.12639267364773557,0.05663430420711974,0.0,0.0,0.4470070828820348,higher in IS-late,50
alt_kind6,alt_kind6,0.021878254172923654,2.3349514563106797,2.2705314009661834,-0.05874631219974748,0.030146334599690447,0.0,0.0,0.08337061911368739,lower in IS-late,51
session_bar,session_bar,0.02187430708044488,36.12864077669903,33.79951690821256,-0.10384933607292683,0.05895595891374701,0.0,0.0,0.5554994714360582,lower in IS-late,52
sess_range_atr,sess_range_atr,0.021561529223489414,6.33125145631068,6.246061352657005,-0.03290844788698216,0.04332582899488767,0.0,0.0,-0.7513633190914368,lower in IS-late,53
ret_3h_pts,ret_3h_pts,0.02078598492690346,3.651590909090909,0.06887254901960818,-0.04509500257355122,0.06274509803921569,0.46601941747572817,0.5072463768115942,0.3395028666685437,lower in IS-late,54
hv2_bars_since,hv2_bars_since,0.01972228656228623,5.305019305019305,5.111524163568773,-0.024947071747075864,0.09244879505102553,0.3713592233009708,0.3502415458937198,0.8672451180311309,lower in IS-late,55
hour_bin=10,hour_bin,0.01970196492965182,0.12378640776699029,0.17391304347826086,0.1411792112038874,0.05012663571127058,0.0,0.0,0.8608888595475522,higher in IS-late,56
fz_dist_band_edge_behind,fz_dist_band_edge_behind,0.01835184969219594,21.583529411764708,21.794117647058822,0.01054037027895407,0.07899159663865546,0.3810679611650486,0.4251207729468599,-0.5309677100899458,higher in IS-late,57
last_sh_bars_ago,last_sh_bars_ago,0.01751606597015993,4.808252427184466,4.958937198067633,0.04806983604476769,0.031787908634679424,0.0,0.0,0.5347929012952061,higher in IS-late,58
dow,dow,0.0163581428791434,2.092233009708738,2.0603864734299515,-0.022237463484177888,0.03838938136109939,0.0,0.0,-0.6040716405478348,lower in IS-late,59
dist_prot_dir_atr,dist_prot_dir_atr,0.015667394825856953,3.335910447761194,3.344123960880196,0.004556424565774875,0.06904961743847997,0.024271844660194164,0.012077294685990392,0.14543483441481508,higher in IS-late,60
bar_body_pts,bar_body_pts,0.015241489035098553,-1.3182038834951457,-0.24287439613526535,0.04581120079526556,0.059131841846067255,0.0,0.0,-0.030647852901677396,higher in IS-late,61
dist_sl_atr,dist_sl_atr,0.014966306637442094,0.7996405339805825,0.9232553140096618,0.051227080445147385,0.04326720135078092,0.0,0.0,-0.4640569096737736,higher in IS-late,62
fz_pos_in_band,fz_pos_in_band,0.014687547540247464,0.3854572549019608,0.6406239495798319,0.13136823525599023,0.039775910364145656,0.3810679611650486,0.4251207729468599,-0.4337925712784037,higher in IS-late,63
fz_pos_in_band_dir,fz_pos_in_band_dir,0.011721173460955015,1.4761364705882352,1.523496218487395,0.028358194130050026,0.07170868347338935,0.3810679611650486,0.4251207729468599,0.25728410941115176,higher in IS-late,64
touch_swing_bars_ago,touch_swing_bars_ago,0.01169324330698313,2.220873786407767,2.334975369458128,0.05603968406154701,0.022466402027834904,0.0,0.019323671497584516,0.5088416050384047,higher in IS-late,65
dist_sh_atr,dist_sh_atr,0.01074584286714258,0.8328325242718445,0.7807446859903382,-0.021575824851411348,0.04473289245344965,0.0,0.0,0.7185463331772427,lower in IS-late,66
last_sl_bars_ago,last_sl_bars_ago,0.009973242528673489,4.786407766990291,5.082125603864735,0.09122826773586583,0.04278645466910558,0.0,0.0,0.3014988003748347,higher in IS-late,67
touch_prot_n,touch_prot_n,0.009768913496194562,1.644278606965174,1.5721271393643033,-0.08103235218764569,0.061957936478974324,0.024271844660194164,0.012077294685990392,-0.38169078270144924,lower in IS-late,68
hour_bin=13,hour_bin,0.009467979857901494,0.18932038834951456,0.17149758454106281,-0.04636230346866126,0.017822803808451762,0.0,0.0,-0.7624499577576107,lower in IS-late,69
last_bos_same_session,last_bos_same_session,0.009039523112593179,0.7912621359223301,0.7560386473429952,-0.08424712355437441,0.03522348857933493,0.0,0.0,-0.7009485115594754,lower in IS-late,70
fz_dist_band_edge_ahead,fz_dist_band_edge_ahead,0.009029152600387272,-6.206862745098039,-6.310924369747899,-0.005199113479305466,0.0784313725490196,0.3810679611650486,0.4251207729468599,-0.2292144046697516,lower in IS-late,71
card_leave_kind=normal,card_leave_kind,0.00875663250265853,0.5072815533980582,0.5024154589371981,-0.009732761764766232,0.004866094460860185,0.0,0.0,-0.7202862130313912,lower in IS-late,72
last_closed_net_asof,last_closed_net_asof,0.008698351564166538,-2720.8923188405797,-3131.4584360189574,-0.2529199929014358,0.15674153444604713,0.4975728155339806,0.4903381642512077,-0.6933104041388347,lower in IS-late,73
touch_swing_n,touch_swing_n,0.008161404598168158,2.174757281553398,2.082125603864734,-0.09862409821631658,0.020484498850898175,0.0,0.0,-0.5484675550112502,lower in IS-late,74
today_net_asof,today_net_asof,0.007921221360813259,-2207.7375,-2711.5914251207732,-0.151569043251813,0.08825805543830027,0.0,0.0,-0.6440870338351035,lower in IS-late,75
n_choch_today,n_choch_today,0.007417318106745882,2.429611650485437,2.5676328502415457,0.08080270016182066,0.030849866328971437,0.0,0.0,-0.5703484217730553,higher in IS-late,76
room_edge_kind=hi,room_edge_kind,0.007275538256102653,0.47572815533980584,0.5096618357487923,0.06791372596402383,0.03393368040898644,0.0,0.0,0.8210624731726235,higher in IS-late,77
card_leave_vol_ok,card_leave_vol_ok,0.00509840003635894,0.771551724137931,0.7393162393162394,-0.07504874545573004,0.032235484821691716,0.4368932038834952,0.4347826086956522,-0.5791421128115083,lower in IS-late,78
alt_dir6,alt_dir6,0.00488911392467741,2.4441747572815533,2.5676328502415457,0.11248484554870765,0.06202804746494067,0.0,0.0,-0.7870028189147431,higher in IS-late,79
touch_prot_last=held,touch_prot_last,0.004553834424551509,0.7063106796116505,0.7560386473429952,0.11234120958504205,0.049727967731344684,0.0,0.0,0.18173728458562136,higher in IS-late,80
n_events_today,n_events_today,0.004547613386082684,4.584951456310679,4.369565217391305,-0.07828413274899912,0.06089067116926974,0.0,0.0,-0.6897158435452616,lower in IS-late,81
n_swings_1h,n_swings_1h,0.0038970734727822903,4.050970873786408,3.842995169082126,-0.13939539989191013,0.07560620984006379,0.0,0.0,-0.6428974228455223,lower in IS-late,82
hv2_dir_agree,hv2_dir_agree,0.0038212816984787104,0.7644787644787645,0.7955390334572491,0.07503403518001789,0.03106026897848459,0.3713592233009708,0.3502415458937198,0.6732057024881694,higher in IS-late,83
bars_since_choch,bars_since_choch,0.003788809857535447,3.8859223300970873,3.657004830917874,-0.041158433747112276,0.04553022841330144,0.0,0.0,-0.09909554708221091,lower in IS-late,84
swing_near_dist_dir_atr,swing_near_dist_dir_atr,0.003597527031466298,-1.072471359223301,-1.1361376811594204,-0.04526621486546773,0.06357581726935885,0.0,0.0,0.3663064464142484,lower in IS-late,85
today_pts_asof,today_pts_asof,0.003329612910431668,-21.962985436893202,-27.51038647342995,-0.14536716485108747,0.08843393837062051,0.0,0.0,-0.5193174535868977,lower in IS-late,86
touch_room_n,touch_room_n,0.0028138305528106087,0.7063106796116505,0.782608695652174,0.07725172101866377,0.028704094554664415,0.0,0.0,0.5451385260219979,higher in IS-late,87
hv3_bars_since,hv3_bars_since,0.0023238226829639078,9.255952380952381,8.471264367816092,-0.07680498729018749,0.07060755336617405,0.5922330097087378,0.5797101449275363,-0.33994478762893654,lower in IS-late,88
n_choch_3h,n_choch_3h,0.002206818032557333,2.4514563106796117,2.5652173913043477,0.08500430849589294,0.05219032878382815,0.0,0.0,-0.5943647049220957,higher in IS-late,89
fz_take_why=nan,fz_take_why,0.0021122034135579583,0.720873786407767,0.7318840579710145,0.024698737436297268,0.011010271563247503,0.0,0.0,0.7867783671633982,higher in IS-late,90
fz_gate=BLOCK,fz_gate,0.0020518835592253887,0.24029126213592233,0.2753623188405797,0.08023824493049489,0.03507105670465738,0.0,0.0,0.7763503743496494,higher in IS-late,91
n_choch_since_bos_today,n_choch_since_bos_today,0.0020423670838420494,1.116504854368932,1.2463768115942029,0.10554826875011003,0.0336639932460954,0.0,0.0,0.4246199204123409,higher in IS-late,92
last_bos_dir=down,last_bos_dir,0.0017081662182048152,0.46601941747572817,0.463768115942029,-0.0045137542116398055,0.0022513015336991698,0.0,0.0,0.608928500299813,lower in IS-late,93
fz_level_in_band,fz_level_in_band,0.001622050851803641,0.4392156862745098,0.40336134453781514,-0.07266199632818104,0.035854341736694675,0.3810679611650486,0.4251207729468599,-0.7351135350467024,lower in IS-late,94
hv3_high_held,hv3_high_held,0.0014471192511997277,0.2916666666666667,0.25,-0.09386465089278645,0.041666666666666664,0.7087378640776699,0.7294685990338164,-0.6678093020968188,lower in IS-late,95
room_edge_kind=lo,room_edge_kind,0.001431749265714064,0.5242718446601942,0.49033816425120774,-0.06791372596402372,0.03393368040898644,0.0,0.0,-0.6945335102947368,lower in IS-late,96
touch_swing_last=pending,touch_swing_last,0.0011491092664991944,0.21601941747572814,0.27053140096618356,0.12730691869773583,0.05451198349045542,0.0,0.0,0.6260970661915406,higher in IS-late,97
hour_bin=>=15:20,hour_bin,0.0,0.007281553398058253,0.004830917874396135,-0.031590071111326376,0.002450635523662117,0.0,0.0,,lower in IS-late,98
n_flip_since_bos,n_flip_since_bos,0.0,1.2305825242718447,1.4251207729468598,0.13726600894414892,0.05290558604193049,0.0,0.0,,higher in IS-late,99
choch_flip,choch_flip,0.0,1.0,1.0,,0.0,0.0,0.0,,lower in IS-late,100
choch_trend_before,choch_trend_before,0.0,-0.019417475728155338,-0.043478260869565216,-0.02407443559034114,0.012030392570704939,0.0,0.0,,lower in IS-late,101
dir=up,dir,0.0,0.5097087378640777,0.5217391304347826,0.024074435590341118,0.012030392570704939,0.0,0.0,,higher in IS-late,102
hour_bin=15,hour_bin,0.0,0.06067961165048544,0.04830917874396135,-0.054517786758969386,0.012370432906524084,0.0,0.0,,lower in IS-late,103
hour_bin=14,hour_bin,0.0,0.1650485436893204,0.15458937198067632,-0.028545715841831208,0.01045917170864406,0.0,0.0,,lower in IS-late,104
hour_bin=<09:25,hour_bin,0.0,0.06553398058252427,0.05555555555555555,-0.04184857707736782,0.009978425026968716,0.0,0.0,,lower in IS-late,105
hour_bin=09,hour_bin,0.0,0.10679611650485436,0.12560386473429952,0.058714291012895124,0.01880774822944515,0.0,0.0,,higher in IS-late,106
swing_near_kind=L,swing_near_kind,0.0,0.49029126213592233,0.4758454106280193,-0.028911302958796382,0.014445851507903007,0.0,0.0,,lower in IS-late,107
swing_near_kind=H,swing_near_kind,0.0,0.5097087378640777,0.5241545893719807,0.028911302958796382,0.014445851507903007,0.0,0.0,,higher in IS-late,108
hv3_low_held,hv3_low_held,0.0,0.25833333333333336,0.4017857142857143,0.3086778226518521,0.14345238095238094,0.7087378640776699,0.7294685990338164,,higher in IS-late,109
hv3_dir_agree,hv3_dir_agree,0.0,0.6904761904761905,0.6781609195402298,-0.026498933873646383,0.012315270935960592,0.5922330097087378,0.5797101449275363,,lower in IS-late,110
hv3_dir=down,hv3_dir,0.0,0.22572815533980584,0.2222222222222222,-0.00840949093706756,0.003505933117583603,0.0,0.0,,lower in IS-late,111
hv2_high_held,hv2_high_held,0.0,0.3092105263157895,0.3157894736842105,0.014194038761942963,0.006578947368421052,0.6310679611650485,0.678743961352657,,higher in IS-late,112
hv3_dir=up,hv3_dir,0.0,0.1820388349514563,0.19806763285024154,0.040862573030076614,0.016028797898785235,0.0,0.0,,higher in IS-late,113
hv3_dir=none,hv3_dir,0.0,0.5922330097087378,0.5797101449275363,-0.025426432584752065,0.012522864781201633,0.0,0.0,,lower in IS-late,114
n_choch_1h,n_choch_1h,0.0,1.3495145631067962,1.3623188405797102,0.018603878838533136,0.011784156465456592,0.0,0.0,,higher in IS-late,115
n_bos_1h,n_bos_1h,0.0,0.720873786407767,0.644927536231884,-0.10917088844783865,0.04146146991229305,0.0,0.0,,lower in IS-late,116
vol_na,vol_na,0.0,0.0,0.0,,0.0,0.0,0.0,,lower in IS-late,117
hv2_dir=down,hv2_dir,0.0,0.32281553398058255,0.3526570048309179,0.06312946832991875,0.02984147085033535,0.0,0.0,,higher in IS-late,118
hv2_dir=flat,hv2_dir,0.0,0.0048543689320388345,0.004830917874396135,-0.0003378121894370809,2.3451057642699685e-05,0.0,0.0,,lower in IS-late,119
hv2_dir=none,hv2_dir,0.0,0.3713592233009709,0.3502415458937198,-0.04398447399297283,0.021117677407251068,0.0,0.0,,lower in IS-late,120
hv2_dir=up,hv2_dir,0.0,0.30097087378640774,0.2922705314009662,-0.019048488505298715,0.008700342385441583,0.0,0.0,,lower in IS-late,121
hv2_low_held,hv2_low_held,0.0,0.28289473684210525,0.3684210526315789,0.18327136471179303,0.08552631578947369,0.6310679611650485,0.678743961352657,,higher in IS-late,122
last_bos_dir=up,last_bos_dir,0.0,0.5339805825242718,0.5362318840579711,0.004513754211639916,0.0022513015336991698,0.0,0.0,,higher in IS-late,123
n_bos_since_choch,n_bos_since_choch,0.0,0.3567961165048544,0.3140096618357488,-0.07100934517408945,0.014703813141972702,0.0,0.0,,lower in IS-late,124
last_choch_dir=down,last_choch_dir,0.0,0.4830097087378641,0.4782608695652174,-0.009504916812489217,0.004748839172646686,0.0,0.0,,lower in IS-late,125
last_choch_dir=up,last_choch_dir,0.0,0.5169902912621359,0.5217391304347826,0.009504916812489217,0.004748839172646686,0.0,0.0,,higher in IS-late,126
choch_run,choch_run,0.0,1.2305825242718447,1.4251207729468598,0.13726600894414892,0.05290558604193049,0.0,0.0,,higher in IS-late,127
hour_bin=11,hour_bin,0.0,0.13106796116504854,0.1111111111111111,-0.061202564304364326,0.019956850053937433,0.0,0.0,,lower in IS-late,128
hour,hour,0.0,11.827669902912621,11.63768115942029,-0.10025343896999662,0.05895595891374701,0.0,0.0,,lower in IS-late,129
hour_bin=12,hour_bin,0.0,0.15048543689320387,0.15458937198067632,0.011414558293628231,0.004103935087472445,0.0,0.0,,higher in IS-late,130
choch_same_session,choch_same_session,0.0,0.9660194174757282,0.9710144927536232,0.028608460345766046,0.004995075277895033,0.0,0.0,,higher in IS-late,131
dir_sign,dir_sign,0.0,0.019417475728155338,0.043478260869565216,0.02407443559034114,0.012030392570704939,0.0,0.0,,higher in IS-late,132
dir=down,dir,0.0,0.49029126213592233,0.4782608695652174,-0.024074435590341118,0.012030392570704939,0.0,0.0,,lower in IS-late,133
touch_swing_last=held,touch_swing_last,0.0,0.1966019417475728,0.21256038647342995,0.03956806222015358,0.015958444725857137,0.0,0.0,,higher in IS-late,134
touch_room_last=held,touch_room_last,0.0,0.07281553398058252,0.0748792270531401,0.007891138386241031,0.0020636930725575725,0.0,0.0,,higher in IS-late,135
touch_room_bars_ago,touch_room_bars_ago,0.0,2.7252747252747254,2.7853403141361257,0.019139617384637053,0.05621080490190438,0.558252427184466,0.538647342995169,,higher in IS-late,136
touch_room_last=none,touch_room_last,0.0,0.558252427184466,0.538647342995169,-0.03940320318586804,0.019605084189296938,0.0,0.0,,lower in IS-late,137
touch_room_last=pending,touch_room_last,0.0,0.20388349514563106,0.19082125603864733,-0.03282407298157744,0.013062239106983725,0.0,0.0,,lower in IS-late,138
card_vol_na,card_vol_na,0.0,0.0,0.0,,0.0,0.0,0.0,,lower in IS-late,139
card_this_bars,card_this_bars,0.0,2.56078431372549,2.53781512605042,-0.008330517926495907,0.10392156862745099,0.3810679611650486,0.4251207729468599,,lower in IS-late,140
last_closed_reason_asof=next_choch,last_closed_reason_asof,0.0,0.20388349514563106,0.19806763285024154,-0.01451355794543038,0.005815862295389522,0.0,0.0,,lower in IS-late,141
card_first_vol_na,card_first_vol_na,0.0,0.0,0.0,,0.0,0.3810679611650486,0.4251207729468599,,lower in IS-late,142
card_read=LEAVE,card_read,0.0,0.5631067961165048,0.5652173913043478,0.0042563906070983894,0.002110595187842972,0.0,0.0,,higher in IS-late,143
card_read=ACCEPTED,card_read,0.0,0.0048543689320388345,0.004830917874396135,-0.0003378121894370809,2.3451057642699685e-05,0.0,0.0,,lower in IS-late,144
card_read=FIRST_PRINT,card_read,0.0,0.009708737864077669,0.007246376811594203,-0.02685989142984349,0.002462361052483467,0.0,0.0,,lower in IS-late,145
card_read=HUNT,card_read,0.0,0.0024271844660194173,0.00966183574879227,0.09343875235693244,0.007234651282772853,0.0,0.0,,higher in IS-late,146
card_read=REJECT,card_read,0.0,0.007281553398058253,0.00966183574879227,0.025973315600292198,0.0023802823507340183,0.0,0.0,,higher in IS-late,147
card_read=THIN,card_read,0.0,0.06310679611650485,0.05314009661835749,-0.04260663329781631,0.009966699498147366,0.0,0.0,,lower in IS-late,148
card_out_run,card_out_run,0.0,0.5372549019607843,0.5378151260504201,0.0011236189116338093,0.0005602240896358543,0.3810679611650486,0.4251207729468599,,higher in IS-late,149
card_out_side=down,card_out_side,0.0,0.16990291262135923,0.1570048309178744,-0.03488579535176799,0.012898081703484826,0.0,0.0,,lower in IS-late,150
card_out_side=nan,card_out_side,0.0,0.6674757281553398,0.6908212560386473,0.05002707456464843,0.023345527883307536,0.0,0.0,,higher in IS-late,151
card_read=NEW,card_read,0.0,0.09223300970873786,0.1111111111111111,0.06249596459685601,0.018878101402373247,0.0,0.0,,higher in IS-late,152
card_read=PENDING,card_read,0.0,0.24757281553398058,0.2222222222222222,-0.05982508385554621,0.02535059331175836,0.0,0.0,,lower in IS-late,153
card_read=RECYCLE,card_read,0.0,0.009708737864077669,0.016908212560386472,0.06285796962804084,0.007199474696308803,0.0,0.0,,higher in IS-late,154
card_last_hunt_dir=down,card_last_hunt_dir,0.0,0.05825242718446602,0.05314009661835749,-0.02229343693677089,0.005112330566108532,0.0,0.0,,lower in IS-late,155
card_wick_depth,card_wick_depth,0.0,9.491949152542373,12.679090909090908,0.28108608047395023,0.2041602465331279,0.7135922330097088,0.7342995169082125,,higher in IS-late,156
card_out_side=up,card_out_side,0.0,0.16262135922330098,0.15217391304347827,-0.02869091413501824,0.01044744617982271,0.0,0.0,,lower in IS-late,157
card_last_hunt_dir=nan,card_last_hunt_dir,0.0,0.9053398058252428,0.9057971014492754,0.001563788391896364,0.0004572956240326439,0.0,0.0,,higher in IS-late,158
card_last_reject_dir=nan,card_last_reject_dir,0.0,0.6067961165048543,0.6207729468599034,0.028709830859713535,0.013976830355049012,0.0,0.0,,higher in IS-late,159
touch_room_last=broke,touch_room_last,0.0,0.1650485436893204,0.1956521739130435,0.07966077667365554,0.03060363022372309,0.0,0.0,,higher in IS-late,160
touch_prot_last=pending,touch_prot_last,0.0,0.1796116504854369,0.15217391304347827,-0.07381067304665882,0.027437737441958633,0.0,0.0,,lower in IS-late,161
today_n_closed_asof,today_n_closed_asof,0.0,0.779126213592233,0.8405797101449275,0.06282753774059815,0.028715820083485766,0.0,0.0,,higher in IS-late,162
today_n_setups_before,today_n_setups_before,0.0,0.779126213592233,0.8405797101449275,0.06282753774059815,0.028715820083485766,0.0,0.0,,higher in IS-late,163
today_n_stops_asof,today_n_stops_asof,0.0,0.46359223300970875,0.5217391304347826,0.0784595373471247,0.033382580554383,0.0,0.0,,higher in IS-late,164
touch_swing_last=none,touch_swing_last,0.0,0.0,0.01932367149758454,0.19851666679418606,0.01932367149758454,0.0,0.0,,higher in IS-late,165
last_closed_reason_asof=nan,last_closed_reason_asof,0.0,0.4975728155339806,0.49033816425120774,-0.01447073874612997,0.007234651282772853,0.0,0.0,,lower in IS-late,166
last_closed_reason_asof=stop_loss,last_closed_reason_asof,0.0,0.29854368932038833,0.3115942028985507,0.028346625048751344,0.013050513578162375,0.0,0.0,,higher in IS-late,167
touch_prot_last=none,touch_prot_last,0.0,0.08495145631067962,0.07729468599033816,-0.028047067135408423,0.007656770320341447,0.0,0.0,,lower in IS-late,168
touch_prot_last=na,touch_prot_last,0.0,0.024271844660194174,0.012077294685990338,-0.09138384942016456,0.012194549974203836,0.0,0.0,,lower in IS-late,169
touch_prot_last=broke,touch_prot_last,0.0,0.0048543689320388345,0.0024154589371980675,-0.04053485612083215,0.0024389099948407674,0.0,0.0,,lower in IS-late,170
card_first_clock_lived,card_first_clock_lived,0.0,1.0,1.0,,,0.9902912621359223,0.9927536231884058,,lower in IS-late,171
card_leave_kind=nan,card_leave_kind,0.0,0.4368932038834951,0.43478260869565216,-0.0042563906070983894,0.002110595187842972,0.0,0.0,,lower in IS-late,172
card_leave_kind=gap,card_leave_kind,0.0,0.055825242718446605,0.06280193236714976,0.029539098402267632,0.006976689648703157,0.0,0.0,,higher in IS-late,173
card_leave_side=up,card_leave_side,0.0,0.2815533980582524,0.30917874396135264,0.060582166199526256,0.02762534590310023,0.0,0.0,,higher in IS-late,174
card_leave_side=down,card_leave_side,0.0,0.2815533980582524,0.2560386473429952,-0.05757587185602757,0.02551475071525726,0.0,0.0,,lower in IS-late,175
card_leave_side=nan,card_leave_side,0.0,0.4368932038834951,0.43478260869565216,-0.0042563906070983894,0.002110595187842972,0.0,0.0,,lower in IS-late,176
card_cluster_sit,card_cluster_sit,0.0,0.220873786407767,0.18840579710144928,-0.08054346492661846,0.03246798930631772,0.0,0.0,,lower in IS-late,177
card_last_leave_failed,card_last_leave_failed,0.0,0.13725490196078433,0.13445378151260504,-0.008175327791229684,0.0028011204481792717,0.3810679611650486,0.4251207729468599,,lower in IS-late,178
card_last_hunt_dir=up,card_last_hunt_dir,0.0,0.03640776699029126,0.04106280193236715,0.02412568566542381,0.0046550349420758875,0.0,0.0,,higher in IS-late,179
card_last_reject_dir=down,card_last_reject_dir,0.0,0.1796116504854369,0.17149758454106281,-0.02132927802395145,0.008114065944374091,0.0,0.0,,lower in IS-late,180
card_last_reject_dir=up,card_last_reject_dir,0.0,0.21359223300970873,0.20772946859903382,-0.01437771683696372,0.0058627644106749215,0.0,0.0,,lower in IS-late,181
card_touches,card_touches,0.0,0.0,0.0,,0.0,0.3810679611650486,0.4251207729468599,,lower in IS-late,182
fz_this_bars,fz_this_bars,0.0,2.56078431372549,2.53781512605042,-0.008330517926495907,0.10392156862745099,0.3810679611650486,0.4251207729468599,,lower in IS-late,183
fz_first_bars,fz_first_bars,0.0,5.4,6.449579831932773,0.33288159255167743,0.10532212885154062,0.3810679611650486,0.4251207729468599,,higher in IS-late,184
fz_zone_kind=nan,fz_zone_kind,0.0,0.38106796116504854,0.4251207729468599,0.08989917912710604,0.04405281178181136,0.0,0.0,,higher in IS-late,185
fz_zone_kind=B,fz_zone_kind,0.0,0.6189320388349514,0.5748792270531401,-0.08989917912710593,0.04405281178181136,0.0,0.0,,lower in IS-late,186
fz_read=REJECT,fz_read,0.0,0.007281553398058253,0.00966183574879227,0.025973315600292198,0.0023802823507340183,0.0,0.0,,higher in IS-late,187
fz_read=RECYCLE,fz_read,0.0,0.009708737864077669,0.016908212560386472,0.06285796962804084,0.007199474696308803,0.0,0.0,,higher in IS-late,188
fz_read=THIN,fz_read,0.0,0.06310679611650485,0.05314009661835749,-0.04260663329781631,0.009966699498147366,0.0,0.0,,lower in IS-late,189
fz_gate=REENTER,fz_gate,0.0,0.0024271844660194173,0.0,-0.06975801064151559,0.0024271844660194173,0.0,0.0,,lower in IS-late,190
fz_gate=TAKE,fz_gate,0.0,0.26941747572815533,0.2826086956521739,0.029512231139662136,0.013191219924018574,0.0,0.0,,higher in IS-late,191
fz_gate=WATCH,fz_gate,0.0,0.4878640776699029,0.4420289855072464,-0.09199345794333186,0.045835092162656535,0.0,0.0,,lower in IS-late,192
fz_block_reason=clock,fz_block_reason,0.0,0.007281553398058253,0.004830917874396135,-0.031590071111326376,0.002450635523662117,0.0,0.0,,lower in IS-late,193
fz_visit_n,fz_visit_n,0.0,4.317647058823529,3.96218487394958,-0.10652434867420894,0.0700280112044818,0.3810679611650486,0.4251207729468599,,lower in IS-late,194
fz_read=ACCEPTED,fz_read,0.0,0.0048543689320388345,0.004830917874396135,-0.0003378121894370809,2.3451057642699685e-05,0.0,0.0,,lower in IS-late,195
fz_read=FIRST_PRINT,fz_read,0.0,0.009708737864077669,0.007246376811594203,-0.02685989142984349,0.002462361052483467,0.0,0.0,,lower in IS-late,196
fz_read=HUNT,fz_read,0.0,0.0024271844660194173,0.00966183574879227,0.09343875235693244,0.007234651282772853,0.0,0.0,,higher in IS-late,197
fz_read=LEAVE,fz_read,0.0,0.5631067961165048,0.5652173913043478,0.0042563906070983894,0.002110595187842972,0.0,0.0,,higher in IS-late,198
fz_read=NEW,fz_read,0.0,0.09223300970873786,0.1111111111111111,0.06249596459685601,0.018878101402373247,0.0,0.0,,higher in IS-late,199
fz_read=PENDING,fz_read,0.0,0.24757281553398058,0.2222222222222222,-0.05982508385554621,0.02535059331175836,0.0,0.0,,lower in IS-late,200
fz_vol_na,fz_vol_na,0.0,0.0,0.0,,0.0,0.0,0.0,,lower in IS-late,201
fz_first_vol_na,fz_first_vol_na,0.0,0.0,0.0,,0.0,0.3810679611650486,0.4251207729468599,,lower in IS-late,202
fz_branch=watch,fz_branch,0.0,0.0024271844660194173,0.0,-0.06975801064151559,0.0024271844660194173,0.0,0.0,,lower in IS-late,203
fz_branch=nan,fz_branch,0.0,0.7281553398058253,0.717391304347826,-0.02404849738672606,0.010764035457999156,0.0,0.0,,lower in IS-late,204
fz_branch=leave,fz_branch,0.0,0.25970873786407767,0.2753623188405797,0.0353669479070686,0.01565358097650204,0.0,0.0,,higher in IS-late,205
fz_branch=first_print,fz_branch,0.0,0.009708737864077669,0.007246376811594203,-0.02685989142984349,0.002462361052483467,0.0,0.0,,lower in IS-late,206
fz_block_reason=open_pierce,fz_block_reason,0.0,0.0412621359223301,0.033816425120772944,-0.03917914904988615,0.00744571080155715,0.0,0.0,,lower in IS-late,207
fz_block_reason=new,fz_block_reason,0.0,0.17718446601941748,0.20772946859903382,0.07753836657839895,0.03054500257961634,0.0,0.0,,higher in IS-late,208
fz_block_reason=nan,fz_block_reason,0.0,0.6262135922330098,0.6207729468599034,-0.01122936006492451,0.005440645373106327,0.0,0.0,,lower in IS-late,209
fz_block_reason=leave_into_recycle,fz_block_reason,0.0,0.13349514563106796,0.10386473429951691,-0.09171457359186283,0.029630411331551053,0.0,0.0,,lower in IS-late,210
fz_block_reason=hunt_fade,fz_block_reason,0.0,0.014563106796116505,0.028985507246376812,0.09894107593213247,0.014422400450260307,0.0,0.0,,higher in IS-late,211
fz_take_why=accepted_no_defend,fz_take_why,0.0,0.0,0.004830917874396135,0.09853292781642929,0.004830917874396135,0.0,0.0,,higher in IS-late,212
fz_take_why=leave_gap_quiet,fz_take_why,0.0,0.014563106796116505,0.014492753623188406,-0.0005879761026132352,7.035317292809905e-05,0.0,0.0,,lower in IS-late,213
fz_take_why=defend_wrong_half,fz_take_why,0.0,0.0024271844660194173,0.0,-0.06975801064151559,0.0024271844660194173,0.0,0.0,,lower in IS-late,214
fz_take_why=leave_into_recycle,fz_take_why,0.0,0.13349514563106796,0.10386473429951691,-0.09171457359186283,0.029630411331551053,0.0,0.0,,lower in IS-late,215
fz_take_why=leave_vol_fail,fz_take_why,0.0,0.12864077669902912,0.14492753623188406,0.04741099571072283,0.01628675953285493,0.0,0.0,,higher in IS-late,216
fz_entered_visit_n,fz_entered_visit_n,0.0,4.850574712643678,4.223684210526316,-0.18985664954842216,0.08182093163944344,0.7888349514563107,0.8164251207729468,,lower in IS-late,217
fz_entered_read=ACCEPTED,fz_entered_read,0.0,0.012135922330097087,0.007246376811594203,-0.04992646198201749,0.004889545518502884,0.0,0.0,,lower in IS-late,218
fz_leave_kind=nan,fz_leave_kind,0.0,0.4368932038834951,0.43478260869565216,-0.0042563906070983894,0.002110595187842972,0.0,0.0,,lower in IS-late,219
fz_leave_kind=gap,fz_leave_kind,0.0,0.055825242718446605,0.06280193236714976,0.029539098402267632,0.006976689648703157,0.0,0.0,,higher in IS-late,220
fz_leave_vol_ok,fz_leave_vol_ok,0.0,0.771551724137931,0.7393162393162394,-0.07504874545573004,0.032235484821691716,0.4368932038834952,0.4347826086956522,,lower in IS-late,221
fz_entered_read=nan,fz_entered_read,0.0,0.7888349514563107,0.8164251207729468,0.06936128768414349,0.02759016931663618,0.0,0.0,,higher in IS-late,222
fz_entered_read=THIN,fz_entered_read,0.0,0.13349514563106796,0.11352657004830918,-0.06071853666676788,0.01996857558275878,0.0,0.0,,lower in IS-late,223
fz_entered_read=REJECT,fz_entered_read,0.0,0.021844660194174758,0.01932367149758454,-0.01775570070578749,0.002520988696590216,0.0,0.0,,lower in IS-late,224
fz_entered_read=RECYCLE,fz_entered_read,0.0,0.03640776699029126,0.033816425120772944,-0.014078898029271689,0.0025913418695183155,0.0,0.0,,lower in IS-late,225
fz_entered_read=FIRST_PRINT,fz_entered_read,0.0,0.007281553398058253,0.00966183574879227,0.025973315600292198,0.0023802823507340183,0.0,0.0,,higher in IS-late,226
fz_leave_kind=normal,fz_leave_kind,0.0,0.5072815533980582,0.5024154589371981,-0.009732761764766232,0.004866094460860185,0.0,0.0,,lower in IS-late,227
fz_watch_kind=WATCH,fz_watch_kind,0.0,0.2669902912621359,0.24879227053140096,-0.0416069629769314,0.018198020730734957,0.0,0.0,,lower in IS-late,228
fz_watch_kind=WATCH_EDGE,fz_watch_kind,0.0,0.220873786407767,0.1932367149758454,-0.06824646032213279,0.02763707143192158,0.0,0.0,,lower in IS-late,229
fz_watch_kind=nan,fz_watch_kind,0.0,0.5121359223300971,0.5579710144927537,0.09199345794333198,0.045835092162656535,0.0,0.0,,higher in IS-late,230
card_bars_since_hunt,card_bars_since_hunt,0.0,70.43589743589743,53.15384615384615,-0.2298469393897722,0.15384615384615385,0.9053398058252428,0.9057971014492754,,lower in IS-late,231
card_hunt_dir_agree,card_hunt_dir_agree,0.0,0.46153846153846156,0.5897435897435898,0.25889018653924883,0.1282051282051282,0.9053398058252428,0.9057971014492754,,higher in IS-late,232
card_in_room,card_in_room,0.0,0.3762135922330097,0.33816425120772947,-0.07946923699207364,0.038049341025280244,0.0,0.0,,lower in IS-late,233
card_ref_room_live,card_ref_room_live,0.0,0.6189320388349514,0.5748792270531401,-0.08989917912710593,0.04405281178181136,0.0,0.0,,lower in IS-late,234
