feature,mdi_mean,mdi_std,cluster,tier,coverage_is,readme,definition
atr_bps,0.10414065822831392,0.02526567015471303,4,1,1.0,data/README.md,ATR14; `1e4 x atr14 / close`
atr14,0.04741492215040268,0.022520642641720146,4,2,1.0,data/README.md,ATR14; `1e4 x atr14 / close`
nn_dist_prefix_short,0.03903584895036615,0.014613876743803107,2,1,0.9993,features_ext/README.md,"causal novelty (matrix-profile discord applied online): the minimum of the z-normalised Euclidean distance profile (stumpy.mass) of the m-bar close window close_{k-m+1..k} against every m-bar subsequence of close_{0..k-m-1} (the tape strictly before k-m); m = 30 / 60 (1m), 12 / 24 (5m) for short / long; NaN when the prefix holds no m-bar subsequence or the window is constant"
sl_dist_pts,0.038040613854500575,0.027838185130204227,0,2,1.0,data/README.md,the Foundation stop at the SETUP close and its distance (`sg x (close - sl)`)
bocpd_ret_h60_p10,0.03712370739560488,0.0239709286214663,0,1,1.0,features_ext/README.md,P(run length < 10 | observations <= k)
hv2_ratio,0.025316557294603453,0.012596199647947549,0,1,0.9095,data/README.md,"the latest bar of this session with `vol_ratio20 >= 2` / `>= 3`: bars ago, its direction (`up` / `down` / `flat` / `none`), agreement with `dir`, its ratio, whether its low / high held over `j+1 .. k` (None when `j = k`)"
session_bar,0.02447943921201438,0.013014982246072459,1,0,1.0,data/README.md,the SETUP bar and its clock (bar open time; `dow` 0 = Monday)
range_1h_atr,0.024446097349019712,0.00967874819114234,4,1,1.0,data/README.md,max high - min low over the last 1h / 3h of bars of this session ending at `k`
bocpd_ret_h240_map,0.02363385736632612,0.006407222081916479,1,0,1.0,features_ext/README.md,"Bayesian online change-point detection (Adams & MacKay 2007) with a normal-inverse-gamma prior (Student-t predictive) on the standardised series (ret = gap-free log return; rng = log(max(high-low, 0.05))), constant hazard 1/60 or 1/240, run length truncated at 400 (mass beyond 400 folded into the last bin): the MAP run length at k"
choch_bar_range_atr,0.021325979636702585,0.010970780965265175,0,1,1.0,data/README.md,swings confirmed in the last hour; the CHoCH candle's range / a; `sg x (close - close[choch_i])`
move_since_choch_pts,0.0206593563178316,0.016043595270445726,0,2,1.0,data/README.md,swings confirmed in the last hour; the CHoCH candle's range / a; `sg x (close - close[choch_i])`
last_closed_net_asof,0.019124239027460785,0.010889919296044432,1,2,0.8702,data/README.md,earlier SETUPs today; the latest closed trade
bocpd_ret_h240_p10,0.017506919363921975,0.007679237325376202,0,1,1.0,features_ext/README.md,P(run length < 10 | observations <= k)
n_swings_1h,0.016384907616949534,0.00706280063626106,3,0,1.0,data/README.md,swings confirmed in the last hour; the CHoCH candle's range / a; `sg x (close - close[choch_i])`
bsadf_close_win,0.016145881650182995,0.007335742843941717,2,0,0.9993,features_ext/README.md,the window length (bars) at which bsadf_close attains its maximum
win_range_slope,0.014669467692808136,0.003803070236792973,1,1,0.9816,features_ext/README.md,OLS slope of (high-low)/atr14_k against the bar index over the same window (ATR per bar; NaN with fewer than 3 bars)
bocpd_rng_h60_map,0.013649742969844178,0.0058674876819339505,1,0,1.0,features_ext/README.md,"Bayesian online change-point detection (Adams & MacKay 2007) with a normal-inverse-gamma prior (Student-t predictive) on the standardised series (ret = gap-free log return; rng = log(max(high-low, 0.05))), constant hazard 1/60 or 1/240, run length truncated at 400 (mass beyond 400 folded into the last bin): the MAP run length at k"
rv_body_frac,0.012034451560559425,0.003907307683974988,0,1,1.0,features_ext/README.md," | close - open | / (high - low) at k, 0 when high = low (input 3)"
ffd_vol_dstar,0.011900428596703275,0.0045355393366721475,0,2,0.9964,features_ext/README.md,"the same FFD on log(max(volume, 1))"
bars_since_bos,0.011855432850524155,0.007161320512646827,2,0,0.9996,data/README.md,the last BOS (NaN / `none` before the first)
jump4_run,0.011241477078022782,0.004605929633248639,10,0,1.0,features_ext/README.md,consecutive bars ending at k with the same online state
vol_max_ratio20_choch_to_k,0.011237823506660666,0.004493882430770831,0,1,0.9769,data/README.md,`vol_ratio20` at the CHoCH bar; its max over `choch_i .. k`
sess_vol_vs_prev_sess,0.010949080951502183,0.002146446995705591,4,1,0.9966,data/README.md,session volume up to `k` / the previous session's over the same bar count
dist_prot_dir_atr,0.010943680940931684,0.005580879379477133,0,1,0.9719,data/README.md,the engine's protected level at `k`; `sg x (close - prot) / a` (positive = the level is behind the entry)
vol_ratio20_at_choch,0.010699732376283936,0.004369259725620494,0,1,0.9598,data/README.md,`vol_ratio20` at the CHoCH bar; its max over `choch_i .. k`
hmm4_p0,0.010436456934920778,0.005723506154879841,3,1,1.0,features_ext/README.md,"hmmlearn GaussianHMM(K, diagonal covariance, seed 0, <= 200 EM iterations) FORWARD-filtered posterior P(s_k = j | x_{<= k}) (own numba filter from the fitted start / transition / emission parameters, validated against hmmlearn on a 600-bar prefix; the smoothed posterior is never computed); states relabelled as the GMM's"
n_events_today,0.010423985460393656,0.0074507972857085535,1,0,1.0,data/README.md,this session's events up to `k`
bocpd_ret_h60_map,0.010320980560886886,0.004420620158614661,1,0,1.0,features_ext/README.md,"Bayesian online change-point detection (Adams & MacKay 2007) with a normal-inverse-gamma prior (Student-t predictive) on the standardised series (ret = gap-free log return; rng = log(max(high-low, 0.05))), constant hazard 1/60 or 1/240, run length truncated at 400 (mass beyond 400 folded into the last bin): the MAP run length at k"
range_since_choch_atr,0.010124642599819994,0.00370442651151319,0,1,1.0,data/README.md,the same over bars `choch_i .. k`
p1_dist_prefix_short,0.01000563790996147,0.0025969737197776687,2,1,0.9993,features_ext/README.md,the 1st percentile of the same distance profile
room_ahead_dist_atr,0.008468518233838986,0.0033259398221659746,7,1,0.9146,data/README.md,"ST7/ST8 rooms alive at `k` (`birth_bar <= k < retired_bar`): the nearest edge (signed by `dir`: positive = ahead), the nearest edge strictly ahead / behind"
csw_max_abs,0.008396725918374778,0.0017867267309559078,0,1,0.9816,features_ext/README.md,"Chu-Stinchcombe-White (AFML 17.4.1) on the session's log-close levels: max over n in [s0, k-1] of | S_{n,k} | , S_{n,k} = (y_k - y_n) / (sigma_k sqrt(k-n)), sigma_k^2 = mean squared level change over the session's bars s0+1..k; NaN when the SETUP is in the session's first two bars"
sess_cumvol_ratio20s,0.007713508995768931,0.0034434049390086375,4,1,0.9915,data/README.md,cumulative session volume at `k` / the median of the same at this `session_bar` over the previous 20 sessions (at least 5)
bsadf_close,0.0074922327137183576,0.0033354522296427636,0,1,0.9993,features_ext/README.md,"backward SADF (Phillips, Shi & Yu 2015): max over start bars s in [k-W+1, k-m+1] of the ADF t-statistic (constant, y_{t-1}, 2 lags of dy) of log close over bars s..k; W = 375 / 75 bars, m = 60 / 15 (1m / 5m); the window is demeaned by its first value (the intercept absorbs it)"
bocpd_rng_h60_p10,0.007469334827088167,0.002468362169668536,0,1,1.0,features_ext/README.md,P(run length < 10 | observations <= k)
rv_ev36,0.007329856187304859,0.004705421169424233,3,0,1.0,features_ext/README.md,"BOS + CHoCH events at bars in [max(k-35, s0), k] (input 5; same-session window)"
bocpd_rng_h240_p10,0.006783531960562756,0.0026248378128003727,0,1,1.0,features_ext/README.md,P(run length < 10 | observations <= k)
vol_max_ratio20_15,0.006486299431616362,0.0036050503207890497,0,1,0.9695,data/README.md,max `vol_ratio20` over the last 5 / 15 bars of the session
vol_max_ratio20_5,0.006432194232571973,0.0020438029635167893,0,1,0.9695,data/README.md,max `vol_ratio20` over the last 5 / 15 bars of the session
bocpd_rng_h60_since_reset,0.0063815699089936504,0.0034622805670927147,1,0,0.9998,features_ext/README.md,bars since the last bar at which the MAP run length fell (a declared change point); NaN before the first
gmm3_p0,0.006379721943748967,0.002858104458299602,2,1,1.0,features_ext/README.md,"sklearn GaussianMixture(K, full covariance, 3 inits, seed 0) posterior P(component j | x_k) over the 8 z-scored inputs; components relabelled by ascending mean (high-low)/atr14 (state 0 = quietest)"
hv3_ratio,0.006116317183294188,0.0022781005008279255,0,1,0.8452,data/README.md,"the latest bar of this session with `vol_ratio20 >= 2` / `>= 3`: bars ago, its direction (`up` / `down` / `flat` / `none`), agreement with `dir`, its ratio, whether its low / high held over `j+1 .. k` (None when `j = k`)"
room_behind_dist_atr,0.005886673485914231,0.0011781533250068731,9,1,0.9885,data/README.md,"ST7/ST8 rooms alive at `k` (`birth_bar <= k < retired_bar`): the nearest edge (signed by `dir`: positive = ahead), the nearest edge strictly ahead / behind"
touch_room_bars_ago,0.005777245114588508,0.003376575154163978,11,0,0.8336,data/README.md,"touch episodes of that level in the last hour before `k` (a bar touches when `low <= L <= high`); the last episode's verdict within 15 minutes after it, never past `k`: `broke` (a close beyond by > 0.5 x atr14 on the far side), `held`, `pending` (window still open at `k`), `none`, `na`"
bocpd_rng_h240_since_reset,0.005574148247062837,0.0030669062818993002,1,0,0.9998,features_ext/README.md,bars since the last bar at which the MAP run length fell (a declared change point); NaN before the first
room_edge_dist_dir_atr,0.005479735306487738,0.0021760710140532854,11,1,0.9996,data/README.md,"ST7/ST8 rooms alive at `k` (`birth_bar <= k < retired_bar`): the nearest edge (signed by `dir`: positive = ahead), the nearest edge strictly ahead / behind"
hmm3_map_run,0.005447301874059912,0.00275747742225885,2,0,1.0,features_ext/README.md,consecutive bars ending at k with the same filtered MAP state (>= 1)
rv_range36_atr,0.005384209208302436,0.0029455142705184503,4,1,1.0,features_ext/README.md,"(max high - min low over [max(k-35, s0), k]) / atr14_k (input 7)"
fz_band_width_atr,0.005329348618593185,0.003555177056910917,5,0,0.7341,data/README.md,"the FZ ledger as of the SETUP bar (fz_*, as-of; FZ.md section 8): fz.run's row field as of bar k"
sl,0.005318358713831464,0.0017233031426671067,15,2,1.0,data/README.md,the Foundation stop at the SETUP close and its distance (`sg x (close - sl)`)
days_to_expiry,0.005291065938052381,0.0028144374642036364,4,0,1.0,data/README.md,the SETUP bar; the near-month contract and calendar days to its expiry
nn_dist_prefix_long,0.00521690361610412,0.0019494358019446238,2,1,0.9987,features_ext/README.md,"causal novelty (matrix-profile discord applied online): the minimum of the z-normalised Euclidean distance profile (stumpy.mass) of the m-bar close window close_{k-m+1..k} against every m-bar subsequence of close_{0..k-m-1} (the tape strictly before k-m); m = 30 / 60 (1m), 12 / 24 (5m) for short / long; NaN when the prefix holds no m-bar subsequence or the window is constant"
n_choch_today,0.005143093040800374,0.004252111452580318,1,0,1.0,data/README.md,this session's events up to `k`
vol_ratio60,0.005097156633470898,0.001383245151146329,0,1,0.9695,data/README.md,"the bar's volume, the prior medians, their ratios (NaN when NA / no baseline); NA = not the front month or zero volume"
ffd_close_dstar,0.0048270486272314625,0.0021558556255189413,15,2,0.9964,features_ext/README.md,"fixed-width fractionally differentiated log close at d* (weights w_0 = 1, w_j = -w_{j-1}(d-j+1)/j, cut at | w | < 1e-4; the window length is reported below)"
n_events_asof,0.004514341787145617,0.0014962092046237646,15,0,1.0,data/README.md,events (BOS + CHoCH) up to `k`
swing_ahead_dist_atr,0.004452768895782346,0.0027882559057781837,3,1,1.0,data/README.md,"the swing high for a long / swing low for a short, ahead in ATR (negative when already beyond)"
vol_ratio20,0.004362480697531004,0.002377606154982088,0,1,0.9695,data/README.md,"the bar's volume, the prior medians, their ratios (NaN when NA / no baseline); NA = not the front month or zero volume"
csw_max_exceed,0.004242929480798393,0.0016060376594647196,0,1,0.9816,features_ext/README.md,"max over n of | S_{n,k} | - c_{n,k}, c = sqrt(4.6 + log(k-n)) (b_0.05 = 4.6); > 0 = the session's level has moved beyond the 5% band from some earlier bar"
gap_pts,0.004215183116016453,0.0024843948612500535,17,2,0.9966,data/README.md,`sess_open -` the previous session's last close
bars_since_prev_choch,0.004151899177421678,0.0011768811851484873,10,0,0.9998,data/README.md,the CHoCH before the latest one; the latest CHoCH's direction
touch_swing_n,0.004103069084258689,0.002461946416796169,2,0,1.0,data/README.md,"touch episodes of that level in the last hour before `k` (a bar touches when `low <= L <= high`); the last episode's verdict within 15 minutes after it, never past `k`: `broke` (a close beyond by > 0.5 x atr14 on the far side), `held`, `pending` (window still open at `k`), `none`, `na`"
gmm4_p3,0.004023577522615217,0.001390095959641178,0,1,1.0,features_ext/README.md,"sklearn GaussianMixture(K, full covariance, 3 inits, seed 0) posterior P(component j | x_k) over the 8 z-scored inputs; components relabelled by ascending mean (high-low)/atr14 (state 0 = quietest)"
jump3_run,0.00400202107582727,0.001833246289762708,10,0,1.0,features_ext/README.md,consecutive bars ending at k with the same online state
sl_dist_atr,0.003998544898881498,0.0017984478566815923,0,1,1.0,data/README.md,the Foundation stop at the SETUP close and its distance (`sg x (close - sl)`)
dist_choch_lvl_atr,0.003951903946203662,0.004790613446270252,0,1,1.0,data/README.md,the level the SETUP's CHoCH broke; `sg x (close - lvl) / a`
ffd_vol_dstar_z60,0.003936079521745349,0.0010972067881062529,0,1,0.9964,features_ext/README.md,60-bar rolling z of ffd_vol_dstar
win_dd_extreme_atr,0.003919532847611096,0.0013213796891914564,3,1,1.0,features_ext/README.md,"for an up SETUP (max high over the same-session window [max(k-L+1, s0), k] - close_k) / atr14_k; for a down SETUP (close_k - min low) / atr14_k; L = 60 / 12 bars (1m / 5m)"
bocpd_ret_h240_since_reset,0.0039120203090146554,0.001782724422570271,1,0,0.9991,features_ext/README.md,bars since the last bar at which the MAP run length fell (a declared change point); NaN before the first
gmm4_p1,0.003842387258991152,0.0007853601368205251,2,1,1.0,features_ext/README.md,"sklearn GaussianMixture(K, full covariance, 3 inits, seed 0) posterior P(component j | x_k) over the 8 z-scored inputs; components relabelled by ascending mean (high-low)/atr14 (state 0 = quietest)"
range_3h_pts,0.0037606257621371447,0.001690720232506228,4,2,1.0,data/README.md,max high - min low over the last 1h / 3h of bars of this session ending at `k`
rv_logvol_rel20,0.003749374362969221,0.0014772881275749799,0,1,0.9998,features_ext/README.md,"log(max(volume_k, 1) / max(median volume of bars k-20..k-1, 1)) (input 4; the previous 20 tape bars, crossing the session break)"
today_pts_asof,0.0037201131983522484,0.001245805714657316,0,1,1.0,data/README.md,the session's Foundation trades closed by `k`
close_vs_sess_open_pts,0.00364402466242982,0.0011790510021251048,6,2,1.0,data/README.md,"the session's open; the session so far: range / a, where the close sits in it (0 = at the low)"
card_first_bars,0.003591090459480272,0.00160424351685997,13,0,0.7341,data/README.md,"the FZ card at the SETUP bar (card_*, as-of; FZ.md section 7): the field fz.run writes on the card as of bar k"
bocpd_rng_h240_map,0.003387099020304368,0.0015111379037032145,1,0,1.0,features_ext/README.md,"Bayesian online change-point detection (Adams & MacKay 2007) with a normal-inverse-gamma prior (Student-t predictive) on the standardised series (ret = gap-free log return; rng = log(max(high-low, 0.05))), constant hazard 1/60 or 1/240, run length truncated at 400 (mass beyond 400 folded into the last bin): the MAP run length at k"
bar_range_pts,0.003364358450608729,0.0008406282340059304,0,2,1.0,data/README.md,"the SETUP bar's range, body (`close - open`), range / a, `(close - low) / (high - low)`"
er_1h,0.0032656415966865436,0.00161080037972377,0,1,0.9695,data/README.md,Kaufman efficiency ratio of the closes over the last hour of the session (at least 6 bars)
fz_dist_band_edge_behind,0.0032018312379853303,0.0018458759436803423,7,2,0.7341,data/README.md,"the FZ ledger as of the SETUP bar (fz_*, as-of; FZ.md section 8): fz.run's row field as of bar k"
hmm3_p0,0.0030701760373224637,0.0017545602643524254,2,1,1.0,features_ext/README.md,"hmmlearn GaussianHMM(K, diagonal covariance, seed 0, <= 200 EM iterations) FORWARD-filtered posterior P(s_k = j | x_{<= k}) (own numba filter from the fitted start / transition / emission parameters, validated against hmmlearn on a 600-bar prefix; the smoothed posterior is never computed); states relabelled as the GMM's"
n_bos_3h,0.0030476479807427983,0.0012486541825314102,3,0,1.0,data/README.md,events with `k - N < i <= k`
n_bos_1h,0.003004711491230333,0.0020552576436782106,3,0,1.0,data/README.md,events with `k - N < i <= k`
close_pos_in_bar,0.003000911988420582,0.000921667571673527,6,1,1.0,data/README.md,"the SETUP bar's range, body (`close - open`), range / a, `(close - low) / (high - low)`"
touch_prot_bars_ago,0.002897918409615474,0.0023543232113351575,10,0,0.9715,data/README.md,"touch episodes of that level in the last hour before `k` (a bar touches when `low <= L <= high`); the last episode's verdict within 15 minutes after it, never past `k`: `broke` (a close beyond by > 0.5 x atr14 on the far side), `held`, `pending` (window still open at `k`), `none`, `na`"
bars_since_choch,0.002819848511581006,0.0024819866241578164,3,0,1.0,data/README.md,the SETUP's own CHoCH
gmm3_p2,0.0027782681575002285,0.0010727768878203067,0,1,1.0,features_ext/README.md,"sklearn GaussianMixture(K, full covariance, 3 inits, seed 0) posterior P(component j | x_k) over the 8 z-scored inputs; components relabelled by ascending mean (high-low)/atr14 (state 0 = quietest)"
sess_range_atr,0.0027631154317542188,0.0008426100439135015,1,1,1.0,data/README.md,"the session's open; the session so far: range / a, where the close sits in it (0 = at the low)"
fz_pos_in_band_dir,0.002729001466406979,0.0021385339885686356,7,0,0.7341,data/README.md,"the FZ ledger as of the SETUP bar (fz_*, as-of; FZ.md section 8): fz.run's row field as of bar k"
fz_dist_band_edge_ahead,0.0026299213756328424,0.0018359206989961095,5,2,0.7341,data/README.md,"the FZ ledger as of the SETUP bar (fz_*, as-of; FZ.md section 8): fz.run's row field as of bar k"
pos_in_session_range,0.0026072457657696467,0.0005641216318495176,6,1,1.0,data/README.md,"the session's open; the session so far: range / a, where the close sits in it (0 = at the low)"
range_1h_pts,0.002560290600563003,0.0009729868898711859,4,2,1.0,data/README.md,max high - min low over the last 1h / 3h of bars of this session ending at `k`
today_net_asof,0.0025350024152131397,0.0013180334615241914,0,2,1.0,data/README.md,the session's Foundation trades closed by `k`
p1_dist_prefix_long,0.002461950628374083,0.001321815882671056,2,1,0.9987,features_ext/README.md,the 1st percentile of the same distance profile
fz_band_width,0.0024565560249459844,0.0010955604908087354,22,2,0.7341,data/README.md,"the FZ ledger as of the SETUP bar (fz_*, as-of; FZ.md section 8): fz.run's row field as of bar k"
bocpd_ret_h60_since_reset,0.0023922259440687338,0.0010629783116751024,1,0,0.9991,features_ext/README.md,bars since the last bar at which the MAP run length fell (a declared change point); NaN before the first
ffd_close_dstar_z60,0.0023778195165593636,0.0008353907306478948,6,1,0.9964,features_ext/README.md,"ffd_close_dstar minus its 60-bar rolling mean, over the 60-bar rolling std (ddof 1), bars k-59..k"
fz_pos_in_band,0.0022047682840662304,0.0013831127846845653,6,0,0.7341,data/README.md,"the FZ ledger as of the SETUP bar (fz_*, as-of; FZ.md section 8): fz.run's row field as of bar k"
touch_prot_n,0.002202177643152848,0.0009462963217351213,2,0,0.9719,data/README.md,"touch episodes of that level in the last hour before `k` (a bar touches when `low <= L <= high`); the last episode's verdict within 15 minutes after it, never past `k`: `broke` (a close beyond by > 0.5 x atr14 on the far side), `held`, `pending` (window still open at `k`), `none`, `na`"
rv_absret,0.0021714271261647575,0.0007543398695286904,0,2,1.0,features_ext/README.md, | gap-free log return | of bar k (state-model input 1)
hmm4_map_run,0.0021097465077058405,0.0011068592532650972,2,0,1.0,features_ext/README.md,consecutive bars ending at k with the same filtered MAP state (>= 1)
n_bos_today,0.0020878697280748994,0.001042366918094467,1,0,1.0,data/README.md,this session's events up to `k`
bar_range_atr,0.0020432080068808604,0.001076764703449,0,1,1.0,data/README.md,"the SETUP bar's range, body (`close - open`), range / a, `(close - low) / (high - low)`"
range_3h_atr,0.0020108893265187414,0.0010248108785003407,1,1,1.0,data/README.md,max high - min low over the last 1h / 3h of bars of this session ending at `k`
hmm3_p2,0.0019286450293483325,0.0009791685220931253,0,1,1.0,features_ext/README.md,"hmmlearn GaussianHMM(K, diagonal covariance, seed 0, <= 200 EM iterations) FORWARD-filtered posterior P(s_k = j | x_{<= k}) (own numba filter from the fitted start / transition / emission parameters, validated against hmmlearn on a 600-bar prefix; the smoothed posterior is never computed); states relabelled as the GMM's"
card_cluster_sit,0.0019028231488977829,0.0015900456911565424,5,0,1.0,data/README.md,"the FZ card at the SETUP bar (card_*, as-of; FZ.md section 7): the field fz.run writes on the card as of bar k"
rv_ret36_atr,0.0018928083144312041,0.000755118751381457,6,1,1.0,features_ext/README.md,"(close_k - close_{k-36}) / atr14_k, the session's open replacing close_{k-36} when k-36 is before the session (input 8)"
ret_1h_pts,0.0018469895623676048,0.0009605697923700422,6,2,0.8398,data/README.md,"`close[k] - close[k - N]` when `k - N` is in the session, else NaN"
card_vol_ratio,0.0018030618235792507,0.0003873069560866284,7,0,0.7341,data/README.md,"the FZ card at the SETUP bar (card_*, as-of; FZ.md section 7): the field fz.run writes on the card as of bar k"
dow,0.0017499518773575627,0.001426117155023174,17,0,1.0,data/README.md,the SETUP bar and its clock (bar open time; `dow` 0 = Monday)
cusum_events_60,0.0017148198989339273,0.0008503446412535532,4,0,1.0,features_ext/README.md,"symmetric CUSUM filter (AFML 2.5.2.1) on gap-free log returns with the per-bar threshold h_t = atr14_t / close_t (S+ = max(0, S+ + r), S- = min(0, S- + r); an event when S+ > h or S- < -h, then both reset): events in bars (k-60, k]"
bar_body_pts,0.0017002756086736649,0.0009243469544603227,6,2,1.0,data/README.md,"the SETUP bar's range, body (`close - open`), range / a, `(close - low) / (high - low)`"
hv2_bars_since,0.001524377024902663,0.0012407601856591242,3,0,0.9095,data/README.md,"the latest bar of this session with `vol_ratio20 >= 2` / `>= 3`: bars ago, its direction (`up` / `down` / `flat` / `none`), agreement with `dir`, its ratio, whether its low / high held over `j+1 .. k` (None when `j = k`)"
hv3_bars_since,0.0014792172218028813,0.0007660799365659755,3,0,0.8452,data/README.md,"the latest bar of this session with `vol_ratio20 >= 2` / `>= 3`: bars ago, its direction (`up` / `down` / `flat` / `none`), agreement with `dir`, its ratio, whether its low / high held over `j+1 .. k` (None when `j = k`)"
dist_sl_atr,0.0014616808704448379,0.0005785850721025562,6,1,1.0,data/README.md,"the latest confirmed swing high / low (`conf <= k`): price, distance (`(sh - close) / a`, `(close - sl) / a`), age of the swing bar"
touch_room_n,0.0014407130017915458,0.0008428145079970286,3,0,0.9996,data/README.md,"touch episodes of that level in the last hour before `k` (a bar touches when `low <= L <= high`); the last episode's verdict within 15 minutes after it, never past `k`: `broke` (a close beyond by > 0.5 x atr14 on the far side), `held`, `pending` (window still open at `k`), `none`, `na`"
today_n_closed_asof,0.001365982924033052,0.0007300490496395381,1,0,1.0,data/README.md,the session's Foundation trades closed by `k`
dist_sh_atr,0.0013500366744185338,0.0008903103318161774,12,1,1.0,data/README.md,"the latest confirmed swing high / low (`conf <= k`): price, distance (`(sh - close) / a`, `(close - sl) / a`), age of the swing bar"
card_this_bars,0.001214962526022474,0.0010744222182907342,7,0,0.7341,data/README.md,"the FZ card at the SETUP bar (card_*, as-of; FZ.md section 7): the field fz.run writes on the card as of bar k"
n_choch_3h,0.0011284284429701518,0.0005173496660042923,2,0,1.0,data/README.md,events with `k - N < i <= k`
n_rooms_alive,0.001053569335576502,0.0007831130169923025,4,0,1.0,data/README.md,"ST7/ST8 rooms alive at `k` (`birth_bar <= k < retired_bar`): the nearest edge (signed by `dir`: positive = ahead), the nearest edge strictly ahead / behind"
last_sh_bars_ago,0.0009938857283253776,0.0006550596854816884,10,0,1.0,data/README.md,"the latest confirmed swing high / low (`conf <= k`): price, distance (`(sh - close) / a`, `(close - sl) / a`), age of the swing bar"
alt_kind6,0.0009525297736083524,0.0016263001702302544,3,0,1.0,data/README.md,direction changes / kind changes among the last 6 events; the last 6 as `Cu Cd Bu ...`
card_bars_since_reject,0.0009134863591408576,0.0006536974867051527,4,0,0.6723,data/README.md,"the FZ card at the SETUP bar (card_*, as-of; FZ.md section 7): the field fz.run writes on the card as of bar k"
card_out_run,0.0008617923993327594,0.0006023512760953261,7,0,0.7341,data/README.md,"the FZ card at the SETUP bar (card_*, as-of; FZ.md section 7): the field fz.run writes on the card as of bar k"
touch_swing_bars_ago,0.0007811363943980736,0.0007099886094480982,3,0,1.0,data/README.md,"touch episodes of that level in the last hour before `k` (a bar touches when `low <= L <= high`); the last episode's verdict within 15 minutes after it, never past `k`: `broke` (a close beyond by > 0.5 x atr14 on the far side), `held`, `pending` (window still open at `k`), `none`, `na`"
card_visit_n,0.0007183423904876248,0.0005477219984062709,5,0,0.7341,data/README.md,"the FZ card at the SETUP bar (card_*, as-of; FZ.md section 7): the field fz.run writes on the card as of bar k"
cusum_bars_since,0.0006865039664317318,0.0005568626566984445,2,0,1.0,features_ext/README.md,bars since the last CUSUM event (0 when the SETUP bar is one; NaN before the first event of the tape)
n_choch_1h,0.0006618910776539011,0.0004740842219879316,2,0,1.0,data/README.md,events with `k - N < i <= k`
touch_prot_last=pending,0.0006599564451571253,0.0006036554387473543,36,0,1.0,data/README.md,"touch episodes of that level in the last hour before `k` (a bar touches when `low <= L <= high`); the last episode's verdict within 15 minutes after it, never past `k`: `broke` (a close beyond by > 0.5 x atr14 on the far side), `held`, `pending` (window still open at `k`), `none`, `na` [one-hot level `pending`]"
last_sl_bars_ago,0.0006276552140760043,0.00031499425119382055,10,0,1.0,data/README.md,"the latest confirmed swing high / low (`conf <= k`): price, distance (`(sh - close) / a`, `(close - sl) / a`), age of the swing bar"
card_last_hunt_dir=up,0.0006082106304186718,0.00044376102886766003,5,0,1.0,data/README.md,"the FZ card at the SETUP bar (card_*, as-of; FZ.md section 7): the field fz.run writes on the card as of bar k [one-hot level `up`]"
gmm4_p0,0.00043709154012489367,0.000583593758681936,3,1,1.0,features_ext/README.md,"sklearn GaussianMixture(K, full covariance, 3 inits, seed 0) posterior P(component j | x_k) over the 8 z-scored inputs; components relabelled by ascending mean (high-low)/atr14 (state 0 = quietest)"
card_leave_side=up,0.00043222597465081215,0.00046198082560112037,4,0,1.0,data/README.md,"the FZ card at the SETUP bar (card_*, as-of; FZ.md section 7): the field fz.run writes on the card as of bar k [one-hot level `up`]"
fz_take_why=leave_vol_fail,0.0004156285766309007,0.000555631787916357,4,0,1.0,data/README.md,"the FZ ledger as of the SETUP bar (fz_*, as-of; FZ.md section 8): fz.run's row field as of bar k [one-hot level `leave_vol_fail`]"
card_leave_kind=normal,0.0003886101606855401,0.0006945158959094458,4,0,1.0,data/README.md,"the FZ card at the SETUP bar (card_*, as-of; FZ.md section 7): the field fz.run writes on the card as of bar k [one-hot level `normal`]"
hv3_dir=down,0.00038107957008835287,0.0004716024899584144,12,0,1.0,data/README.md,"the latest bar of this session with `vol_ratio20 >= 2` / `>= 3`: bars ago, its direction (`up` / `down` / `flat` / `none`), agreement with `dir`, its ratio, whether its low / high held over `j+1 .. k` (None when `j = k`) [one-hot level `down`]"
hmm4_p1,0.0003727649041818427,0.000544432003932465,3,1,1.0,features_ext/README.md,"hmmlearn GaussianHMM(K, diagonal covariance, seed 0, <= 200 EM iterations) FORWARD-filtered posterior P(s_k = j | x_{<= k}) (own numba filter from the fitted start / transition / emission parameters, validated against hmmlearn on a 600-bar prefix; the smoothed posterior is never computed); states relabelled as the GMM's"
fz_gate=WATCH,0.0003679769619860409,0.00032107282484003773,5,0,1.0,data/README.md,"the FZ ledger as of the SETUP bar (fz_*, as-of; FZ.md section 8): fz.run's row field as of bar k [one-hot level `WATCH`]"
card_read=LEAVE,0.00036170800103815754,0.00039490328051161193,4,0,1.0,data/README.md,"the FZ card at the SETUP bar (card_*, as-of; FZ.md section 7): the field fz.run writes on the card as of bar k [one-hot level `LEAVE`]"
win_sign_agree10,0.00036029078201121477,0.0002855789178867446,10,0,1.0,features_ext/README.md,bars among k-9..k whose gap-free log return has the SETUP's sign (0..10)
jump3_state,0.0003440178907303972,0.00034927926672069466,2,0,1.0,features_ext/README.md,"statistical jump model (Bemporad et al. 2018; Nystrup et al. 2020): centroids C fitted on the fit window by alternating the Viterbi DP of sum |  | x_t - c_{s_t} |  | ^2 + lambda 1[s_t != s_{t-1}] with centroid updates (k-means init, seed 0); lambda from {1,2,...,128} by the BIC-like criterion n p log(SSE/(n p)) + (K p + jumps) log(n p) on the fit window; at inference the ONLINE PREFIX state argmin_s V_k(s), V_k(s) = min_u (V_{k-1}(u) + lambda 1[s != u]) + |  | x_k - c_s |  | ^2; states relabelled as the GMM's"
hv2_dir=down,0.00032630182089936447,0.0003105718982791816,12,0,1.0,data/README.md,"the latest bar of this session with `vol_ratio20 >= 2` / `>= 3`: bars ago, its direction (`up` / `down` / `flat` / `none`), agreement with `dir`, its ratio, whether its low / high held over `j+1 .. k` (None when `j = k`) [one-hot level `down`]"
gmm3_p1,0.00032084191226999445,0.0004079568024397642,3,1,1.0,features_ext/README.md,"sklearn GaussianMixture(K, full covariance, 3 inits, seed 0) posterior P(component j | x_k) over the 8 z-scored inputs; components relabelled by ascending mean (high-low)/atr14 (state 0 = quietest)"
last_closed_reason_asof=next_choch,0.0002916802888203493,0.0002440811767576815,1,0,1.0,data/README.md,earlier SETUPs today; the latest closed trade [one-hot level `next_choch`]
today_n_stops_asof,0.0002601253761341428,0.00025377474744633455,1,0,1.0,data/README.md,the session's Foundation trades closed by `k`
touch_room_last=broke,0.0002540420033468632,0.00029659599151453083,7,0,1.0,data/README.md,"touch episodes of that level in the last hour before `k` (a bar touches when `low <= L <= high`); the last episode's verdict within 15 minutes after it, never past `k`: `broke` (a close beyond by > 0.5 x atr14 on the far side), `held`, `pending` (window still open at `k`), `none`, `na` [one-hot level `broke`]"
card_last_reject_dir=down,0.0002538898793289643,0.0002645737257719504,5,0,1.0,data/README.md,"the FZ card at the SETUP bar (card_*, as-of; FZ.md section 7): the field fz.run writes on the card as of bar k [one-hot level `down`]"
room_edge_kind=hi,0.00025357539248940716,0.00037983189739033084,6,0,1.0,data/README.md,"ST7/ST8 rooms alive at `k` (`birth_bar <= k < retired_bar`): the nearest edge (signed by `dir`: positive = ahead), the nearest edge strictly ahead / behind [one-hot level `hi`]"
hmm3_p1,0.00025017852271923036,0.0004084895747496475,3,1,1.0,features_ext/README.md,"hmmlearn GaussianHMM(K, diagonal covariance, seed 0, <= 200 EM iterations) FORWARD-filtered posterior P(s_k = j | x_{<= k}) (own numba filter from the fitted start / transition / emission parameters, validated against hmmlearn on a 600-bar prefix; the smoothed posterior is never computed); states relabelled as the GMM's"
last_bos_dir=down,0.00020540619039853463,0.0001687043466546825,34,0,1.0,data/README.md,the last BOS (NaN / `none` before the first) [one-hot level `down`]
hour_bin=14,0.0001988304816625136,0.00029052775676453163,1,0,1.0,data/README.md,"`fz_report.crosstabs` bins with the frozen clocks: `<09:25`, `09` .. `15`, `>=15:20` [one-hot level `14`]"
hv3_low_held__na,0.00018883308921806348,0.00031166255180483103,0,0,1.0,data/README.md,"the latest bar of this session with `vol_ratio20 >= 2` / `>= 3`: bars ago, its direction (`up` / `down` / `flat` / `none`), agreement with `dir`, its ratio, whether its low / high held over `j+1 .. k` (None when `j = k`) [missing indicator: 1 when the column is NaN]"
hmm4_p3,0.0001749704850614952,0.0003099604761633643,3,1,1.0,features_ext/README.md,"hmmlearn GaussianHMM(K, diagonal covariance, seed 0, <= 200 EM iterations) FORWARD-filtered posterior P(s_k = j | x_{<= k}) (own numba filter from the fitted start / transition / emission parameters, validated against hmmlearn on a 600-bar prefix; the smoothed posterior is never computed); states relabelled as the GMM's"
hour_bin=12,0.00016465619310513158,0.000267406203729686,32,0,1.0,data/README.md,"`fz_report.crosstabs` bins with the frozen clocks: `<09:25`, `09` .. `15`, `>=15:20` [one-hot level `12`]"
card_in_room,0.00015955236080133066,0.00020210351773810936,5,0,1.0,data/README.md,"the FZ card at the SETUP bar (card_*, as-of; FZ.md section 7): the field fz.run writes on the card as of bar k"
card_last_hunt_dir=nan,0.0001574779140880557,0.000168964301070731,9,0,1.0,data/README.md,"the FZ card at the SETUP bar (card_*, as-of; FZ.md section 7): the field fz.run writes on the card as of bar k [one-hot level `nan`]"
hv2_dir=up,0.00015339411037814204,0.00022924133421956073,6,0,1.0,data/README.md,"the latest bar of this session with `vol_ratio20 >= 2` / `>= 3`: bars ago, its direction (`up` / `down` / `flat` / `none`), agreement with `dir`, its ratio, whether its low / high held over `j+1 .. k` (None when `j = k`) [one-hot level `up`]"
fz_gate=BLOCK,0.00014063120332294168,0.00020002146508055796,9,0,1.0,data/README.md,"the FZ ledger as of the SETUP bar (fz_*, as-of; FZ.md section 8): fz.run's row field as of bar k [one-hot level `BLOCK`]"
jump4_state,0.00014059204475566474,0.00011935509899819691,2,0,1.0,features_ext/README.md,"statistical jump model (Bemporad et al. 2018; Nystrup et al. 2020): centroids C fitted on the fit window by alternating the Viterbi DP of sum |  | x_t - c_{s_t} |  | ^2 + lambda 1[s_t != s_{t-1}] with centroid updates (k-means init, seed 0); lambda from {1,2,...,128} by the BIC-like criterion n p log(SSE/(n p)) + (K p + jumps) log(n p) on the fit window; at inference the ONLINE PREFIX state argmin_s V_k(s), V_k(s) = min_u (V_{k-1}(u) + lambda 1[s != u]) + |  | x_k - c_s |  | ^2; states relabelled as the GMM's"
last_closed_reason_asof=stop_loss,0.00013688827914042477,0.00021199584343715527,2,0,1.0,data/README.md,earlier SETUPs today; the latest closed trade [one-hot level `stop_loss`]
fz_watch_kind=WATCH_EDGE,0.00013499034010397862,0.00021794782153421543,7,0,1.0,data/README.md,"the FZ ledger as of the SETUP bar (fz_*, as-of; FZ.md section 8): fz.run's row field as of bar k [one-hot level `WATCH_EDGE`]"
hv3_dir_agree,0.00011989340945952103,0.00015625810549093388,0,0,0.8452,data/README.md,"the latest bar of this session with `vol_ratio20 >= 2` / `>= 3`: bars ago, its direction (`up` / `down` / `flat` / `none`), agreement with `dir`, its ratio, whether its low / high held over `j+1 .. k` (None when `j = k`)"
hv3_dir=up,0.00011609293336887969,0.00022481371019160982,6,0,1.0,data/README.md,"the latest bar of this session with `vol_ratio20 >= 2` / `>= 3`: bars ago, its direction (`up` / `down` / `flat` / `none`), agreement with `dir`, its ratio, whether its low / high held over `j+1 .. k` (None when `j = k`) [one-hot level `up`]"
card_last_reject_dir=up,0.0001113646091451152,0.00018545666152421317,5,0,1.0,data/README.md,"the FZ card at the SETUP bar (card_*, as-of; FZ.md section 7): the field fz.run writes on the card as of bar k [one-hot level `up`]"
alt_dir6,0.00010521923105583844,0.00010459972883291402,2,0,1.0,data/README.md,direction changes / kind changes among the last 6 events; the last 6 as `Cu Cd Bu ...`
n_choch_since_bos,0.00010440498405346237,0.00012226932307373976,2,0,1.0,data/README.md,"CHoCH events after the last BOS (all CHoCHs when no BOS yet); `>= 2` = ""CHoCH, CHoCH, no BOS"""
card_last_leave_failed,0.00010322327388439117,0.00010586756268172503,5,0,0.7341,data/README.md,"the FZ card at the SETUP bar (card_*, as-of; FZ.md section 7): the field fz.run writes on the card as of bar k"
fz_block_reason=nan,0.0001010608394469398,0.00013803808594084948,5,0,1.0,data/README.md,"the FZ ledger as of the SETUP bar (fz_*, as-of; FZ.md section 8): fz.run's row field as of bar k [one-hot level `nan`]"
hour_bin=13,9.817282244768467e-05,0.0001410586698652356,1,0,1.0,data/README.md,"`fz_report.crosstabs` bins with the frozen clocks: `<09:25`, `09` .. `15`, `>=15:20` [one-hot level `13`]"
fz_zone_kind=B,9.343280231773183e-05,0.00014684429074444998,5,0,1.0,data/README.md,"the FZ ledger as of the SETUP bar (fz_*, as-of; FZ.md section 8): fz.run's row field as of bar k [one-hot level `B`]"
fz_take_why=nan,8.308769287260137e-05,0.000180482404012816,7,0,1.0,data/README.md,"the FZ ledger as of the SETUP bar (fz_*, as-of; FZ.md section 8): fz.run's row field as of bar k [one-hot level `nan`]"
hmm4_p2,8.184915815632001e-05,0.00018757170694880693,2,1,1.0,features_ext/README.md,"hmmlearn GaussianHMM(K, diagonal covariance, seed 0, <= 200 EM iterations) FORWARD-filtered posterior P(s_k = j | x_{<= k}) (own numba filter from the fitted start / transition / emission parameters, validated against hmmlearn on a 600-bar prefix; the smoothed posterior is never computed); states relabelled as the GMM's"
n_choch_since_bos_today,8.146670030742244e-05,0.00012998017174007257,2,0,1.0,data/README.md,the same restricted to this session's events
hv2_dir_agree,7.394564059218094e-05,0.00017481662352855488,0,0,0.9095,data/README.md,"the latest bar of this session with `vol_ratio20 >= 2` / `>= 3`: bars ago, its direction (`up` / `down` / `flat` / `none`), agreement with `dir`, its ratio, whether its low / high held over `j+1 .. k` (None when `j = k`)"
card_touches,7.322333517183769e-05,0.00016484404700875595,5,0,0.7341,data/README.md,"the FZ card at the SETUP bar (card_*, as-of; FZ.md section 7): the field fz.run writes on the card as of bar k"
hour_bin=11,6.780813835245013e-05,0.00022489415264758482,31,0,1.0,data/README.md,"`fz_report.crosstabs` bins with the frozen clocks: `<09:25`, `09` .. `15`, `>=15:20` [one-hot level `11`]"
hv3_low_held,6.762101263478299e-05,0.00011813395773060756,6,0,0.6709,data/README.md,"the latest bar of this session with `vol_ratio20 >= 2` / `>= 3`: bars ago, its direction (`up` / `down` / `flat` / `none`), agreement with `dir`, its ratio, whether its low / high held over `j+1 .. k` (None when `j = k`)"
fz_watch_kind=WATCH,6.19685209599443e-05,0.00010807439840955251,5,0,1.0,data/README.md,"the FZ ledger as of the SETUP bar (fz_*, as-of; FZ.md section 8): fz.run's row field as of bar k [one-hot level `WATCH`]"
card_read=THIN,6.093832527216222e-05,0.00013632660744431152,5,0,1.0,data/README.md,"the FZ card at the SETUP bar (card_*, as-of; FZ.md section 7): the field fz.run writes on the card as of bar k [one-hot level `THIN`]"
touch_swing_last=broke,6.01829107370925e-05,0.00014742558695687543,0,0,1.0,data/README.md,"touch episodes of that level in the last hour before `k` (a bar touches when `low <= L <= high`); the last episode's verdict within 15 minutes after it, never past `k`: `broke` (a close beyond by > 0.5 x atr14 on the far side), `held`, `pending` (window still open at `k`), `none`, `na` [one-hot level `broke`]"
fz_block_reason=new,5.5880893623578706e-05,0.00012498180417631948,9,0,1.0,data/README.md,"the FZ ledger as of the SETUP bar (fz_*, as-of; FZ.md section 8): fz.run's row field as of bar k [one-hot level `new`]"
fz_level_in_band,5.27151559297505e-05,7.647644939932106e-05,11,0,0.7341,data/README.md,"the FZ ledger as of the SETUP bar (fz_*, as-of; FZ.md section 8): fz.run's row field as of bar k"
fz_branch=leave,3.938104160128816e-05,0.0001306121388448496,4,0,1.0,data/README.md,"the FZ ledger as of the SETUP bar (fz_*, as-of; FZ.md section 8): fz.run's row field as of bar k [one-hot level `leave`]"
last_closed_net_asof__na,3.840863609533906e-05,0.00012738703463754077,0,0,1.0,data/README.md,earlier SETUPs today; the latest closed trade [missing indicator: 1 when the column is NaN]
gmm4_p2,3.6899877117216484e-05,8.269875939211347e-05,3,1,1.0,features_ext/README.md,"sklearn GaussianMixture(K, full covariance, 3 inits, seed 0) posterior P(component j | x_k) over the 8 z-scored inputs; components relabelled by ascending mean (high-low)/atr14 (state 0 = quietest)"
last_bos_same_session,3.598336330836935e-05,0.0001193433147889027,1,0,0.9996,data/README.md,the last BOS (NaN / `none` before the first)
touch_room_last=pending,3.542899685512692e-05,8.499660736918865e-05,3,0,1.0,data/README.md,"touch episodes of that level in the last hour before `k` (a bar touches when `low <= L <= high`); the last episode's verdict within 15 minutes after it, never past `k`: `broke` (a close beyond by > 0.5 x atr14 on the far side), `held`, `pending` (window still open at `k`), `none`, `na` [one-hot level `pending`]"
card_read=PENDING,3.269979315343169e-05,0.0001084529446121653,7,0,1.0,data/README.md,"the FZ card at the SETUP bar (card_*, as-of; FZ.md section 7): the field fz.run writes on the card as of bar k [one-hot level `PENDING`]"
touch_room_last=held,3.1574516540240634e-05,0.00010472082430084868,11,0,1.0,data/README.md,"touch episodes of that level in the last hour before `k` (a bar touches when `low <= L <= high`); the last episode's verdict within 15 minutes after it, never past `k`: `broke` (a close beyond by > 0.5 x atr14 on the far side), `held`, `pending` (window still open at `k`), `none`, `na` [one-hot level `held`]"
card_last_hunt_dir=down,3.1199899489954204e-05,0.0001034783601049789,5,0,1.0,data/README.md,"the FZ card at the SETUP bar (card_*, as-of; FZ.md section 7): the field fz.run writes on the card as of bar k [one-hot level `down`]"
card_last_reject_dir=nan,3.086893028736459e-05,8.022472956136672e-05,9,0,1.0,data/README.md,"the FZ card at the SETUP bar (card_*, as-of; FZ.md section 7): the field fz.run writes on the card as of bar k [one-hot level `nan`]"
hour_bin=09,2.9885187483986858e-05,6.047262225499648e-05,0,0,1.0,data/README.md,"`fz_report.crosstabs` bins with the frozen clocks: `<09:25`, `09` .. `15`, `>=15:20` [one-hot level `09`]"
gmm3_map,2.492131709475804e-05,6.0033699881912014e-05,0,0,1.0,features_ext/README.md,argmax_j of the GMM posterior
hour,2.0148580637572976e-05,6.682528203304931e-05,1,0,1.0,data/README.md,the SETUP bar and its clock (bar open time; `dow` 0 = Monday)
touch_swing_last=pending,1.7357451321593928e-05,5.756815335058552e-05,3,0,1.0,data/README.md,"touch episodes of that level in the last hour before `k` (a bar touches when `low <= L <= high`); the last episode's verdict within 15 minutes after it, never past `k`: `broke` (a close beyond by > 0.5 x atr14 on the far side), `held`, `pending` (window still open at `k`), `none`, `na` [one-hot level `pending`]"
bars_since_bos__na,0.0,0.0,8,0,1.0,data/README.md,the last BOS (NaN / `none` before the first) [missing indicator: 1 when the column is NaN]
er_1h__na,0.0,0.0,0,0,1.0,data/README.md,Kaufman efficiency ratio of the closes over the last hour of the session (at least 6 bars) [missing indicator: 1 when the column is NaN]
ret_1h_pts__na,0.0,0.0,0,0,1.0,data/README.md,"`close[k] - close[k - N]` when `k - N` is in the session, else NaN [missing indicator: 1 when the column is NaN]"
gap_pts__na,0.0,0.0,8,0,1.0,data/README.md,`sess_open -` the previous session's last close [missing indicator: 1 when the column is NaN]
hmm4_map,0.0,0.0,0,0,1.0,features_ext/README.md,argmax_j of the filtered posterior at k
hmm3_map,0.0,0.0,0,0,1.0,features_ext/README.md,argmax_j of the filtered posterior at k
gmm4_map,0.0,0.0,0,0,1.0,features_ext/README.md,argmax_j of the GMM posterior
dir=down,0.0,0.0,12,0,1.0,data/README.md,SETUP direction [one-hot level `down`]
choch_same_session,0.0,0.0,1,0,1.0,data/README.md,the SETUP's own CHoCH
hour_bin=15,0.0,0.0,1,0,1.0,data/README.md,"`fz_report.crosstabs` bins with the frozen clocks: `<09:25`, `09` .. `15`, `>=15:20` [one-hot level `15`]"
hour_bin=10,0.0,0.0,30,0,1.0,data/README.md,"`fz_report.crosstabs` bins with the frozen clocks: `<09:25`, `09` .. `15`, `>=15:20` [one-hot level `10`]"
hour_bin=>=15:20,0.0,0.0,33,0,1.0,data/README.md,"`fz_report.crosstabs` bins with the frozen clocks: `<09:25`, `09` .. `15`, `>=15:20` [one-hot level `>=15:20`]"
card_read=REJECT,0.0,0.0,5,0,1.0,data/README.md,"the FZ card at the SETUP bar (card_*, as-of; FZ.md section 7): the field fz.run writes on the card as of bar k [one-hot level `REJECT`]"
card_out_side=nan,0.0,0.0,5,0,1.0,data/README.md,"the FZ card at the SETUP bar (card_*, as-of; FZ.md section 7): the field fz.run writes on the card as of bar k [one-hot level `nan`]"
card_out_side=down,0.0,0.0,7,0,1.0,data/README.md,"the FZ card at the SETUP bar (card_*, as-of; FZ.md section 7): the field fz.run writes on the card as of bar k [one-hot level `down`]"
sess_cumvol_ratio20s__na,0.0,0.0,8,0,1.0,data/README.md,cumulative session volume at `k` / the median of the same at this `session_bar` over the previous 20 sessions (at least 5) [missing indicator: 1 when the column is NaN]
hour_bin=<09:25,0.0,0.0,0,0,1.0,data/README.md,"`fz_report.crosstabs` bins with the frozen clocks: `<09:25`, `09` .. `15`, `>=15:20` [one-hot level `<09:25`]"
fz_take_why=defend_opposite_in_visit,0.0,0.0,28,0,1.0,data/README.md,"the FZ ledger as of the SETUP bar (fz_*, as-of; FZ.md section 8): fz.run's row field as of bar k [one-hot level `defend_opposite_in_visit`]"
fz_take_why=accepted_no_defend,0.0,0.0,11,0,1.0,data/README.md,"the FZ ledger as of the SETUP bar (fz_*, as-of; FZ.md section 8): fz.run's row field as of bar k [one-hot level `accepted_no_defend`]"
fz_branch=watch,0.0,0.0,18,0,1.0,data/README.md,"the FZ ledger as of the SETUP bar (fz_*, as-of; FZ.md section 8): fz.run's row field as of bar k [one-hot level `watch`]"
fz_branch=nan,0.0,0.0,5,0,1.0,data/README.md,"the FZ ledger as of the SETUP bar (fz_*, as-of; FZ.md section 8): fz.run's row field as of bar k [one-hot level `nan`]"
fz_branch=first_print,0.0,0.0,13,0,1.0,data/README.md,"the FZ ledger as of the SETUP bar (fz_*, as-of; FZ.md section 8): fz.run's row field as of bar k [one-hot level `first_print`]"
fz_branch=defend,0.0,0.0,11,0,1.0,data/README.md,"the FZ ledger as of the SETUP bar (fz_*, as-of; FZ.md section 8): fz.run's row field as of bar k [one-hot level `defend`]"
fz_block_reason=open_pierce,0.0,0.0,0,0,1.0,data/README.md,"the FZ ledger as of the SETUP bar (fz_*, as-of; FZ.md section 8): fz.run's row field as of bar k [one-hot level `open_pierce`]"
fz_block_reason=hunt_fade,0.0,0.0,23,0,1.0,data/README.md,"the FZ ledger as of the SETUP bar (fz_*, as-of; FZ.md section 8): fz.run's row field as of bar k [one-hot level `hunt_fade`]"
fz_gate=REENTER,0.0,0.0,18,0,1.0,data/README.md,"the FZ ledger as of the SETUP bar (fz_*, as-of; FZ.md section 8): fz.run's row field as of bar k [one-hot level `REENTER`]"
fz_block_reason=leave_into_recycle,0.0,0.0,4,0,1.0,data/README.md,"the FZ ledger as of the SETUP bar (fz_*, as-of; FZ.md section 8): fz.run's row field as of bar k [one-hot level `leave_into_recycle`]"
fz_gate=TAKE,0.0,0.0,4,0,1.0,data/README.md,"the FZ ledger as of the SETUP bar (fz_*, as-of; FZ.md section 8): fz.run's row field as of bar k [one-hot level `TAKE`]"
card_read=RECYCLE,0.0,0.0,5,0,1.0,data/README.md,"the FZ card at the SETUP bar (card_*, as-of; FZ.md section 7): the field fz.run writes on the card as of bar k [one-hot level `RECYCLE`]"
bars_since_prev_choch__na,0.0,0.0,8,0,1.0,data/README.md,the CHoCH before the latest one; the latest CHoCH's direction [missing indicator: 1 when the column is NaN]
card_out_side=up,0.0,0.0,6,0,1.0,data/README.md,"the FZ card at the SETUP bar (card_*, as-of; FZ.md section 7): the field fz.run writes on the card as of bar k [one-hot level `up`]"
card_leave_side=down,0.0,0.0,4,0,1.0,data/README.md,"the FZ card at the SETUP bar (card_*, as-of; FZ.md section 7): the field fz.run writes on the card as of bar k [one-hot level `down`]"
card_leave_kind=gap,0.0,0.0,0,0,1.0,data/README.md,"the FZ card at the SETUP bar (card_*, as-of; FZ.md section 7): the field fz.run writes on the card as of bar k [one-hot level `gap`]"
touch_prot_last=none,0.0,0.0,14,0,1.0,data/README.md,"touch episodes of that level in the last hour before `k` (a bar touches when `low <= L <= high`); the last episode's verdict within 15 minutes after it, never past `k`: `broke` (a close beyond by > 0.5 x atr14 on the far side), `held`, `pending` (window still open at `k`), `none`, `na` [one-hot level `none`]"
touch_prot_last=na,0.0,0.0,16,0,1.0,data/README.md,"touch episodes of that level in the last hour before `k` (a bar touches when `low <= L <= high`); the last episode's verdict within 15 minutes after it, never past `k`: `broke` (a close beyond by > 0.5 x atr14 on the far side), `held`, `pending` (window still open at `k`), `none`, `na` [one-hot level `na`]"
fz_entered_read=THIN,0.0,0.0,4,0,1.0,data/README.md,"the FZ ledger as of the SETUP bar (fz_*, as-of; FZ.md section 8): fz.run's row field as of bar k [one-hot level `THIN`]"
fz_entered_read=nan,0.0,0.0,7,0,1.0,data/README.md,"the FZ ledger as of the SETUP bar (fz_*, as-of; FZ.md section 8): fz.run's row field as of bar k [one-hot level `nan`]"
fz_entered_read=REJECT,0.0,0.0,27,0,1.0,data/README.md,"the FZ ledger as of the SETUP bar (fz_*, as-of; FZ.md section 8): fz.run's row field as of bar k [one-hot level `REJECT`]"
last_closed_reason_asof=nan,0.0,0.0,0,0,1.0,data/README.md,earlier SETUPs today; the latest closed trade [one-hot level `nan`]
touch_swing_last=held,0.0,0.0,37,0,1.0,data/README.md,"touch episodes of that level in the last hour before `k` (a bar touches when `low <= L <= high`); the last episode's verdict within 15 minutes after it, never past `k`: `broke` (a close beyond by > 0.5 x atr14 on the far side), `held`, `pending` (window still open at `k`), `none`, `na` [one-hot level `held`]"
touch_room_last=none,0.0,0.0,0,0,1.0,data/README.md,"touch episodes of that level in the last hour before `k` (a bar touches when `low <= L <= high`); the last episode's verdict within 15 minutes after it, never past `k`: `broke` (a close beyond by > 0.5 x atr14 on the far side), `held`, `pending` (window still open at `k`), `none`, `na` [one-hot level `none`]"
fz_entered_read=HUNT,0.0,0.0,25,0,1.0,data/README.md,"the FZ ledger as of the SETUP bar (fz_*, as-of; FZ.md section 8): fz.run's row field as of bar k [one-hot level `HUNT`]"
fz_entered_read=FIRST_PRINT,0.0,0.0,19,0,1.0,data/README.md,"the FZ ledger as of the SETUP bar (fz_*, as-of; FZ.md section 8): fz.run's row field as of bar k [one-hot level `FIRST_PRINT`]"
fz_entered_read=RECYCLE,0.0,0.0,26,0,1.0,data/README.md,"the FZ ledger as of the SETUP bar (fz_*, as-of; FZ.md section 8): fz.run's row field as of bar k [one-hot level `RECYCLE`]"
fz_take_why=defend_wrong_half,0.0,0.0,29,0,1.0,data/README.md,"the FZ ledger as of the SETUP bar (fz_*, as-of; FZ.md section 8): fz.run's row field as of bar k [one-hot level `defend_wrong_half`]"
fz_take_why=leave_gap_quiet,0.0,0.0,0,0,1.0,data/README.md,"the FZ ledger as of the SETUP bar (fz_*, as-of; FZ.md section 8): fz.run's row field as of bar k [one-hot level `leave_gap_quiet`]"
fz_entered_read=ACCEPTED,0.0,0.0,24,0,1.0,data/README.md,"the FZ ledger as of the SETUP bar (fz_*, as-of; FZ.md section 8): fz.run's row field as of bar k [one-hot level `ACCEPTED`]"
fz_take_why=leave_against,0.0,0.0,19,0,1.0,data/README.md,"the FZ ledger as of the SETUP bar (fz_*, as-of; FZ.md section 8): fz.run's row field as of bar k [one-hot level `leave_against`]"
fz_take_why=first_print_against,0.0,0.0,13,0,1.0,data/README.md,"the FZ ledger as of the SETUP bar (fz_*, as-of; FZ.md section 8): fz.run's row field as of bar k [one-hot level `first_print_against`]"
swing_near_kind=H,0.0,0.0,6,0,1.0,data/README.md,the nearer of the two [one-hot level `H`]
hv3_high_held,0.0,0.0,12,0,0.6709,data/README.md,"the latest bar of this session with `vol_ratio20 >= 2` / `>= 3`: bars ago, its direction (`up` / `down` / `flat` / `none`), agreement with `dir`, its ratio, whether its low / high held over `j+1 .. k` (None when `j = k`)"
hv3_dir=none,0.0,0.0,0,0,1.0,data/README.md,"the latest bar of this session with `vol_ratio20 >= 2` / `>= 3`: bars ago, its direction (`up` / `down` / `flat` / `none`), agreement with `dir`, its ratio, whether its low / high held over `j+1 .. k` (None when `j = k`) [one-hot level `none`]"
hv3_dir=flat,0.0,0.0,14,0,1.0,data/README.md,"the latest bar of this session with `vol_ratio20 >= 2` / `>= 3`: bars ago, its direction (`up` / `down` / `flat` / `none`), agreement with `dir`, its ratio, whether its low / high held over `j+1 .. k` (None when `j = k`) [one-hot level `flat`]"
card_read=HUNT,0.0,0.0,20,0,1.0,data/README.md,"the FZ card at the SETUP bar (card_*, as-of; FZ.md section 7): the field fz.run writes on the card as of bar k [one-hot level `HUNT`]"
card_read=NEW,0.0,0.0,9,0,1.0,data/README.md,"the FZ card at the SETUP bar (card_*, as-of; FZ.md section 7): the field fz.run writes on the card as of bar k [one-hot level `NEW`]"
card_read=ACCEPTED,0.0,0.0,11,0,1.0,data/README.md,"the FZ card at the SETUP bar (card_*, as-of; FZ.md section 7): the field fz.run writes on the card as of bar k [one-hot level `ACCEPTED`]"
card_read=FIRST_PRINT,0.0,0.0,13,0,1.0,data/README.md,"the FZ card at the SETUP bar (card_*, as-of; FZ.md section 7): the field fz.run writes on the card as of bar k [one-hot level `FIRST_PRINT`]"
last_choch_dir=down,0.0,0.0,12,0,1.0,data/README.md,the CHoCH before the latest one; the latest CHoCH's direction [one-hot level `down`]
last_bos_dir=none,0.0,0.0,8,0,1.0,data/README.md,the last BOS (NaN / `none` before the first) [one-hot level `none`]
touch_prot_last=held,0.0,0.0,10,0,1.0,data/README.md,"touch episodes of that level in the last hour before `k` (a bar touches when `low <= L <= high`); the last episode's verdict within 15 minutes after it, never past `k`: `broke` (a close beyond by > 0.5 x atr14 on the far side), `held`, `pending` (window still open at `k`), `none`, `na` [one-hot level `held`]"
hv2_dir=flat,0.0,0.0,14,0,1.0,data/README.md,"the latest bar of this session with `vol_ratio20 >= 2` / `>= 3`: bars ago, its direction (`up` / `down` / `flat` / `none`), agreement with `dir`, its ratio, whether its low / high held over `j+1 .. k` (None when `j = k`) [one-hot level `flat`]"
hv2_dir=none,0.0,0.0,0,0,1.0,data/README.md,"the latest bar of this session with `vol_ratio20 >= 2` / `>= 3`: bars ago, its direction (`up` / `down` / `flat` / `none`), agreement with `dir`, its ratio, whether its low / high held over `j+1 .. k` (None when `j = k`) [one-hot level `none`]"
csw_sign_dir,0.0,0.0,21,0,0.9816,features_ext/README.md,"sign(y_k - y_n) at the argmax of | S | - c, times dir_sign (+1 = the session's strongest move so far is in the SETUP's direction)"
n_bos_since_choch,0.0,0.0,3,0,1.0,data/README.md,"of those CHoCHs, the trend flips; BOS events after the last CHoCH"
touch_prot_last=broke,0.0,0.0,35,0,1.0,data/README.md,"touch episodes of that level in the last hour before `k` (a bar touches when `low <= L <= high`); the last episode's verdict within 15 minutes after it, never past `k`: `broke` (a close beyond by > 0.5 x atr14 on the far side), `held`, `pending` (window still open at `k`), `none`, `na` [one-hot level `broke`]"
hv3_bars_since__na,0.0,0.0,0,0,1.0,data/README.md,"the latest bar of this session with `vol_ratio20 >= 2` / `>= 3`: bars ago, its direction (`up` / `down` / `flat` / `none`), agreement with `dir`, its ratio, whether its low / high held over `j+1 .. k` (None when `j = k`) [missing indicator: 1 when the column is NaN]"
hv2_bars_since__na,0.0,0.0,0,0,1.0,data/README.md,"the latest bar of this session with `vol_ratio20 >= 2` / `>= 3`: bars ago, its direction (`up` / `down` / `flat` / `none`), agreement with `dir`, its ratio, whether its low / high held over `j+1 .. k` (None when `j = k`) [missing indicator: 1 when the column is NaN]"
vol_max_ratio20_choch_to_k__na,0.0,0.0,0,0,1.0,data/README.md,`vol_ratio20` at the CHoCH bar; its max over `choch_i .. k` [missing indicator: 1 when the column is NaN]
vol_ratio20_at_choch__na,0.0,0.0,0,0,1.0,data/README.md,`vol_ratio20` at the CHoCH bar; its max over `choch_i .. k` [missing indicator: 1 when the column is NaN]
room_ahead_dist_atr__na,0.0,0.0,7,0,1.0,data/README.md,"ST7/ST8 rooms alive at `k` (`birth_bar <= k < retired_bar`): the nearest edge (signed by `dir`: positive = ahead), the nearest edge strictly ahead / behind [missing indicator: 1 when the column is NaN]"
room_behind_dist_atr__na,0.0,0.0,9,0,1.0,data/README.md,"ST7/ST8 rooms alive at `k` (`birth_bar <= k < retired_bar`): the nearest edge (signed by `dir`: positive = ahead), the nearest edge strictly ahead / behind [missing indicator: 1 when the column is NaN]"
touch_prot_bars_ago__na,0.0,0.0,16,0,1.0,data/README.md,"touch episodes of that level in the last hour before `k` (a bar touches when `low <= L <= high`); the last episode's verdict within 15 minutes after it, never past `k`: `broke` (a close beyond by > 0.5 x atr14 on the far side), `held`, `pending` (window still open at `k`), `none`, `na` [missing indicator: 1 when the column is NaN]"
dist_prot_dir_atr__na,0.0,0.0,16,0,1.0,data/README.md,the engine's protected level at `k`; `sg x (close - prot) / a` (positive = the level is behind the entry) [missing indicator: 1 when the column is NaN]
touch_room_bars_ago__na,0.0,0.0,0,0,1.0,data/README.md,"touch episodes of that level in the last hour before `k` (a bar touches when `low <= L <= high`); the last episode's verdict within 15 minutes after it, never past `k`: `broke` (a close beyond by > 0.5 x atr14 on the far side), `held`, `pending` (window still open at `k`), `none`, `na` [missing indicator: 1 when the column is NaN]"
card_visit_n__na,0.0,0.0,9,0,1.0,data/README.md,"the FZ card at the SETUP bar (card_*, as-of; FZ.md section 7): the field fz.run writes on the card as of bar k [missing indicator: 1 when the column is NaN]"
card_bars_since_reject__na,0.0,0.0,9,0,1.0,data/README.md,"the FZ card at the SETUP bar (card_*, as-of; FZ.md section 7): the field fz.run writes on the card as of bar k [missing indicator: 1 when the column is NaN]"
ffd_close_dstar__na,0.0,0.0,8,0,1.0,features_ext/README.md,"fixed-width fractionally differentiated log close at d* (weights w_0 = 1, w_j = -w_{j-1}(d-j+1)/j, cut at | w | < 1e-4; the window length is reported below) [missing indicator: 1 when the column is NaN]"
bsadf_close__na,0.0,0.0,8,0,1.0,features_ext/README.md,"backward SADF (Phillips, Shi & Yu 2015): max over start bars s in [k-W+1, k-m+1] of the ADF t-statistic (constant, y_{t-1}, 2 lags of dy) of log close over bars s..k; W = 375 / 75 bars, m = 60 / 15 (1m / 5m); the window is demeaned by its first value (the intercept absorbs it) [missing indicator: 1 when the column is NaN]"
csw_max_abs__na,0.0,0.0,0,0,1.0,features_ext/README.md,"Chu-Stinchcombe-White (AFML 17.4.1) on the session's log-close levels: max over n in [s0, k-1] of | S_{n,k} | , S_{n,k} = (y_k - y_n) / (sigma_k sqrt(k-n)), sigma_k^2 = mean squared level change over the session's bars s0+1..k; NaN when the SETUP is in the session's first two bars [missing indicator: 1 when the column is NaN]"
bocpd_ret_h60_since_reset__na,0.0,0.0,8,0,1.0,features_ext/README.md,bars since the last bar at which the MAP run length fell (a declared change point); NaN before the first [missing indicator: 1 when the column is NaN]
nn_dist_prefix_long__na,0.0,0.0,8,0,1.0,features_ext/README.md,"causal novelty (matrix-profile discord applied online): the minimum of the z-normalised Euclidean distance profile (stumpy.mass) of the m-bar close window close_{k-m+1..k} against every m-bar subsequence of close_{0..k-m-1} (the tape strictly before k-m); m = 30 / 60 (1m), 12 / 24 (5m) for short / long; NaN when the prefix holds no m-bar subsequence or the window is constant [missing indicator: 1 when the column is NaN]"
