cluster,ll_mda_recomputed,ll_mda_table,ll_mda_exactly_zero_all_folds,never_split_identity,ll_mda_float64_base_noise,auc_mda_mean,auc_mda_std,auc_mda_ratio,auc_mda_pass_mean_gt_std,auc_mda_folds_positive,auc_mda_pooled,auc_rank
0,-0.009371,-0.009371,False,False,2.7149296699668923e-10,0.02997,0.01647,1.819,True,12,0.02249,1
4,-0.011626,-0.011626,False,False,2.7149296699668923e-10,0.01998,0.03962,0.504,False,9,0.02684,2
3,-0.000961,-0.000961,False,False,2.7149296699668923e-10,0.00398,0.00676,0.589,False,10,0.00273,3
13,7.6e-05,7.6e-05,False,False,2.7149296699668923e-10,0.00085,0.00078,1.086,True,12,0.00034,4
10,-0.000217,-0.000217,False,False,2.7149296699668923e-10,0.00033,0.00251,0.133,False,8,0.00092,5
9,1.4e-05,1.4e-05,False,False,2.7149296699668923e-10,0.00032,0.00124,0.257,False,8,0.00023,6
6,-5.8e-05,-5.8e-05,False,False,2.7149296699668923e-10,0.00031,0.00132,0.233,False,10,0.00019,7
32,-1.3e-05,-1.3e-05,False,False,2.7149296699668923e-10,7e-05,0.00016,0.439,False,4,3e-05,8
15,1.9e-05,1.9e-05,False,False,2.7149296699668923e-10,3e-05,0.00045,0.07,False,5,-5e-05,9
33,0.0,0.0,True,True,2.7149296699668923e-10,0.0,0.0,,False,0,0.0,10
37,0.0,0.0,True,True,2.7149296699668923e-10,0.0,0.0,,False,0,0.0,11
30,0.0,0.0,True,True,2.7149296699668923e-10,0.0,0.0,,False,0,0.0,12
14,0.0,0.0,True,True,2.7149296699668923e-10,0.0,0.0,,False,0,0.0,13
8,0.0,0.0,True,True,2.7149296699668923e-10,0.0,0.0,,False,0,0.0,14
20,0.0,0.0,True,True,2.7149296699668923e-10,0.0,0.0,,False,0,0.0,15
19,0.0,0.0,True,True,2.7149296699668923e-10,0.0,0.0,,False,0,0.0,16
21,0.0,0.0,True,True,2.7149296699668923e-10,0.0,0.0,,False,0,0.0,17
18,0.0,0.0,True,True,2.7149296699668923e-10,0.0,0.0,,False,0,0.0,18
24,0.0,0.0,True,True,2.7149296699668923e-10,0.0,0.0,,False,0,0.0,19
25,0.0,0.0,True,True,2.7149296699668923e-10,0.0,0.0,,False,0,0.0,20
23,0.0,0.0,True,True,2.7149296699668923e-10,0.0,0.0,,False,0,0.0,21
16,0.0,0.0,True,True,2.7149296699668923e-10,0.0,0.0,,False,0,0.0,22
28,0.0,0.0,True,True,2.7149296699668923e-10,0.0,0.0,,False,0,0.0,23
27,0.0,0.0,True,True,2.7149296699668923e-10,0.0,0.0,,False,0,0.0,24
29,0.0,0.0,True,True,2.7149296699668923e-10,0.0,0.0,,False,0,0.0,25
35,0.0,0.0,True,True,2.7149296699668923e-10,0.0,0.0,,False,0,0.0,26
26,0.0,0.0,True,True,2.7149296699668923e-10,0.0,0.0,,False,0,0.0,27
5,-0.000387,-0.000387,False,False,2.7149296699668923e-10,-1e-05,0.00104,-0.012,False,6,7e-05,28
31,-4e-06,-4e-06,False,False,2.7149296699668923e-10,-4e-05,0.00015,-0.289,False,0,-0.0,29
34,-3e-06,-3e-06,False,False,2.7149296699668923e-10,-8e-05,0.00013,-0.636,False,0,0.0,30
36,-3.4e-05,-3.4e-05,False,False,2.7149296699668923e-10,-0.0001,0.00022,-0.475,False,2,-2e-05,31
12,-0.000106,-0.000106,False,False,2.7149296699668923e-10,-0.00014,0.00092,-0.15,False,6,-7e-05,32
22,-2.7e-05,-2.7e-05,False,False,2.7149296699668923e-10,-0.00039,0.00089,-0.436,False,7,-0.00024,33
17,-5.2e-05,-5.2e-05,False,False,2.7149296699668923e-10,-0.00044,0.0016,-0.273,False,5,-9e-05,34
2,-0.002743,-0.002743,False,False,2.7149296699668923e-10,-0.00054,0.00612,-0.088,False,6,-0.00046,35
7,0.000295,0.000295,False,False,2.7149296699668923e-10,-0.00078,0.00259,-0.299,False,6,-0.00029,36
11,0.000157,0.000157,False,False,2.7149296699668923e-10,-0.0008,0.00196,-0.411,False,5,-0.00046,37
1,-0.007105,-0.007105,False,False,2.7149296699668923e-10,-0.00279,0.01237,-0.225,False,7,0.00045,38
