,room_ahead_dist_atr,fz_dist_band_edge_behind,fz_pos_in_band_dir,card_vol_ratio,card_this_bars,card_out_run,touch_room_last=broke,fz_watch_kind=WATCH_EDGE,fz_take_why=nan,card_read=PENDING,card_out_side=down,fz_entered_read=nan,touch_room_bars_ago,room_edge_dist_dir_atr,fz_level_in_band,touch_room_last=held,card_read=ACCEPTED,fz_branch=defend,fz_take_why=accepted_no_defend,card_first_bars,card_read=FIRST_PRINT,fz_branch=first_print,fz_take_why=first_print_against,sl,ffd_close_dstar,n_events_asof,room_behind_dist_atr,card_last_hunt_dir=nan,fz_gate=BLOCK,fz_block_reason=new,card_last_reject_dir=nan,card_read=NEW,last_bos_dir=none,touch_swing_last=held,hour_bin=>=15:20,touch_prot_last=broke,hour_bin=10,fz_take_why=defend_opposite_in_visit,fz_entered_read=REJECT,hv2_dir=flat
room_ahead_dist_atr,0.163653,0.009781,0.011516,0.00915,0.0034,0.014764,0.000903,0.004982,0.00068,0.0,0.000285,0.000357,0.008977,0.005795,0.005768,0.000573,0.0,0.0,1e-06,0.009926,0.000278,0.0,0.0,0.01404,0.009823,0.00735,0.022748,0.000826,0.00052,0.000294,0.0,0.0,0.0,2e-05,9.4e-05,0.0,0.008386,0.0,0.0,0.0
fz_dist_band_edge_behind,0.009781,0.088986,0.011468,0.005753,0.006523,0.006485,9.6e-05,0.001043,0.000837,1.3e-05,0.0,0.000449,0.004132,0.002588,0.013417,0.000998,0.0,0.0,0.0,0.004344,0.000389,0.0,0.0,0.004245,0.00185,0.007427,0.007739,0.0,0.000313,0.0,0.000262,0.0,0.0,0.0,4.2e-05,0.0,0.001473,0.0,0.0,0.0
fz_pos_in_band_dir,0.011516,0.011468,0.065519,0.008265,0.004135,0.004838,0.0,0.000611,0.001339,0.0,3e-06,0.000515,0.004222,0.002791,0.007606,0.000631,8.4e-05,0.0,0.0,0.00565,0.000139,0.0,0.0,0.004445,0.003188,0.004422,0.007739,8.9e-05,0.00029,0.0,0.000475,0.0,0.0,3e-06,1.9e-05,0.0,0.001195,0.0,0.0,0.0
card_vol_ratio,0.00915,0.005753,0.008265,0.079085,0.004868,0.00708,0.000168,0.002353,0.000106,6.5e-05,0.000369,0.00058,0.004688,0.003478,0.005808,8.5e-05,1e-06,0.0,2.9e-05,0.003105,3e-05,0.0,0.0,0.016126,0.010683,0.007012,0.019978,0.0,0.002502,2.1e-05,0.001007,0.0,0.0,2e-06,1.7e-05,0.0,0.000228,0.0,0.0,0.0
card_this_bars,0.0034,0.006523,0.004135,0.004868,0.04437,0.000498,0.0,0.00024,0.0,0.0,0.000128,0.0,0.003567,0.001942,0.002349,0.000437,0.0,0.0,1.3e-05,0.011015,1.7e-05,0.0,0.0,0.027015,0.015936,0.000978,0.003291,0.0,0.000538,0.0,0.000152,0.0,0.0,3e-06,4.7e-05,0.0,0.000906,0.0,0.0,0.0
card_out_run,0.014764,0.006485,0.004838,0.00708,0.000498,0.062899,0.000255,0.0,0.0,0.0,0.0,0.0,0.000423,0.001024,0.001912,0.000106,0.0,0.0,1e-06,0.000808,6e-05,0.0,0.0,0.000304,0.000533,0.003382,0.002693,0.000133,2e-05,0.0,0.0,0.0,0.0,4e-06,1.4e-05,0.0,0.000595,0.0,0.0,0.0
touch_room_last=broke,0.000903,9.6e-05,0.0,0.000168,0.0,0.000255,0.001352,0.0,0.0,0.0,0.0,6.8e-05,0.0,0.0,0.0,0.0,0.0,0.0,0.0,0.000678,0.0,0.0,0.0,0.000226,0.001266,0.0,0.0,0.000399,0.0,0.0,0.0,0.0,0.0,2.9e-05,0.0,0.0,0.0,0.0,0.0,0.0
fz_watch_kind=WATCH_EDGE,0.004982,0.001043,0.000611,0.002353,0.00024,0.0,0.0,0.011008,0.0,0.0,0.0,0.0,0.000441,0.0,0.00066,0.0,0.0,0.0,0.0,0.000103,6e-06,0.0,0.0,0.001517,0.00014,0.000132,0.000497,0.0,0.0,0.0,0.0,0.0,0.0,0.0,1e-06,0.0,0.000246,0.0,0.0,0.0
fz_take_why=nan,0.00068,0.000837,0.001339,0.000106,0.0,0.0,0.0,0.0,0.006057,0.0,0.0,0.000485,0.000451,0.000109,5.1e-05,0.0,0.0,0.0,3e-06,0.000645,3.4e-05,0.0,0.0,0.000193,0.000246,0.000185,0.00014,0.0,0.0,0.0,0.0,0.0,0.0,0.0,0.0,0.0,0.000113,0.0,0.0,0.0
card_read=PENDING,0.0,1.3e-05,0.0,6.5e-05,0.0,0.0,0.0,0.0,0.0,6.3e-05,0.0,0.0,0.0,0.0,0.0,0.0,0.0,0.0,0.0,1.1e-05,0.0,0.0,0.0,0.0,0.0,0.0,0.0,0.0,0.0,0.0,0.0,0.0,0.0,0.0,0.0,0.0,0.0,0.0,0.0,0.0
card_out_side=down,0.000285,0.0,3e-06,0.000369,0.000128,0.0,0.0,0.0,0.0,0.0,0.003091,0.0,0.00057,2.6e-05,0.001198,0.0,0.0,0.0,0.0,0.000413,0.0,0.0,0.0,5.8e-05,5e-06,3.3e-05,1.8e-05,0.0,0.0,0.0,0.0,0.0,0.0,0.0,0.0,0.0,0.0,0.0,0.0,0.0
fz_entered_read=nan,0.000357,0.000449,0.000515,0.00058,0.0,0.0,6.8e-05,0.0,0.000485,0.0,0.0,0.003412,3.9e-05,2.6e-05,0.0,0.000251,0.0,0.0,0.0,0.000231,0.0,0.0,0.0,0.000326,0.000387,0.000386,0.000126,1.3e-05,0.0,0.0,0.0,0.0,0.0,0.0,7e-06,0.0,0.0,0.0,0.0,0.0
touch_room_bars_ago,0.008977,0.004132,0.004222,0.004688,0.003567,0.000423,0.0,0.000441,0.000451,0.0,0.00057,3.9e-05,0.076616,0.002902,0.017403,0.0,0.0,0.0,6.6e-05,0.006036,0.000131,0.0,0.0,0.018236,0.005264,0.008219,0.008141,0.000213,0.001077,7.3e-05,2.3e-05,0.0,0.0,0.0,3.6e-05,0.0,6.2e-05,0.0,0.0,0.0
room_edge_dist_dir_atr,0.005795,0.002588,0.002791,0.003478,0.001942,0.001024,0.0,0.0,0.000109,0.0,2.6e-05,2.6e-05,0.002902,0.04179,0.003913,0.00013,0.0,0.0,0.0,0.006083,0.003544,0.000122,0.0,0.01068,0.004402,0.004496,0.008545,0.0,0.000314,3.8e-05,0.0,0.0,0.0,0.0,1.2e-05,0.0,0.000267,0.0,7.3e-05,0.0
fz_level_in_band,0.005768,0.013417,0.007606,0.005808,0.002349,0.001912,0.0,0.00066,5.1e-05,0.0,0.001198,0.0,0.017403,0.003913,0.082217,0.005124,0.0,0.0,0.0,0.001492,0.0,0.0,0.0,0.001436,0.00404,0.003887,0.005032,0.0,0.000719,6.7e-05,0.001009,0.0,0.0,0.0,3.4e-05,0.0,0.000322,0.0,0.0,0.0
touch_room_last=held,0.000573,0.000998,0.000631,8.5e-05,0.000437,0.000106,0.0,0.0,0.0,0.0,0.0,0.000251,0.0,0.00013,0.005124,0.014263,0.0,0.0,0.0,1.9e-05,0.0,0.0,0.0,0.000446,0.002354,0.000509,0.001335,0.0,0.0,0.000155,0.0,0.0,0.0,0.0,4e-06,0.0,9e-06,0.0,0.0,0.0
card_read=ACCEPTED,0.0,0.0,8.4e-05,1e-06,0.0,0.0,0.0,0.0,0.0,0.0,0.0,0.0,0.0,0.0,0.0,0.0,0.000143,0.0,0.0,0.0,0.0,0.0,0.0,0.0,0.0,0.0,0.0,0.0,0.0,0.0,0.0,0.0,0.0,0.0,0.0,0.0,0.0,0.0,0.0,0.0
fz_branch=defend,0.0,0.0,0.0,0.0,0.0,0.0,0.0,0.0,0.0,0.0,0.0,0.0,0.0,0.0,0.0,0.0,0.0,0.0,0.0,0.0,0.0,0.0,0.0,0.0,0.0,0.0,0.0,0.0,0.0,0.0,0.0,0.0,0.0,0.0,0.0,0.0,0.0,0.0,0.0,0.0
fz_take_why=accepted_no_defend,1e-06,0.0,0.0,2.9e-05,1.3e-05,1e-06,0.0,0.0,3e-06,0.0,0.0,0.0,6.6e-05,0.0,0.0,0.0,0.0,0.0,0.000246,5e-06,0.0,0.0,0.0,0.0,0.0,0.0,2e-06,0.0,0.0,0.0,0.0,0.0,0.0,0.0,0.0,0.0,0.0,0.0,0.0,0.0
card_first_bars,0.009926,0.004344,0.00565,0.003105,0.011015,0.000808,0.000678,0.000103,0.000645,1.1e-05,0.000413,0.000231,0.006036,0.006083,0.001492,1.9e-05,0.0,0.0,5e-06,0.066275,4.4e-05,0.0,1e-06,0.003195,0.004988,0.002135,0.010697,0.0,0.000102,0.000218,0.0,0.0,0.0,6e-06,4.5e-05,0.0,0.000895,0.0,0.0,0.0
card_read=FIRST_PRINT,0.000278,0.000389,0.000139,3e-05,1.7e-05,6e-05,0.0,6e-06,3.4e-05,0.0,0.0,0.0,0.000131,0.003544,0.0,0.0,0.0,0.0,0.0,4.4e-05,0.00723,0.000206,0.0,3.3e-05,1.6e-05,0.001088,0.000334,0.0,6.1e-05,0.0,0.0,0.0,0.0,0.0,2e-05,0.0,0.000169,0.0,0.0,0.0
fz_branch=first_print,0.0,0.0,0.0,0.0,0.0,0.0,0.0,0.0,0.0,0.0,0.0,0.0,0.0,0.000122,0.0,0.0,0.0,0.0,0.0,0.0,0.000206,0.000172,0.0,0.0,0.0,0.0,0.0,0.0,0.0,0.0,0.0,0.0,0.0,0.0,0.0,0.0,0.0,0.0,0.0,0.0
fz_take_why=first_print_against,0.0,0.0,0.0,0.0,0.0,0.0,0.0,0.0,0.0,0.0,0.0,0.0,0.0,0.0,0.0,0.0,0.0,0.0,0.0,1e-06,0.0,0.0,0.000103,0.0,0.0,0.0,0.0,0.0,0.0,0.0,0.0,0.0,0.0,0.0,0.0,0.0,0.0,0.0,0.0,0.0
sl,0.01404,0.004245,0.004445,0.016126,0.027015,0.000304,0.000226,0.001517,0.000193,0.0,5.8e-05,0.000326,0.018236,0.01068,0.001436,0.000446,0.0,0.0,0.0,0.003195,3.3e-05,0.0,0.0,0.141422,0.03824,0.031623,0.007404,0.000328,0.000903,0.001688,0.0,0.0,0.0,5.9e-05,2.4e-05,0.0,0.001489,0.0,0.0,0.0
ffd_close_dstar,0.009823,0.00185,0.003188,0.010683,0.015936,0.000533,0.001266,0.00014,0.000246,0.0,5e-06,0.000387,0.005264,0.004402,0.00404,0.002354,0.0,0.0,0.0,0.004988,1.6e-05,0.0,0.0,0.03824,0.104027,0.009052,0.005497,0.000773,0.0008,0.001139,5e-05,0.0,0.0,2e-06,4.1e-05,0.0,0.000189,0.0,0.0,0.0
n_events_asof,0.00735,0.007427,0.004422,0.007012,0.000978,0.003382,0.0,0.000132,0.000185,0.0,3.3e-05,0.000386,0.008219,0.004496,0.003887,0.000509,0.0,0.0,0.0,0.002135,0.001088,0.0,0.0,0.031623,0.009052,0.147801,0.012143,4.4e-05,0.00064,0.000418,0.0,0.0,0.0,5.1e-05,2e-06,0.0,0.001209,0.0,0.0,0.0
room_behind_dist_atr,0.022748,0.007739,0.007739,0.019978,0.003291,0.002693,0.0,0.000497,0.00014,0.0,1.8e-05,0.000126,0.008141,0.008545,0.005032,0.001335,0.0,0.0,2e-06,0.010697,0.000334,0.0,0.0,0.007404,0.005497,0.012143,0.197297,3.7e-05,2e-05,5.2e-05,0.000133,0.0,0.0,6e-06,7e-05,0.0,0.000869,0.0,0.0,0.0
card_last_hunt_dir=nan,0.000826,0.0,8.9e-05,0.0,0.0,0.000133,0.000399,0.0,0.0,0.0,0.0,1.3e-05,0.000213,0.0,0.0,0.0,0.0,0.0,0.0,0.0,0.0,0.0,0.0,0.000328,0.000773,4.4e-05,3.7e-05,0.00166,0.0,0.0,0.0,0.0,0.0,0.0,0.0,0.0,0.0,0.0,0.0,0.0
fz_gate=BLOCK,0.00052,0.000313,0.00029,0.002502,0.000538,2e-05,0.0,0.0,0.0,0.0,0.0,0.0,0.001077,0.000314,0.000719,0.0,0.0,0.0,0.0,0.000102,6.1e-05,0.0,0.0,0.000903,0.0008,0.00064,2e-05,0.0,0.01386,0.0,0.0,0.0,0.0,0.0,0.0,0.0,0.000774,0.0,0.0,0.0
fz_block_reason=new,0.000294,0.0,0.0,2.1e-05,0.0,0.0,0.0,0.0,0.0,0.0,0.0,0.0,7.3e-05,3.8e-05,6.7e-05,0.000155,0.0,0.0,0.0,0.000218,0.0,0.0,0.0,0.001688,0.001139,0.000418,5.2e-05,0.0,0.0,0.002952,0.0,0.0,0.0,0.0,0.0,0.0,7.4e-05,0.0,0.0,0.0
card_last_reject_dir=nan,0.0,0.000262,0.000475,0.001007,0.000152,0.0,0.0,0.0,0.0,0.0,0.0,0.0,2.3e-05,0.0,0.001009,0.0,0.0,0.0,0.0,0.0,0.0,0.0,0.0,0.0,5e-05,0.0,0.000133,0.0,0.0,0.0,0.002153,0.0,0.0,0.0,0.0,0.0,0.0,0.0,0.0,0.0
card_read=NEW,0.0,0.0,0.0,0.0,0.0,0.0,0.0,0.0,0.0,0.0,0.0,0.0,0.0,0.0,0.0,0.0,0.0,0.0,0.0,0.0,0.0,0.0,0.0,0.0,0.0,0.0,0.0,0.0,0.0,0.0,0.0,0.0,0.0,0.0,0.0,0.0,0.0,0.0,0.0,0.0
last_bos_dir=none,0.0,0.0,0.0,0.0,0.0,0.0,0.0,0.0,0.0,0.0,0.0,0.0,0.0,0.0,0.0,0.0,0.0,0.0,0.0,0.0,0.0,0.0,0.0,0.0,0.0,0.0,0.0,0.0,0.0,0.0,0.0,0.0,0.0,0.0,0.0,0.0,0.0,0.0,0.0,0.0
touch_swing_last=held,2e-05,0.0,3e-06,2e-06,3e-06,4e-06,2.9e-05,0.0,0.0,0.0,0.0,0.0,0.0,0.0,0.0,0.0,0.0,0.0,0.0,6e-06,0.0,0.0,0.0,5.9e-05,2e-06,5.1e-05,6e-06,0.0,0.0,0.0,0.0,0.0,0.0,0.000582,0.0,0.0,0.0,0.0,0.0,0.0
hour_bin=>=15:20,9.4e-05,4.2e-05,1.9e-05,1.7e-05,4.7e-05,1.4e-05,0.0,1e-06,0.0,0.0,0.0,7e-06,3.6e-05,1.2e-05,3.4e-05,4e-06,0.0,0.0,0.0,4.5e-05,2e-05,0.0,0.0,2.4e-05,4.1e-05,2e-06,7e-05,0.0,0.0,0.0,0.0,0.0,0.0,0.0,0.021281,0.0,2e-06,0.0,0.0,0.0
touch_prot_last=broke,0.0,0.0,0.0,0.0,0.0,0.0,0.0,0.0,0.0,0.0,0.0,0.0,0.0,0.0,0.0,0.0,0.0,0.0,0.0,0.0,0.0,0.0,0.0,0.0,0.0,0.0,0.0,0.0,0.0,0.0,0.0,0.0,0.0,0.0,0.0,0.0,0.0,0.0,0.0,0.0
hour_bin=10,0.008386,0.001473,0.001195,0.000228,0.000906,0.000595,0.0,0.000246,0.000113,0.0,0.0,0.0,6.2e-05,0.000267,0.000322,9e-06,0.0,0.0,0.0,0.000895,0.000169,0.0,0.0,0.001489,0.000189,0.001209,0.000869,0.0,0.000774,7.4e-05,0.0,0.0,0.0,0.0,2e-06,0.0,0.022235,0.0,0.0,0.0
fz_take_why=defend_opposite_in_visit,0.0,0.0,0.0,0.0,0.0,0.0,0.0,0.0,0.0,0.0,0.0,0.0,0.0,0.0,0.0,0.0,0.0,0.0,0.0,0.0,0.0,0.0,0.0,0.0,0.0,0.0,0.0,0.0,0.0,0.0,0.0,0.0,0.0,0.0,0.0,0.0,0.0,0.0,0.0,0.0
fz_entered_read=REJECT,0.0,0.0,0.0,0.0,0.0,0.0,0.0,0.0,0.0,0.0,0.0,0.0,0.0,7.3e-05,0.0,0.0,0.0,0.0,0.0,0.0,0.0,0.0,0.0,0.0,0.0,0.0,0.0,0.0,0.0,0.0,0.0,0.0,0.0,0.0,0.0,0.0,0.0,0.0,0.000133,0.0
hv2_dir=flat,0.0,0.0,0.0,0.0,0.0,0.0,0.0,0.0,0.0,0.0,0.0,0.0,0.0,0.0,0.0,0.0,0.0,0.0,0.0,0.0,0.0,0.0,0.0,0.0,0.0,0.0,0.0,0.0,0.0,0.0,0.0,0.0,0.0,0.0,0.0,0.0,0.0,0.0,0.0,0.0
