metric,real,memoryless_mean,memoryless_indep_duration_mean
units,826.0,961.9405,962.09
sessions,408.0,408.0,408.0
win_rate,0.2772397094430993,0.2697661204765773,0.2720299321329145
mean_net,-757.0522518159806,-770.7606025588314,-759.4400406937616
bars_held_win_mean,38.13100436681223,36.95919954403619,19.213355111582047
bars_held_win_median,34.0,33.3975,10.9475
bars_held_loss_mean,12.058626465661641,11.50145817318362,18.01923048940809
bars_held_loss_median,8.0,7.50375,10.05
bars_held_stop_mean,8.511560693641618,8.433871911032057,19.672697634818054
p_follow_given_win,0.06550218340611354,0.1751926348726699,0.586450640485003
p_follow_given_loss,0.6750418760469011,0.7235128841214478,0.5716537966076884
cell_multi_units,79.0,145.187,146.47
cell_multi_last_win_rate,0.3076923076923077,0.28918297820769434,0.28268555955925223
cell_multi_nonlast_win_rate,0.0,0.023975088226195325,0.2786916158220135
cell_multi_first_win_rate,0.0,0.024423042079398164,0.2795987989860222
cell_multi_last_mean_net,-620.8076923076923,-681.8491467515191,-737.8514200556747
cell_multi_nonlast_mean_net,-3059.62625,-2755.1124198595694,-784.3868571786597
sess_multi_last_win_rate,0.4703389830508475,0.4285881055048801,0.2527353781090129
sess_multi_nonlast_win_rate,0.03588516746411483,0.0821304328870179,0.2771241018322372
