i,t,side,level,formed,pivot1,pivot2,retests,squeeze_slope,pressure
332,2021-10-07 11:55:00,1,17865.0,270,227,263,0,4.319696969697789,False
3215,2021-12-06 14:40:00,-1,17000.0,2925,2878,2923,1,-8.124242424241913,True
5394,2022-01-14 15:00:00,1,18303.4,5325,5256,5322,0,4.642424242424066,False
7000,2022-02-16 13:40:00,1,17443.75,6966,6776,6947,2,4.828181818182781,True
7172,2022-02-21 09:15:00,-1,17217.35,7125,7037,7097,0,-2.48727272727233,False
9787,2022-04-19 14:55:00,-1,17201.3,9771,9740,9766,1,-9.44666666666614,True
14165,2022-07-18 09:15:00,1,16142.45,13961,13928,13951,0,12.56393939393904,False
14221,2022-07-18 13:55:00,1,16253.2,13865,13715,13854,6,1.2427272727269787,True
14680,2022-07-26 14:40:00,-1,16506.15,14665,14445,14638,2,-0.08575757575724834,True
15170,2022-08-04 11:45:00,-1,17241.1,15122,15001,15101,1,-23.299393939393422,True
16568,2022-09-05 09:30:00,1,17661.5,16557,16490,16550,0,7.54606060606193,False
17960,2022-09-29 13:00:00,-1,16833.7,17915,17841,17914,2,-8.247272727272769,True
18699,2022-10-14 12:05:00,1,17353.95,18365,18299,18357,1,2.3503030303025345,True
20311,2022-11-17 15:10:00,-1,18403.5,20285,20171,20265,1,-3.440909090908087,True
21954,2022-12-19 14:35:00,1,18488.85,21869,21819,21857,0,-0.6039393939393423,False
23747,2023-01-20 14:00:00,-1,18081.0,23707,23626,23695,1,-5.182727272727087,True
26153,2023-03-09 14:30:00,-1,17654.0,26026,25939,26016,2,0.07999999999974836,False
26765,2023-03-22 09:15:00,1,17207.75,26615,26540,26611,0,0.50818181818245,False
28241,2023-04-24 13:30:00,1,17724.3,28054,27959,28044,2,4.359393939393331,True
29248,2023-05-15 10:00:00,1,18388.75,29165,28960,29090,3,8.546363636363612,True
30339,2023-06-02 13:25:00,1,18659.0,30298,30222,30290,0,2.309393939393299,False
32160,2023-07-07 15:10:00,-1,19400.0,32153,31939,32143,2,-4.259999999999972,True
32239,2023-07-11 09:15:00,1,19480.5,32192,32155,32178,0,3.991212121212485,False
34564,2023-08-24 09:15:00,1,19505.0,34191,34108,34184,0,2.2018181818181626,False
34652,2023-08-25 10:20:00,-1,19275.1,34321,34282,34311,3,-2.613030303030376,True
36739,2023-10-06 09:15:00,1,19615.45,36700,36568,36687,0,2.57121212121207,False
38623,2023-11-13 10:00:00,1,19524.0,38518,38446,38501,1,0.5081818181816661,True
41014,2024-01-01 09:15:00,-1,21830.0,41008,40951,41000,0,-4.44212121212131,False
41071,2024-01-01 14:00:00,1,21934.75,41014,40976,41008,0,2.3448484848486184,False
48785,2024-06-04 09:25:00,-1,22610.0,48708,48671,48700,0,-56.31636363636293,False
49250,2024-06-12 10:40:00,1,23450.0,49225,48782,49212,0,2.0566666666665734,False
49452,2024-06-14 15:00:00,1,23472.6,49438,49253,49394,1,3.5099999999999745,True
49758,2024-06-24 09:15:00,-1,23433.1,49739,49548,49729,2,-8.46757575757615,True
50129,2024-06-28 15:10:00,-1,24115.05,50116,50058,50101,0,-4.9560606060611025,False
51295,2024-07-23 12:20:00,-1,24240.0,50774,50441,50766,0,-8.888484848484206,False
52235,2024-08-09 09:25:00,1,24398.0,52114,52009,52099,1,26.4800000000007,True
54704,2024-09-25 15:10:00,1,25999.9,54633,54572,54625,0,3.7354545454553905,False
58989,2024-12-20 09:45:00,-1,23921.0,58987,58911,58983,0,7.881818181818641,False
61308,2025-02-03 09:15:00,-1,23415.0,61293,61158,61280,0,-11.453333333332182,False
62220,2025-02-19 10:15:00,1,23054.0,62136,62048,62111,1,15.701515151515508,True
63410,2025-03-17 09:25:00,1,22616.35,63359,63258,63346,0,17.621818181818675,False
65918,2025-06-05 12:10:00,1,24929.0,65734,65639,65733,1,7.8175757575762495,True
72353,2025-10-08 10:55:00,-1,25190.0,72337,72286,72333,1,-4.846060606060453,True
76321,2025-12-26 09:15:00,-1,26163.0,76247,76176,76246,7,-2.07030303030345,True
83146,2026-06-11 09:15:00,-1,23143.9,83033,82995,83022,0,-9.45575757575781,False
83281,2026-06-12 14:15:00,1,23589.8,82863,82765,82857,3,13.981818181818811,True
88621,2026-09-24 09:15:00,-1,23281.3,88530,88298,88528,0,-7.661818181818433,False
