entry_i,entry_time,side,level,entry_px,stop_dist,stop_atr,exit_i,exit_time,exit_px,exit_reason,gross_pts,net,mfe,mae,retests,pressure
332,2021-10-07 11:55:00,LONG,17865.0,17867.5,19.11,1.15,342,2021-10-07 12:45:00,17848.39,stop,-19.11,-2244.87,12.5,-21.4,0,False
3215,2021-12-06 14:40:00,SHORT,17000.0,16989.5,32.44,1.479,3224,2021-12-06 15:25:00,16950.0,eod,39.5,1579.82,47.45,-22.8,1,True
5394,2022-01-14 15:00:00,LONG,18303.4,18315.9,27.17,1.852,5397,2022-01-14 15:15:00,18288.73,stop,-27.17,-2776.17,4.1,-34.65,0,False
7000,2022-02-16 13:40:00,LONG,17443.75,17461.25,47.09,1.591,7008,2022-02-16 14:20:00,17414.16,stop,-47.09,-4056.16,33.75,-58.15,2,True
9787,2022-04-19 14:55:00,SHORT,17201.3,17162.5,64.96,2.483,9789,2022-04-19 15:05:00,17032.58,target,129.92,7454.2,209.5,0.0,1,True
14221,2022-07-18 13:55:00,LONG,16253.2,16264.0,23.83,1.829,14239,2022-07-18 15:25:00,16311.65,target,47.65,2121.29,48.0,-14.5,6,True
14680,2022-07-26 14:40:00,SHORT,16506.15,16488.5,34.98,2.019,14689,2022-07-26 15:25:00,16479.95,eod,8.55,-423.44,13.35,-27.7,2,True
15170,2022-08-04 11:45:00,SHORT,17241.1,17218.1,57.76,1.662,15171,2022-08-04 11:50:00,17275.86,stop,-57.76,-4746.11,7.95,-69.85,1,True
16568,2022-09-05 09:30:00,LONG,17661.5,17664.4,32.56,1.098,16639,2022-09-05 15:25:00,17704.0,eod,39.6,1574.1,63.15,-23.4,0,False
17960,2022-09-29 13:00:00,SHORT,16833.7,16829.85,26.19,1.172,17979,2022-09-29 14:35:00,16856.04,stop,-26.19,-2687.34,43.8,-43.85,2,True
18699,2022-10-14 12:05:00,LONG,17353.95,17354.85,20.67,1.046,18704,2022-10-14 12:30:00,17334.18,stop,-20.67,-2336.98,12.15,-21.85,1,True
20311,2022-11-17 15:10:00,SHORT,18403.5,18361.05,60.49,3.353,20314,2022-11-17 15:25:00,18355.0,eod,6.05,-617.98,14.95,-24.95,1,True
21954,2022-12-19 14:35:00,LONG,18488.85,18489.65,18.32,1.046,21964,2022-12-19 15:25:00,18499.0,eod,9.35,-405.83,29.35,-9.65,0,False
23747,2023-01-20 14:00:00,SHORT,18081.0,18072.65,23.23,1.561,23764,2023-01-20 15:25:00,18055.95,eod,16.7,79.23,36.65,-19.3,1,True
26153,2023-03-09 14:30:00,SHORT,17654.0,17651.15,17.09,1.2,26154,2023-03-09 14:35:00,17668.24,stop,-17.09,-2109.95,2.7,-17.25,2,False
28241,2023-04-24 13:30:00,LONG,17724.3,17726.05,13.42,1.15,28257,2023-04-24 14:50:00,17752.89,target,26.84,743.71,32.1,-10.15,2,True
29248,2023-05-15 10:00:00,LONG,18388.75,18399.8,27.19,1.685,29281,2023-05-15 12:45:00,18454.18,target,54.38,2521.93,58.2,-9.7,3,True
30339,2023-06-02 13:25:00,LONG,18659.0,18663.05,16.58,1.323,30347,2023-06-02 14:05:00,18646.47,stop,-16.58,-2093.91,10.65,-22.05,0,False
32160,2023-07-07 15:10:00,SHORT,19400.0,19395.0,24.69,1.254,32163,2023-07-07 15:25:00,19387.0,eod,8.0,-508.91,14.45,-4.5,2,True
34652,2023-08-25 10:20:00,SHORT,19275.1,19268.2,30.21,1.296,34665,2023-08-25 11:25:00,19298.41,stop,-30.21,-2990.67,42.0,-34.4,3,True
38623,2023-11-13 10:00:00,LONG,19524.0,19532.55,23.44,1.574,38626,2023-11-13 10:15:00,19509.11,stop,-23.44,-2554.49,2.45,-30.85,1,True
41071,2024-01-01 14:00:00,LONG,21934.75,21944.95,24.95,1.691,41079,2024-01-01 14:40:00,21994.85,target,49.9,2170.44,59.0,-5.3,0,False
48785,2024-06-04 09:25:00,SHORT,22610.0,22607.5,92.6,1.028,48786,2024-06-04 09:30:00,22700.1,stop,-92.6,-7103.47,113.65,-172.5,0,False
49250,2024-06-12 10:40:00,LONG,23450.0,23458.3,31.16,1.363,49258,2024-06-12 11:20:00,23427.14,stop,-31.16,-3123.15,14.3,-31.35,0,False
49452,2024-06-14 15:00:00,LONG,23472.6,23484.45,25.94,1.841,49455,2024-06-14 15:15:00,23458.51,stop,-25.94,-2784.64,4.35,-38.5,1,True
50129,2024-06-28 15:10:00,SHORT,24115.05,24111.0,30.62,1.152,50132,2024-06-28 15:25:00,24132.0,eod,-21.0,-2474.67,2.9,-27.1,0,False
51295,2024-07-23 12:20:00,SHORT,24240.0,24202.65,93.7,1.663,51298,2024-07-23 12:35:00,24296.35,stop,-93.7,-7201.82,132.35,-131.45,0,False
52235,2024-08-09 09:25:00,LONG,24398.0,24425.0,71.32,1.609,52246,2024-08-09 10:20:00,24353.68,stop,-71.32,-5749.93,15.45,-82.6,1,True
54704,2024-09-25 15:10:00,LONG,25999.9,26010.95,28.81,1.622,54707,2024-09-25 15:25:00,26003.0,eod,-7.95,-1658.75,4.15,-14.95,0,False
58989,2024-12-20 09:45:00,SHORT,23921.0,23897.65,65.31,1.557,58995,2024-12-20 10:15:00,23962.96,stop,-65.31,-5351.13,72.0,-86.65,0,False
62220,2025-02-19 10:15:00,LONG,23054.0,23087.15,65.19,2.035,62227,2025-02-19 10:50:00,23021.96,stop,-65.19,-5328.63,19.05,-72.95,1,True
63410,2025-03-17 09:25:00,LONG,22616.35,22618.9,26.55,1.106,63417,2025-03-17 10:00:00,22592.35,stop,-26.55,-2809.38,50.05,-33.0,0,False
65918,2025-06-05 12:10:00,LONG,24929.0,24976.1,71.96,2.895,65930,2025-06-05 13:10:00,24904.14,stop,-71.96,-5800.86,32.7,-75.1,1,True
72353,2025-10-08 10:55:00,SHORT,25190.0,25177.4,34.01,1.588,72358,2025-10-08 11:20:00,25109.38,target,68.02,3293.93,75.4,-4.0,1,True
83281,2026-06-12 14:15:00,LONG,23589.8,23591.4,29.24,1.058,83288,2026-06-12 14:50:00,23649.89,target,58.49,2700.26,60.2,-11.8,3,True
