id,b00,b01,b02,b03,b04,b05,b06,b07,b08,b09,b10,b11,half_0_5,half_6_11,blocks_defined,blocks_positive,block_diff_p5,block_diff_min
r0_f1,-3292.08,-1546.21,-9044.87,2135.71,-1175.48,-603.24,456.56,-4897.98,1102.98,-1628.75,2058.61,-1103.13,-1344.08,-411.8,12,4,-6764.08,-9044.87
r0_f2,2580.59,-5024.25,,202.34,-1045.36,-1141.28,-2206.3,-196.04,-1851.92,-1623.87,1905.36,-4000.22,-1059.1,-1364.52,11,3,-4512.23,-5024.25
r0_f3,1728.0,-307.47,3010.89,-228.74,551.39,-1030.42,-267.98,650.99,-1021.58,-1119.01,-2451.06,279.24,359.23,-507.82,12,5,-1718.43,-2451.06
r0_f4,874.74,-2104.04,-1383.6,-676.3,-339.04,-2649.05,-359.58,1390.25,2938.4,-3075.62,,-621.78,-1068.15,-381.59,11,3,-2862.34,-3075.62
r0_f5,729.87,-3027.98,-605.41,-174.11,-1116.98,1090.38,-1129.66,1391.15,707.74,-1684.74,-2695.55,1158.67,-632.1,-481.09,12,5,-2845.14,-3027.98
r0_f6,1105.93,776.45,2008.08,-367.56,-2290.92,667.41,-647.99,1055.31,2655.74,-2712.83,-3246.29,1787.42,270.04,181.12,12,7,-2952.89,-3246.29
r0_f7,1749.89,-1800.75,-685.05,1197.37,1139.19,-78.06,-2860.74,713.05,64.34,-40.3,-3918.2,2312.39,319.59,-116.82,12,6,-3336.6,-3918.2
r0_f8,,,,,,,2749.64,,,,,,,2815.56,1,1,2749.64,2749.64
union_all8,721.82,-1790.28,-1178.44,753.83,-165.14,-212.32,-202.7,-415.05,-72.51,-935.94,-2404.37,204.63,-238.13,-412.1,12,3,-2066.62,-2404.37
