datetime,stock_code,exchange_code,open,high,low,close,volume
2023-12-29 09:15:00,NIFTY,NSE,21754.0,21770.3,21703.9,21716.2,10819194
2023-12-29 09:20:00,NIFTY,NSE,21714.2,21726.85,21708.15,21712.55,6168101
2023-12-29 09:25:00,NIFTY,NSE,21712.95,21733.6,21709.85,21732.35,4628308
2023-12-29 09:30:00,NIFTY,NSE,21732.4,21762.05,21727.2,21759.5,4716156
2023-12-29 09:35:00,NIFTY,NSE,21758.7,21762.4,21739.55,21743.3,3954351
2023-12-29 09:40:00,NIFTY,NSE,21744.65,21744.65,21728.75,21732.2,2912879
2023-12-29 09:45:00,NIFTY,NSE,21732.55,21739.75,21727.25,21735.85,2970460
2023-12-29 09:50:00,NIFTY,NSE,21734.45,21747.25,21730.8,21743.8,3085219
2023-12-29 09:55:00,NIFTY,NSE,21744.15,21744.15,21722.4,21724.15,3408466
2023-12-29 10:00:00,NIFTY,NSE,21724.15,21744.05,21722.5,21737.6,0
2023-12-29 10:05:00,NIFTY,NSE,21737.05,21737.05,21699.0,21703.45,0
2023-12-29 10:10:00,NIFTY,NSE,21702.7,21705.65,21682.85,21683.3,0
2023-12-29 10:15:00,NIFTY,NSE,21685.9,21699.95,21683.0,21698.5,0
2023-12-29 10:20:00,NIFTY,NSE,21698.55,21716.35,21692.1,21712.25,0
2023-12-29 10:25:00,NIFTY,NSE,21711.4,21716.3,21705.7,21712.1,0
2023-12-29 10:30:00,NIFTY,NSE,21711.5,21725.55,21708.8,21719.85,0
2023-12-29 10:35:00,NIFTY,NSE,21718.55,21727.4,21712.75,21719.6,0
2023-12-29 10:40:00,NIFTY,NSE,21721.05,21722.8,21712.95,21714.4,0
2023-12-29 10:45:00,NIFTY,NSE,21714.15,21730.35,21714.15,21722.55,0
2023-12-29 10:50:00,NIFTY,NSE,21722.7,21728.15,21703.75,21708.0,0
2023-12-29 10:55:00,NIFTY,NSE,21708.6,21713.6,21704.7,21710.65,0
2023-12-29 11:00:00,NIFTY,NSE,21710.85,21716.05,21705.65,21710.1,0
2023-12-29 11:05:00,NIFTY,NSE,21710.3,21716.7,21707.85,21712.6,0
2023-12-29 11:10:00,NIFTY,NSE,21714.95,21721.7,21712.45,21720.05,0
2023-12-29 11:15:00,NIFTY,NSE,21718.85,21732.45,21717.6,21732.2,0
2023-12-29 11:20:00,NIFTY,NSE,21732.2,21735.7,21726.55,21733.85,0
2023-12-29 11:25:00,NIFTY,NSE,21734.85,21735.75,21728.7,21730.5,0
2023-12-29 11:30:00,NIFTY,NSE,21730.5,21739.75,21726.6,21737.8,0
2023-12-29 11:35:00,NIFTY,NSE,21738.3,21745.65,21737.2,21742.35,0
2023-12-29 11:40:00,NIFTY,NSE,21741.55,21741.55,21730.95,21732.95,0
2023-12-29 11:45:00,NIFTY,NSE,21731.9,21736.15,21729.45,21735.2,0
2023-12-29 11:50:00,NIFTY,NSE,21734.65,21739.85,21731.4,21739.6,0
2023-12-29 11:55:00,NIFTY,NSE,21739.1,21750.75,21737.75,21747.3,0
2023-12-29 12:00:00,NIFTY,NSE,21747.0,21749.55,21738.05,21746.65,0
2023-12-29 12:05:00,NIFTY,NSE,21745.85,21748.25,21739.3,21745.55,0
2023-12-29 12:10:00,NIFTY,NSE,21745.2,21746.5,21734.45,21737.9,0
2023-12-29 12:15:00,NIFTY,NSE,21736.95,21746.1,21736.75,21745.2,0
2023-12-29 12:20:00,NIFTY,NSE,21743.75,21752.2,21741.55,21749.7,0
2023-12-29 12:25:00,NIFTY,NSE,21749.05,21750.05,21735.25,21736.2,0
2023-12-29 12:30:00,NIFTY,NSE,21735.25,21735.7,21723.45,21731.65,0
2023-12-29 12:35:00,NIFTY,NSE,21731.75,21734.9,21717.7,21720.2,0
2023-12-29 12:40:00,NIFTY,NSE,21719.8,21722.85,21708.65,21712.0,0
2023-12-29 12:45:00,NIFTY,NSE,21712.1,21722.5,21708.55,21722.5,0
2023-12-29 12:50:00,NIFTY,NSE,21720.35,21722.45,21707.45,21717.8,0
2023-12-29 12:55:00,NIFTY,NSE,21717.1,21718.9,21708.55,21711.3,0
2023-12-29 13:00:00,NIFTY,NSE,21708.95,21732.55,21708.95,21732.5,0
2023-12-29 13:05:00,NIFTY,NSE,21732.65,21739.9,21732.3,21737.3,0
2023-12-29 13:10:00,NIFTY,NSE,21735.95,21742.05,21731.05,21738.75,0
2023-12-29 13:15:00,NIFTY,NSE,21738.1,21743.5,21729.3,21731.35,0
2023-12-29 13:20:00,NIFTY,NSE,21730.05,21736.2,21725.45,21732.95,0
2023-12-29 13:25:00,NIFTY,NSE,21731.95,21735.15,21716.65,21717.6,0
2023-12-29 13:30:00,NIFTY,NSE,21716.65,21726.65,21712.4,21720.4,0
2023-12-29 13:35:00,NIFTY,NSE,21719.5,21726.05,21708.0,21712.4,0
2023-12-29 13:40:00,NIFTY,NSE,21710.4,21725.1,21706.6,21722.95,0
2023-12-29 13:45:00,NIFTY,NSE,21722.2,21728.6,21716.65,21723.15,0
2023-12-29 13:50:00,NIFTY,NSE,21722.7,21727.1,21717.65,21718.7,0
2023-12-29 13:55:00,NIFTY,NSE,21718.4,21722.8,21713.35,21716.9,0
2023-12-29 14:00:00,NIFTY,NSE,21716.25,21728.9,21715.1,21726.4,0
2023-12-29 14:05:00,NIFTY,NSE,21724.95,21728.6,21709.6,21710.35,0
2023-12-29 14:10:00,NIFTY,NSE,21710.2,21713.5,21690.15,21692.2,0
2023-12-29 14:15:00,NIFTY,NSE,21692.9,21697.5,21686.05,21692.7,0
2023-12-29 14:20:00,NIFTY,NSE,21693.0,21699.95,21677.3,21677.3,0
2023-12-29 14:25:00,NIFTY,NSE,21681.7,21697.55,21679.7,21691.25,0
2023-12-29 14:30:00,NIFTY,NSE,21690.15,21708.2,21688.75,21707.5,0
2023-12-29 14:35:00,NIFTY,NSE,21707.85,21718.5,21706.3,21711.5,0
2023-12-29 14:40:00,NIFTY,NSE,21711.25,21717.8,21702.9,21705.65,0
2023-12-29 14:45:00,NIFTY,NSE,21705.65,21718.45,21704.35,21714.5,0
2023-12-29 14:50:00,NIFTY,NSE,21714.4,21727.3,21709.25,21720.2,0
2023-12-29 14:55:00,NIFTY,NSE,21720.4,21737.8,21720.4,21732.85,0
2023-12-29 15:00:00,NIFTY,NSE,21731.25,21758.5,21731.25,21739.1,0
2023-12-29 15:05:00,NIFTY,NSE,21738.75,21747.2,21727.9,21736.0,0
2023-12-29 15:10:00,NIFTY,NSE,21734.6,21739.2,21714.0,21716.3,0
2023-12-29 15:15:00,NIFTY,NSE,21716.75,21733.8,21716.75,21723.3,0
2023-12-29 15:20:00,NIFTY,NSE,21724.15,21726.1,21711.3,21723.65,0
2023-12-29 15:25:00,NIFTY,NSE,21723.35,21739.35,21722.5,21728.3,0
2023-12-29 15:30:00,NIFTY,NSE,21726.45,21731.4,21726.45,21731.4,0
2023-12-29 15:35:00,NIFTY,NSE,21731.4,21731.4,21731.4,21731.4,0
2024-01-01 09:05:00,NIFTY,NSE,21727.75,21727.75,21727.75,21727.75,0
2024-01-01 09:15:00,NIFTY,NSE,21732.15,21737.35,21693.55,21693.75,5961283
2024-01-01 09:20:00,NIFTY,NSE,21693.9,21701.05,21684.75,21695.65,3957491
2024-01-01 09:25:00,NIFTY,NSE,21697.3,21704.1,21693.2,21700.8,2627128
2024-01-01 09:30:00,NIFTY,NSE,21700.15,21705.8,21684.05,21703.05,2488716
2024-01-01 09:35:00,NIFTY,NSE,21702.2,21711.9,21689.7,21689.7,3095548
2024-01-01 09:40:00,NIFTY,NSE,21688.0,21708.45,21685.75,21706.05,2600979
2024-01-01 09:45:00,NIFTY,NSE,21705.4,21720.7,21703.3,21720.45,2501541
2024-01-01 09:50:00,NIFTY,NSE,21719.35,21737.65,21717.65,21731.45,3001768
2024-01-01 09:55:00,NIFTY,NSE,21731.95,21732.85,21720.1,21726.3,2321551
2024-01-01 10:00:00,NIFTY,NSE,21726.6,21732.25,21721.5,21723.0,0
2024-01-01 10:05:00,NIFTY,NSE,21723.5,21727.1,21709.05,21714.55,0
2024-01-01 10:10:00,NIFTY,NSE,21714.65,21714.65,21702.85,21709.65,0
2024-01-01 10:15:00,NIFTY,NSE,21709.6,21719.6,21704.9,21712.25,0
2024-01-01 10:20:00,NIFTY,NSE,21713.1,21716.65,21695.3,21697.65,0
2024-01-01 10:25:00,NIFTY,NSE,21697.15,21714.0,21697.15,21712.5,0
2024-01-01 10:30:00,NIFTY,NSE,21711.4,21719.05,21708.35,21718.5,0
2024-01-01 10:35:00,NIFTY,NSE,21718.75,21723.8,21712.85,21723.75,0
2024-01-01 10:40:00,NIFTY,NSE,21724.15,21730.95,21721.2,21726.75,0
2024-01-01 10:45:00,NIFTY,NSE,21728.45,21738.75,21723.5,21737.8,0
2024-01-01 10:50:00,NIFTY,NSE,21738.3,21741.9,21732.2,21736.95,0
2024-01-01 10:55:00,NIFTY,NSE,21737.2,21739.75,21733.15,21736.15,0
2024-01-01 11:00:00,NIFTY,NSE,21736.75,21742.5,21725.7,21729.55,0
2024-01-01 11:05:00,NIFTY,NSE,21729.4,21739.65,21727.85,21737.3,0
2024-01-01 11:10:00,NIFTY,NSE,21737.15,21742.2,21732.25,21741.25,0
2024-01-01 11:15:00,NIFTY,NSE,21740.95,21746.65,21731.6,21742.1,0
2024-01-01 11:20:00,NIFTY,NSE,21742.05,21745.05,21734.45,21737.55,0
2024-01-01 11:25:00,NIFTY,NSE,21737.5,21746.7,21736.85,21745.85,0
2024-01-01 11:30:00,NIFTY,NSE,21747.05,21748.25,21735.0,21735.55,0
2024-01-01 11:35:00,NIFTY,NSE,21735.3,21737.75,21728.8,21734.15,0
2024-01-01 11:40:00,NIFTY,NSE,21732.45,21740.8,21729.5,21731.25,0
2024-01-01 11:45:00,NIFTY,NSE,21731.1,21732.85,21727.3,21729.8,0
2024-01-01 11:50:00,NIFTY,NSE,21729.75,21740.8,21728.3,21736.55,0
2024-01-01 11:55:00,NIFTY,NSE,21737.45,21737.9,21730.3,21732.7,0
2024-01-01 12:00:00,NIFTY,NSE,21733.05,21734.45,21720.85,21723.95,0
2024-01-01 12:05:00,NIFTY,NSE,21723.15,21730.05,21719.5,21728.8,0
2024-01-01 12:10:00,NIFTY,NSE,21729.0,21743.85,21728.35,21742.5,0
2024-01-01 12:15:00,NIFTY,NSE,21741.15,21746.0,21726.9,21727.15,0
2024-01-01 12:20:00,NIFTY,NSE,21727.95,21728.5,21719.05,21720.6,0
2024-01-01 12:25:00,NIFTY,NSE,21720.35,21723.05,21716.1,21717.15,0
2024-01-01 12:30:00,NIFTY,NSE,21717.75,21726.85,21711.3,21725.95,0
2024-01-01 12:35:00,NIFTY,NSE,21726.6,21732.7,21723.75,21730.4,0
2024-01-01 12:40:00,NIFTY,NSE,21730.45,21735.65,21729.1,21735.2,0
2024-01-01 12:45:00,NIFTY,NSE,21735.55,21748.5,21732.55,21746.7,0
2024-01-01 12:50:00,NIFTY,NSE,21746.55,21750.5,21739.65,21746.8,0
2024-01-01 12:55:00,NIFTY,NSE,21746.25,21747.4,21737.5,21741.35,0
2024-01-01 13:00:00,NIFTY,NSE,21741.75,21745.95,21737.1,21741.7,0
2024-01-01 13:05:00,NIFTY,NSE,21742.05,21745.5,21736.9,21738.9,0
2024-01-01 13:10:00,NIFTY,NSE,21739.45,21741.1,21733.3,21737.95,0
2024-01-01 13:15:00,NIFTY,NSE,21737.75,21745.4,21736.75,21740.0,0
2024-01-01 13:20:00,NIFTY,NSE,21739.45,21743.95,21737.75,21739.2,0
2024-01-01 13:25:00,NIFTY,NSE,21739.15,21753.0,21738.65,21751.95,0
2024-01-01 13:30:00,NIFTY,NSE,21752.5,21755.5,21744.5,21746.25,0
2024-01-01 13:35:00,NIFTY,NSE,21746.7,21750.9,21744.35,21746.85,0
2024-01-01 13:40:00,NIFTY,NSE,21746.45,21750.55,21741.2,21742.7,0
2024-01-01 13:45:00,NIFTY,NSE,21744.15,21755.7,21742.55,21754.8,0
2024-01-01 13:50:00,NIFTY,NSE,21756.15,21762.55,21749.8,21755.15,0
2024-01-01 13:55:00,NIFTY,NSE,21754.4,21769.95,21750.75,21764.85,0
2024-01-01 14:00:00,NIFTY,NSE,21763.9,21783.8,21763.9,21779.45,0
2024-01-01 14:05:00,NIFTY,NSE,21778.9,21788.8,21775.45,21779.7,0
2024-01-01 14:10:00,NIFTY,NSE,21780.15,21793.7,21775.4,21792.65,0
2024-01-01 14:15:00,NIFTY,NSE,21792.2,21800.95,21788.75,21792.0,0
2024-01-01 14:20:00,NIFTY,NSE,21793.45,21798.55,21786.0,21792.2,0
2024-01-01 14:25:00,NIFTY,NSE,21791.75,21796.7,21785.75,21794.25,0
2024-01-01 14:30:00,NIFTY,NSE,21794.0,21800.1,21789.9,21795.2,0
2024-01-01 14:35:00,NIFTY,NSE,21794.8,21800.3,21787.5,21788.85,0
2024-01-01 14:40:00,NIFTY,NSE,21788.2,21818.95,21788.15,21817.3,0
2024-01-01 14:45:00,NIFTY,NSE,21816.3,21827.05,21811.0,21826.7,0
2024-01-01 14:50:00,NIFTY,NSE,21827.05,21832.4,21819.9,21819.9,0
2024-01-01 14:55:00,NIFTY,NSE,21820.0,21824.1,21817.2,21822.85,0
2024-01-01 15:00:00,NIFTY,NSE,21823.05,21831.35,21797.75,21801.75,0
2024-01-01 15:05:00,NIFTY,NSE,21803.0,21803.8,21754.15,21755.55,0
2024-01-01 15:10:00,NIFTY,NSE,21754.4,21757.45,21719.9,21725.3,0
2024-01-01 15:15:00,NIFTY,NSE,21725.95,21736.25,21720.55,21724.85,0
2024-01-01 15:20:00,NIFTY,NSE,21725.3,21726.5,21682.75,21684.9,0
2024-01-01 15:25:00,NIFTY,NSE,21684.05,21692.0,21682.8,21689.45,0
2024-01-01 15:30:00,NIFTY,NSE,21685.35,21741.9,21685.35,21741.9,0
2024-01-01 15:35:00,NIFTY,NSE,21741.9,21741.9,21741.9,21741.9,0
2024-01-02 09:05:00,NIFTY,NSE,21751.35,21751.35,21751.35,21751.35,0
2024-01-02 09:10:00,NIFTY,NSE,21751.35,21751.35,21751.35,21751.35,0
2024-01-02 09:15:00,NIFTY,NSE,21751.35,21752.45,21702.95,21722.95,0
2024-01-02 09:20:00,NIFTY,NSE,21722.45,21726.6,21705.4,21705.4,0
2024-01-02 09:25:00,NIFTY,NSE,21705.9,21733.2,21699.6,21731.9,0
2024-01-02 09:30:00,NIFTY,NSE,21730.7,21733.25,21713.2,21721.4,0
2024-01-02 09:35:00,NIFTY,NSE,21721.3,21735.15,21712.25,21735.0,0
2024-01-02 09:40:00,NIFTY,NSE,21734.3,21743.8,21731.25,21736.9,0
2024-01-02 09:45:00,NIFTY,NSE,21738.4,21739.45,21726.95,21735.85,0
2024-01-02 09:50:00,NIFTY,NSE,21737.15,21737.15,21712.0,21712.0,0
2024-01-02 09:55:00,NIFTY,NSE,21711.9,21713.15,21629.8,21636.8,0
2024-01-02 10:00:00,NIFTY,NSE,21636.05,21660.2,21627.4,21650.9,0
2024-01-02 10:05:00,NIFTY,NSE,21651.85,21676.55,21651.85,21663.95,0
2024-01-02 10:10:00,NIFTY,NSE,21663.65,21666.75,21646.85,21661.75,0
2024-01-02 10:15:00,NIFTY,NSE,21660.9,21668.75,21652.85,21657.25,0
2024-01-02 10:20:00,NIFTY,NSE,21656.65,21662.2,21626.0,21626.0,0
2024-01-02 10:25:00,NIFTY,NSE,21625.4,21625.95,21608.45,21608.65,0
2024-01-02 10:30:00,NIFTY,NSE,21609.45,21631.95,21606.1,21609.3,0
2024-01-02 10:35:00,NIFTY,NSE,21608.4,21609.0,21567.85,21568.6,0
2024-01-02 10:40:00,NIFTY,NSE,21567.35,21594.95,21557.5,21590.1,0
2024-01-02 10:45:00,NIFTY,NSE,21590.95,21610.75,21582.0,21609.85,0
2024-01-02 10:50:00,NIFTY,NSE,21610.35,21615.25,21596.6,21613.0,0
2024-01-02 10:55:00,NIFTY,NSE,21613.3,21621.1,21596.5,21615.95,0
2024-01-02 11:00:00,NIFTY,NSE,21616.3,21620.5,21602.05,21605.75,0
2024-01-02 11:05:00,NIFTY,NSE,21607.15,21607.15,21590.6,21598.85,0
2024-01-02 11:10:00,NIFTY,NSE,21598.8,21598.8,21584.85,21588.4,0
2024-01-02 11:15:00,NIFTY,NSE,21587.55,21587.8,21571.95,21581.45,0
2024-01-02 11:20:00,NIFTY,NSE,21581.15,21606.0,21580.0,21602.65,0
2024-01-02 11:25:00,NIFTY,NSE,21603.4,21606.5,21593.8,21599.35,0
2024-01-02 11:30:00,NIFTY,NSE,21600.0,21603.45,21587.0,21591.4,0
2024-01-02 11:35:00,NIFTY,NSE,21591.25,21613.45,21581.05,21608.3,0
2024-01-02 11:40:00,NIFTY,NSE,21608.7,21612.55,21581.65,21597.7,0
2024-01-02 11:45:00,NIFTY,NSE,21598.25,21598.25,21588.35,21588.35,0
2024-01-02 11:50:00,NIFTY,NSE,21588.8,21606.15,21586.5,21604.6,0
2024-01-02 11:55:00,NIFTY,NSE,21605.45,21605.55,21596.8,21602.6,0
2024-01-02 12:00:00,NIFTY,NSE,21602.0,21613.5,21602.0,21603.05,0
2024-01-02 12:05:00,NIFTY,NSE,21602.9,21616.15,21600.25,21614.9,0
2024-01-02 12:10:00,NIFTY,NSE,21614.95,21620.45,21609.8,21612.4,0
2024-01-02 12:15:00,NIFTY,NSE,21613.7,21642.6,21613.5,21639.2,0
2024-01-02 12:20:00,NIFTY,NSE,21639.05,21640.7,21624.7,21634.3,0
2024-01-02 12:25:00,NIFTY,NSE,21633.25,21635.8,21627.35,21627.35,0
2024-01-02 12:30:00,NIFTY,NSE,21627.4,21642.25,21626.8,21641.4,0
2024-01-02 12:35:00,NIFTY,NSE,21641.7,21648.7,21638.35,21641.65,0
2024-01-02 12:40:00,NIFTY,NSE,21641.45,21649.05,21637.1,21640.6,0
2024-01-02 12:45:00,NIFTY,NSE,21641.05,21644.0,21631.4,21632.0,0
2024-01-02 12:50:00,NIFTY,NSE,21632.2,21641.1,21627.9,21637.95,0
2024-01-02 12:55:00,NIFTY,NSE,21638.25,21640.6,21621.3,21627.75,0
2024-01-02 13:00:00,NIFTY,NSE,21627.35,21628.6,21601.7,21609.1,0
2024-01-02 13:05:00,NIFTY,NSE,21607.95,21629.3,21607.95,21618.3,0
2024-01-02 13:10:00,NIFTY,NSE,21618.05,21625.65,21612.6,21613.9,0
2024-01-02 13:15:00,NIFTY,NSE,21613.95,21625.45,21613.4,21618.75,0
2024-01-02 13:20:00,NIFTY,NSE,21618.65,21622.35,21611.15,21621.75,0
2024-01-02 13:25:00,NIFTY,NSE,21622.35,21626.8,21614.9,21621.8,0
2024-01-02 13:30:00,NIFTY,NSE,21622.35,21638.8,21621.4,21637.8,0
2024-01-02 13:35:00,NIFTY,NSE,21637.25,21641.8,21629.0,21631.6,0
2024-01-02 13:40:00,NIFTY,NSE,21631.5,21642.4,21629.3,21632.7,0
2024-01-02 13:45:00,NIFTY,NSE,21631.8,21635.65,21627.75,21633.4,0
2024-01-02 13:50:00,NIFTY,NSE,21631.9,21639.1,21625.25,21635.0,0
2024-01-02 13:55:00,NIFTY,NSE,21634.05,21634.9,21625.95,21628.5,0
2024-01-02 14:00:00,NIFTY,NSE,21627.8,21636.7,21624.55,21629.95,0
2024-01-02 14:05:00,NIFTY,NSE,21629.75,21644.05,21628.65,21643.85,0
2024-01-02 14:10:00,NIFTY,NSE,21645.2,21668.35,21645.2,21662.35,0
2024-01-02 14:15:00,NIFTY,NSE,21662.6,21663.35,21633.0,21638.8,0
2024-01-02 14:20:00,NIFTY,NSE,21638.5,21653.55,21638.5,21648.5,0
2024-01-02 14:25:00,NIFTY,NSE,21648.55,21652.2,21642.8,21651.75,0
2024-01-02 14:30:00,NIFTY,NSE,21651.3,21662.85,21651.3,21662.4,0
2024-01-02 14:35:00,NIFTY,NSE,21661.85,21681.5,21655.95,21681.1,0
2024-01-02 14:40:00,NIFTY,NSE,21680.55,21687.55,21668.1,21670.3,0
2024-01-02 14:45:00,NIFTY,NSE,21670.1,21685.45,21669.1,21676.05,0
2024-01-02 14:50:00,NIFTY,NSE,21676.15,21679.2,21659.25,21659.55,0
2024-01-02 14:55:00,NIFTY,NSE,21660.35,21669.95,21658.45,21661.3,0
2024-01-02 15:00:00,NIFTY,NSE,21657.2,21690.75,21657.2,21688.95,0
2024-01-02 15:05:00,NIFTY,NSE,21690.2,21692.7,21647.05,21653.05,0
2024-01-02 15:10:00,NIFTY,NSE,21652.75,21662.1,21642.8,21661.05,0
2024-01-02 15:15:00,NIFTY,NSE,21661.55,21672.55,21658.9,21664.8,0
2024-01-02 15:20:00,NIFTY,NSE,21665.35,21673.6,21663.4,21665.35,0
2024-01-02 15:25:00,NIFTY,NSE,21667.3,21667.85,21657.0,21661.5,0
2024-01-02 15:30:00,NIFTY,NSE,21660.25,21665.8,21660.25,21665.8,0
2024-01-02 15:35:00,NIFTY,NSE,21665.8,21665.8,21665.8,21665.8,0
2024-01-03 09:05:00,NIFTY,NSE,21661.1,21661.1,21661.1,21661.1,0
2024-01-03 09:10:00,NIFTY,NSE,21661.1,21661.1,21661.1,21661.1,0
2024-01-03 09:15:00,NIFTY,NSE,21661.1,21672.15,21597.25,21617.05,0
2024-01-03 09:20:00,NIFTY,NSE,21617.05,21625.95,21604.8,21611.6,0
2024-01-03 09:25:00,NIFTY,NSE,21612.6,21633.2,21611.6,21624.35,0
2024-01-03 09:30:00,NIFTY,NSE,21624.65,21630.1,21609.95,21611.2,0
2024-01-03 09:35:00,NIFTY,NSE,21609.55,21615.75,21578.6,21584.35,0
2024-01-03 09:40:00,NIFTY,NSE,21584.95,21586.15,21560.0,21561.05,0
2024-01-03 09:45:00,NIFTY,NSE,21559.65,21575.3,21556.95,21574.55,0
2024-01-03 09:50:00,NIFTY,NSE,21572.85,21589.55,21568.1,21583.3,0
2024-01-03 09:55:00,NIFTY,NSE,21583.3,21595.65,21577.15,21588.25,0
2024-01-03 10:00:00,NIFTY,NSE,21589.2,21596.8,21566.45,21584.4,0
2024-01-03 10:05:00,NIFTY,NSE,21585.15,21589.7,21564.85,21585.85,0
2024-01-03 10:10:00,NIFTY,NSE,21586.45,21594.1,21581.4,21586.4,0
2024-01-03 10:15:00,NIFTY,NSE,21585.8,21589.0,21561.35,21563.05,0
2024-01-03 10:20:00,NIFTY,NSE,21560.95,21560.95,21539.45,21548.25,0
2024-01-03 10:25:00,NIFTY,NSE,21549.55,21574.9,21549.55,21561.55,0
2024-01-03 10:30:00,NIFTY,NSE,21561.05,21576.2,21560.65,21575.5,0
2024-01-03 10:35:00,NIFTY,NSE,21577.3,21589.45,21571.05,21579.05,0
2024-01-03 10:40:00,NIFTY,NSE,21578.0,21581.4,21556.0,21562.7,0
2024-01-03 10:45:00,NIFTY,NSE,21561.45,21564.65,21549.95,21558.5,0
2024-01-03 10:50:00,NIFTY,NSE,21558.15,21564.5,21549.45,21563.05,0
2024-01-03 10:55:00,NIFTY,NSE,21562.45,21574.0,21562.45,21563.25,0
2024-01-03 11:00:00,NIFTY,NSE,21563.7,21570.15,21556.55,21566.1,0
2024-01-03 11:05:00,NIFTY,NSE,21565.95,21574.75,21562.4,21567.45,0
2024-01-03 11:10:00,NIFTY,NSE,21567.75,21571.35,21560.0,21567.55,0
2024-01-03 11:15:00,NIFTY,NSE,21567.95,21575.85,21560.15,21575.35,0
2024-01-03 11:20:00,NIFTY,NSE,21573.8,21580.3,21570.8,21572.95,0
2024-01-03 11:25:00,NIFTY,NSE,21573.8,21577.05,21562.1,21562.8,0
2024-01-03 11:30:00,NIFTY,NSE,21562.75,21565.75,21548.15,21557.75,0
2024-01-03 11:35:00,NIFTY,NSE,21558.55,21566.0,21554.75,21563.25,0
2024-01-03 11:40:00,NIFTY,NSE,21563.95,21575.25,21562.5,21574.15,0
2024-01-03 11:45:00,NIFTY,NSE,21574.75,21588.6,21573.8,21586.0,0
2024-01-03 11:50:00,NIFTY,NSE,21587.05,21591.45,21582.05,21582.15,0
2024-01-03 11:55:00,NIFTY,NSE,21582.95,21583.3,21570.35,21574.5,0
2024-01-03 12:00:00,NIFTY,NSE,21575.25,21583.0,21569.95,21572.4,0
2024-01-03 12:05:00,NIFTY,NSE,21573.1,21576.35,21557.0,21560.95,0
2024-01-03 12:10:00,NIFTY,NSE,21561.65,21570.0,21558.55,21569.15,0
2024-01-03 12:15:00,NIFTY,NSE,21570.3,21576.5,21562.25,21572.95,0
2024-01-03 12:20:00,NIFTY,NSE,21572.8,21574.1,21528.15,21528.45,0
2024-01-03 12:25:00,NIFTY,NSE,21529.15,21536.7,21521.3,21533.25,0
2024-01-03 12:30:00,NIFTY,NSE,21533.8,21540.05,21521.5,21533.95,0
2024-01-03 12:35:00,NIFTY,NSE,21534.95,21544.7,21530.7,21541.25,0
2024-01-03 12:40:00,NIFTY,NSE,21541.7,21550.6,21537.2,21547.7,0
2024-01-03 12:45:00,NIFTY,NSE,21548.05,21548.05,21539.7,21546.35,0
2024-01-03 12:50:00,NIFTY,NSE,21546.8,21558.8,21542.3,21557.15,0
2024-01-03 12:55:00,NIFTY,NSE,21558.05,21563.9,21554.6,21562.0,0
2024-01-03 13:00:00,NIFTY,NSE,21563.45,21572.85,21560.25,21572.1,0
2024-01-03 13:05:00,NIFTY,NSE,21571.5,21573.85,21563.85,21565.65,0
2024-01-03 13:10:00,NIFTY,NSE,21566.5,21573.65,21563.15,21571.7,0
2024-01-03 13:15:00,NIFTY,NSE,21572.3,21580.05,21566.8,21568.3,0
2024-01-03 13:20:00,NIFTY,NSE,21568.5,21574.55,21565.8,21573.2,0
2024-01-03 13:25:00,NIFTY,NSE,21574.15,21577.6,21568.25,21572.15,0
2024-01-03 13:30:00,NIFTY,NSE,21572.65,21575.95,21556.65,21567.6,0
2024-01-03 13:35:00,NIFTY,NSE,21568.35,21581.25,21565.25,21579.5,0
2024-01-03 13:40:00,NIFTY,NSE,21580.1,21583.15,21571.5,21571.55,0
2024-01-03 13:45:00,NIFTY,NSE,21572.7,21577.6,21562.0,21576.0,0
2024-01-03 13:50:00,NIFTY,NSE,21576.35,21578.45,21568.1,21572.05,0
2024-01-03 13:55:00,NIFTY,NSE,21572.35,21574.55,21561.0,21566.55,0
2024-01-03 14:00:00,NIFTY,NSE,21567.5,21578.5,21567.3,21578.1,0
2024-01-03 14:05:00,NIFTY,NSE,21579.0,21584.4,21576.3,21581.5,0
2024-01-03 14:10:00,NIFTY,NSE,21582.35,21582.65,21571.5,21572.05,0
2024-01-03 14:15:00,NIFTY,NSE,21571.85,21572.15,21554.5,21557.2,0
2024-01-03 14:20:00,NIFTY,NSE,21556.85,21567.05,21549.25,21560.85,0
2024-01-03 14:25:00,NIFTY,NSE,21560.05,21563.05,21550.85,21555.05,0
2024-01-03 14:30:00,NIFTY,NSE,21555.4,21560.4,21547.55,21548.5,0
2024-01-03 14:35:00,NIFTY,NSE,21549.4,21549.4,21531.75,21535.6,0
2024-01-03 14:40:00,NIFTY,NSE,21537.55,21550.15,21530.45,21542.95,0
2024-01-03 14:45:00,NIFTY,NSE,21542.9,21553.2,21539.1,21541.9,0
2024-01-03 14:50:00,NIFTY,NSE,21543.2,21567.15,21540.7,21566.15,0
2024-01-03 14:55:00,NIFTY,NSE,21565.8,21567.25,21555.25,21559.5,0
2024-01-03 15:00:00,NIFTY,NSE,21561.9,21564.05,21528.55,21531.4,0
2024-01-03 15:05:00,NIFTY,NSE,21532.15,21532.65,21509.95,21517.5,0
2024-01-03 15:10:00,NIFTY,NSE,21519.35,21524.8,21512.0,21515.1,0
2024-01-03 15:15:00,NIFTY,NSE,21515.85,21517.25,21501.5,21512.75,0
2024-01-03 15:20:00,NIFTY,NSE,21512.25,21520.1,21506.45,21515.5,0
2024-01-03 15:25:00,NIFTY,NSE,21514.75,21528.3,21513.9,21523.7,0
2024-01-03 15:30:00,NIFTY,NSE,21526.15,21526.15,21517.35,21517.35,0
2024-01-03 15:35:00,NIFTY,NSE,21517.35,21517.35,21517.35,21517.35,0
2024-01-04 09:05:00,NIFTY,NSE,21605.8,21605.8,21605.8,21605.8,0
2024-01-04 09:10:00,NIFTY,NSE,21605.8,21605.8,21605.8,21605.8,0
2024-01-04 09:15:00,NIFTY,NSE,21605.8,21611.9,21569.25,21600.4,0
2024-01-04 09:20:00,NIFTY,NSE,21602.55,21615.05,21602.55,21609.65,0
2024-01-04 09:25:00,NIFTY,NSE,21610.15,21623.45,21605.85,21619.65,0
2024-01-04 09:30:00,NIFTY,NSE,21618.6,21624.3,21598.5,21598.95,0
2024-01-04 09:35:00,NIFTY,NSE,21599.35,21621.25,21596.15,21610.9,0
2024-01-04 09:40:00,NIFTY,NSE,21611.75,21612.45,21604.5,21611.55,0
2024-01-04 09:45:00,NIFTY,NSE,21610.95,21617.05,21597.75,21602.35,0
2024-01-04 09:50:00,NIFTY,NSE,21603.25,21613.25,21591.75,21603.35,0
2024-01-04 09:55:00,NIFTY,NSE,21602.8,21612.25,21598.95,21602.25,0
2024-01-04 10:00:00,NIFTY,NSE,21601.8,21618.8,21601.8,21618.1,0
2024-01-04 10:05:00,NIFTY,NSE,21619.35,21622.65,21612.65,21617.3,0
2024-01-04 10:10:00,NIFTY,NSE,21618.4,21633.65,21614.9,21631.5,0
2024-01-04 10:15:00,NIFTY,NSE,21631.3,21643.3,21631.25,21639.75,0
2024-01-04 10:20:00,NIFTY,NSE,21640.25,21649.05,21632.25,21633.8,0
2024-01-04 10:25:00,NIFTY,NSE,21634.35,21636.65,21628.5,21636.6,0
2024-01-04 10:30:00,NIFTY,NSE,21637.0,21640.15,21633.95,21639.0,0
2024-01-04 10:35:00,NIFTY,NSE,21639.15,21644.25,21633.6,21640.05,0
2024-01-04 10:40:00,NIFTY,NSE,21639.7,21642.4,21636.05,21636.65,0
2024-01-04 10:45:00,NIFTY,NSE,21637.65,21641.4,21630.35,21630.4,0
2024-01-04 10:50:00,NIFTY,NSE,21631.45,21632.45,21626.7,21631.4,0
2024-01-04 10:55:00,NIFTY,NSE,21630.8,21636.1,21630.8,21635.1,0
2024-01-04 11:00:00,NIFTY,NSE,21634.65,21645.0,21633.75,21639.25,0
2024-01-04 11:05:00,NIFTY,NSE,21639.2,21652.55,21639.2,21647.75,0
2024-01-04 11:10:00,NIFTY,NSE,21648.45,21652.95,21647.05,21650.75,0
2024-01-04 11:15:00,NIFTY,NSE,21650.5,21658.75,21640.6,21644.95,0
2024-01-04 11:20:00,NIFTY,NSE,21644.8,21649.8,21643.8,21648.55,0
2024-01-04 11:25:00,NIFTY,NSE,21648.2,21649.7,21642.4,21646.25,0
2024-01-04 11:30:00,NIFTY,NSE,21645.65,21650.6,21637.7,21640.3,0
2024-01-04 11:35:00,NIFTY,NSE,21640.85,21646.35,21635.75,21641.35,0
2024-01-04 11:40:00,NIFTY,NSE,21641.25,21647.3,21639.4,21641.55,0
2024-01-04 11:45:00,NIFTY,NSE,21641.75,21647.7,21640.5,21645.65,0
2024-01-04 11:50:00,NIFTY,NSE,21645.45,21647.8,21641.15,21642.85,0
2024-01-04 11:55:00,NIFTY,NSE,21642.65,21645.4,21639.1,21643.9,0
2024-01-04 12:00:00,NIFTY,NSE,21643.8,21650.45,21641.15,21647.6,0
2024-01-04 12:05:00,NIFTY,NSE,21647.85,21647.85,21639.85,21643.35,0
2024-01-04 12:10:00,NIFTY,NSE,21642.6,21646.5,21640.65,21642.1,0
2024-01-04 12:15:00,NIFTY,NSE,21642.8,21646.95,21641.0,21645.0,0
2024-01-04 12:20:00,NIFTY,NSE,21644.85,21663.05,21643.95,21662.95,0
2024-01-04 12:25:00,NIFTY,NSE,21663.0,21667.1,21658.9,21665.65,0
2024-01-04 12:30:00,NIFTY,NSE,21665.6,21667.45,21659.4,21660.7,0
2024-01-04 12:35:00,NIFTY,NSE,21660.6,21668.2,21658.3,21666.3,0
2024-01-04 12:40:00,NIFTY,NSE,21666.1,21667.65,21662.35,21667.15,0
2024-01-04 12:45:00,NIFTY,NSE,21665.55,21668.8,21662.05,21663.75,0
2024-01-04 12:50:00,NIFTY,NSE,21662.75,21668.75,21659.4,21667.05,0
2024-01-04 12:55:00,NIFTY,NSE,21666.4,21668.25,21658.05,21659.2,0
2024-01-04 13:00:00,NIFTY,NSE,21658.65,21666.25,21657.85,21664.05,0
2024-01-04 13:05:00,NIFTY,NSE,21663.45,21669.5,21661.9,21668.0,0
2024-01-04 13:10:00,NIFTY,NSE,21666.7,21671.9,21665.25,21668.45,0
2024-01-04 13:15:00,NIFTY,NSE,21667.85,21669.8,21660.4,21663.15,0
2024-01-04 13:20:00,NIFTY,NSE,21662.05,21665.65,21659.75,21663.1,0
2024-01-04 13:25:00,NIFTY,NSE,21662.7,21667.8,21656.5,21659.65,0
2024-01-04 13:30:00,NIFTY,NSE,21658.65,21660.15,21651.3,21654.6,0
2024-01-04 13:35:00,NIFTY,NSE,21654.9,21668.55,21651.85,21668.05,0
2024-01-04 13:40:00,NIFTY,NSE,21667.8,21673.9,21664.9,21665.9,0
2024-01-04 13:45:00,NIFTY,NSE,21665.45,21670.4,21660.8,21669.85,0
2024-01-04 13:50:00,NIFTY,NSE,21669.45,21670.4,21661.75,21662.55,0
2024-01-04 13:55:00,NIFTY,NSE,21662.35,21666.15,21655.1,21660.6,0
2024-01-04 14:00:00,NIFTY,NSE,21659.7,21660.55,21648.9,21652.05,0
2024-01-04 14:05:00,NIFTY,NSE,21652.55,21659.1,21650.8,21657.85,0
2024-01-04 14:10:00,NIFTY,NSE,21657.7,21666.15,21654.35,21654.7,0
2024-01-04 14:15:00,NIFTY,NSE,21654.95,21659.05,21647.95,21656.6,0
2024-01-04 14:20:00,NIFTY,NSE,21655.95,21660.1,21650.3,21651.9,0
2024-01-04 14:25:00,NIFTY,NSE,21651.8,21652.8,21638.65,21649.0,0
2024-01-04 14:30:00,NIFTY,NSE,21648.8,21656.05,21642.6,21644.75,0
2024-01-04 14:35:00,NIFTY,NSE,21644.65,21649.45,21642.1,21645.9,0
2024-01-04 14:40:00,NIFTY,NSE,21645.95,21650.6,21642.9,21644.7,0
2024-01-04 14:45:00,NIFTY,NSE,21645.15,21653.15,21643.25,21651.4,0
2024-01-04 14:50:00,NIFTY,NSE,21651.4,21653.5,21645.4,21650.05,0
2024-01-04 14:55:00,NIFTY,NSE,21650.25,21652.4,21646.1,21650.3,0
2024-01-04 15:00:00,NIFTY,NSE,21651.35,21663.9,21645.7,21651.55,0
2024-01-04 15:05:00,NIFTY,NSE,21651.15,21662.3,21644.1,21645.25,0
2024-01-04 15:10:00,NIFTY,NSE,21645.4,21662.15,21643.5,21651.75,0
2024-01-04 15:15:00,NIFTY,NSE,21651.1,21664.2,21650.0,21658.65,0
2024-01-04 15:20:00,NIFTY,NSE,21658.25,21676.05,21656.4,21666.85,0
2024-01-04 15:25:00,NIFTY,NSE,21665.25,21684.8,21661.7,21669.6,0
2024-01-04 15:30:00,NIFTY,NSE,21668.6,21668.6,21658.6,21658.6,0
